"Model","Question ID","Question","Expected Chunk ID","Relevance","Source ID","Chunk Index","Citation","Pages","Headings","Source Locator","Expected Evidence","Expected Answer"
"bge-m3","bmo-retrieval-001","What entities are included when the stress-test disclosure refers to the Companies?","bmo-44473ae94563f55097cb","3","2026BFCBBNAStressTest","1","data/raw/2026BFCBBNAStressTest.pdf, p. 2","2","Overview","data/raw/2026BFCBBNAStressTest.pdf","BMO Financial Corp. (BFC), a U.S. Intermediate Holding Company (IHC), is a wholly-owned subsidiary of Bank of Montreal (BMO) and is regulated by the Board of Governors of the Federal Reserve System (FRB). BFC's wholly-owned principal banking subsidiary, BMO Bank N.A. (BBNA), is regulated by the Office of the Comptroller of the Currency (OCC) and the Federal Deposit Insurance Corporation. BFC and BBNA are collectively referred to as ""the Companies.""","BMO Financial Corp. (BFC), a U.S. Intermediate Holding Company (IHC), is a wholly-owned subsidiary of Bank of Montreal (BMO) and is regulated by the Board of Governors of the Federal Reserve System (FRB). BFC's wholly-owned principal banking subsidiary, BMO Bank N.A. (BBNA), is regulated by the Office of the Comptroller of the Currency (OCC) and the Federal Deposit Insurance Corporation. BFC and BBNA are…"
"bge-m3","bmo-retrieval-002","How severe is the housing and commercial-real-estate shock in the 2026 severely adverse scenario?","bmo-631d9d3b243acfdd2199","3","2026BFCBBNAStressTest","10","data/raw/2026BFCBBNAStressTest.pdf, p. 3","3","Scenario Overview","data/raw/2026BFCBBNAStressTest.pdf","The 2026 Supervisory Severely Adverse scenario features a sharp deterioration in economic and financial conditions, including a rise in U.S. unemployment to about 10%, heightened market volatility, and significant asset price decline, for instance taking roughly a 30% drop in housing prices and a 39% decline in commercial real estate prices. Corporate bond spreads widen substantially, reflecting tighter financial conditions. Additionally, banks with large trading operations must incorporate global market shocks and the potential default of major counterparties, ensuring that trading and…","The 2026 Supervisory Severely Adverse scenario features a sharp deterioration in economic and financial conditions, including a rise in U.S. unemployment to about 10%, heightened market volatility, and significant asset price decline, for instance taking roughly a 30% drop in housing prices and a 39% decline in commercial real estate prices. Corporate bond spreads widen substantially, reflecting tighter financial…"
"bge-m3","bmo-retrieval-003","What were BFC's actual and minimum stressed CET1 capital ratios through Q1 2028?","bmo-ab2c02839076b6601971","3","2026BFCBBNAStressTest","11","data/raw/2026BFCBBNAStressTest.pdf, p. 3","3","Scenario Estimates","data/raw/2026BFCBBNAStressTest.pdf","BFC/BBNA Projected Stressed Capital Ratios through Q1 2028 Ratio BFC BBNA Actual Q4 2025 Stressed Capital Ratios † Actual Q4 2025 Stressed Capital Ratios Ending Minimum Ending Minimum Common Equity Tier 1 capital ratio 14.0% 12.0% 12.0% 14.7% 13.7% 13.7% Tier 1 risk-based capital ratio 14.7% 12.8% 12.8% 14.8% 13.8% 13.7% Total risk-based capital ratio 16.3% 14.2% 14.2% 16.0% 15.0% 15.0% Tier 1 Leverage ratio 11.3% 9.7% 9.7% 11.1% 10.5% 10.3% Supplementary Leverage Ratio 9.1% 8.4% 8.4% 9.5% 9.1% 9.1%","BFC/BBNA Projected Stressed Capital Ratios through Q1 2028 Ratio BFC BBNA Actual Q4 2025 Stressed Capital Ratios † Actual Q4 2025 Stressed Capital Ratios Ending Minimum Ending Minimum Common Equity Tier 1 capital ratio 14.0% 12.0% 12.0% 14.7% 13.7% 13.7% Tier 1 risk-based capital ratio 14.7% 12.8% 12.8% 14.8% 13.8% 13.7% Total risk-based capital ratio 16.3% 14.2% 14.2% 16.0% 15.0% 15.0% Tier 1 Leverage ratio 11.3%…"
"bge-m3","bmo-retrieval-004","Which major risk types are captured in the Companies' capital adequacy stress test?","bmo-d7d66dabab50189c6d3c","3","2026BFCBBNAStressTest","19","data/raw/2026BFCBBNAStressTest.pdf, p. 6","6","Material Risks Captured in the Stress Test","data/raw/2026BFCBBNAStressTest.pdf","- Credit and Counterparty Risk: Credit and counterparty risk is the potential for loss due to the failure of a borrower, endorser, guarantor, or counterparty to repay a loan or honor another predetermined financial obligation. Credit and counterparty risk underlies every lending activity that the Companies enter into, and also arises in the transacting of trading and other capital markets products and the holding of investment securities. - Market Risk: Market risk is the risk to an institution's capital and earnings arising from adverse changes in market variables that affect the…","- Credit and Counterparty Risk: Credit and counterparty risk is the potential for loss due to the failure of a borrower, endorser, guarantor, or counterparty to repay a loan or honor another predetermined financial obligation. Credit and counterparty risk underlies every lending activity that the Companies enter into, and also arises in the transacting of trading and other capital markets products and the holding of…"
"bge-m3","bmo-retrieval-005","What powers can CDIC exercise if BMO has ceased or is about to cease to be viable?","bmo-e903ed7aea90771fca6a","3","Bail_In_TLAC_Disclosure","0","data/raw/Bail_In_TLAC_Disclosure.pdf, p. 1","1","Canadian Bank Resolution Powers Including Bail-in","data/raw/Bail_In_TLAC_Disclosure.pdf","Under Canadian bank resolution powers, the Canada Deposit Insurance Corporation (' CDIC ') may, in circumstances where the Bank has ceased, or is about to cease, to be viable, assume temporary control or ownership of the Bank and may be granted broad powers by one or more orders of the Governor in Council ( Canada ), each of which we refer to as an ' Order ,' including the power to sell or dispose of all or a part of the assets of the Bank, and the power to carry out or cause the Bank to carry out a transaction or a series of transactions the purpose of which is to restructure the business of…","Under Canadian bank resolution powers, the Canada Deposit Insurance Corporation (' CDIC ') may, in circumstances where the Bank has ceased, or is about to cease, to be viable, assume temporary control or ownership of the Bank and may be granted broad powers by one or more orders of the Governor in Council ( Canada ), each of which we refer to as an ' Order ,' including the power to sell or dispose of all or a part…"
"bge-m3","bmo-retrieval-006","Who determines the timing and terms of a bail-in conversion?","bmo-b7fd74405d08fed93eb6","3","Bail_In_TLAC_Disclosure","32","data/raw/Bail_In_TLAC_Disclosure.pdf, p. 6","6","The number of common shares to be issued in connection with, and the number of common shares that will be outstanding following, a bail-in conversion are unknown. It is also unknown whether the shares to be issued will be those of the Bank or one of its affiliates.","data/raw/Bail_In_TLAC_Disclosure.pdf","Under the bail-in regime there is no fixed and pre-determined contractual conversion ratio for the conversion of the bail-inable notes, or other shares or liabilities of the Bank that are subject to a bail-in conversion, into common shares of the Bank or any of its affiliates, nor are there specific requirements regarding whether liabilities subject to a bail-in conversion are converted into common shares of the Bank or any of its affiliates. CDIC determines the timing of the bail-in conversion, the portion of bail-inable shares and liabilities to be converted and the terms and conditions of…","Under the bail-in regime there is no fixed and pre-determined contractual conversion ratio for the conversion of the bail-inable notes, or other shares or liabilities of the Bank that are subject to a bail-in conversion, into common shares of the Bank or any of its affiliates, nor are there specific requirements regarding whether liabilities subject to a bail-in conversion are converted into common shares of the…"
"bge-m3","bmo-retrieval-007","Which holders can use the CDIC Act compensation process after a bail-in conversion?","bmo-ebc32f7a6e993136c366","3","Bail_In_TLAC_Disclosure","13","data/raw/Bail_In_TLAC_Disclosure.pdf, p. 3","3","Compensation Regime","data/raw/Bail_In_TLAC_Disclosure.pdf","The CDIC Act provides for a compensation process for holders of bail-inable notes who immediately prior to the making of an Order, directly or through an intermediary, own bail-inable notes that are converted in a bail-in conversion. While this process applies to successors of those holders it does not apply to assignees or transferees of the holder following the making of the Order and does not apply if the amounts owing under the relevant bail-inable notes are paid in full.","The CDIC Act provides for a compensation process for holders of bail-inable notes who immediately prior to the making of an Order, directly or through an intermediary, own bail-inable notes that are converted in a bail-in conversion. While this process applies to successors of those holders it does not apply to assignees or transferees of the holder following the making of the Order and does not apply if the amounts…"
"bge-m3","bmo-retrieval-008","What loss-absorbing capacity must BMO maintain under OSFI's TLAC Guideline?","bmo-6cf47052d84a7ec5bc02","3","Bail_In_TLAC_Disclosure","21","data/raw/Bail_In_TLAC_Disclosure.pdf, p. 4","4","TLAC Guideline","data/raw/Bail_In_TLAC_Disclosure.pdf","In connection with the bail-in regime, the Office of the Superintendent of Financial Institutions' (' OSFI ') guideline (the ' TLAC Guideline ') on Total Loss Absorbing Capacity (' TLAC ') applies to and establishes standards for D-SIBs, including the Bank. Under the TLAC Guideline, beginning November 1, 2021, the Bank is required to maintain a minimum capacity to absorb losses composed of unsecured external long-term debt that meets the prescribed criteria or regulatory capital instruments to support recapitalization in the event of a failure. Bail-inable notes and regulatory capital…","In connection with the bail-in regime, the Office of the Superintendent of Financial Institutions' (' OSFI ') guideline (the ' TLAC Guideline ') on Total Loss Absorbing Capacity (' TLAC ') applies to and establishes standards for D-SIBs, including the Bank. Under the TLAC Guideline, beginning November 1, 2021, the Bank is required to maintain a minimum capacity to absorb losses composed of unsecured external…"
"bge-m3","bmo-retrieval-009","When did BMO complete the Bank of the West acquisition and what was the cash purchase price?","bmo-4a1f2c982c086672aa4d","3","bmo_AIF2025","10","data/raw/bmo_AIF2025.pdf, p. 4","4","Three-Year History","data/raw/bmo_AIF2025.pdf","On June 8, 2022, BMO announced the appointment of Piyush Agrawal as Deputy Chief Risk Officer effective July 1, 2022 and, after a transition period with Patrick Cronin, became Chief Risk Officer effective November 1, 2022. On February 1, 2023, BMO completed the acquisition of Bank of the West and its subsidiaries from BNP for a cash purchase price of US$13.8 billion.","On June 8, 2022, BMO announced the appointment of Piyush Agrawal as Deputy Chief Risk Officer effective July 1, 2022 and, after a transition period with Patrick Cronin, became Chief Risk Officer effective November 1, 2022. On February 1, 2023, BMO completed the acquisition of Bank of the West and its subsidiaries from BNP for a cash purchase price of US$13.8 billion."
"bge-m3","bmo-retrieval-010","Where are Bank of Montreal's head office and executive offices located?","bmo-f6b2c4eda5e592996a4c","3","bmo_AIF2025","20","data/raw/bmo_AIF2025.pdf, p. 4","4","CORPORATE STRUCTURE","data/raw/bmo_AIF2025.pdf","The Bank's head office is 129 rue Saint Jacques, Montreal, Québec, H2Y 1L6. Its executive offices are 100 King Street West, 1 First Canadian Place, Toronto, Ontario, M5X 1A1. Bank of Montreal brands the organization's member companies as BMO Financial Group. Note 26 of the 2025 Financial Statements lists the intercorporate relationships among Bank of Montreal and its significant subsidiaries. The Bank incorporates this Note herein by reference. These subsidiaries are incorporated or organized under the laws of the state or country of their principal office, except for: BMO Financial Corp. and…","The Bank's head office is 129 rue Saint Jacques, Montreal, Québec, H2Y 1L6. Its executive offices are 100 King Street West, 1 First Canadian Place, Toronto, Ontario, M5X 1A1. Bank of Montreal brands the organization's member companies as BMO Financial Group. Note 26 of the 2025 Financial Statements lists the intercorporate relationships among Bank of Montreal and its significant subsidiaries. The Bank incorporates…"
"bge-m3","bmo-retrieval-011","How many full-time-equivalent employees and bank branches did BMO have at October 31, 2025?","bmo-9c266e469b8fc8c2f1c9","3","bmo_AIF2025","21","data/raw/bmo_AIF2025.pdf, p. 5","5","Business","data/raw/bmo_AIF2025.pdf","BMO Financial Group is a highly diversified financial services provider based in North America, providing a broad range of personal and commercial banking, wealth management, global markets and investment banking products and services directly and through Canadian and non-Canadian subsidiaries, offices, and branches. As at October 31, 2025, BMO had more than 53,000 full-time equivalent employees. The Bank serves its clients through more than 1,800 bank branches, BMO automated banking machines, as well as online and mobile digital banking platforms. It operates in Canada, the United States and…","BMO Financial Group is a highly diversified financial services provider based in North America, providing a broad range of personal and commercial banking, wealth management, global markets and investment banking products and services directly and through Canadian and non-Canadian subsidiaries, offices, and branches. As at October 31, 2025, BMO had more than 53,000 full-time equivalent employees. The Bank serves its…"
"bge-m3","bmo-retrieval-012","How does the 2025 AIF describe competition in Canadian financial services?","bmo-94ff3259a50eacf8cf3f","3","bmo_AIF2025","45","data/raw/bmo_AIF2025.pdf, p. 7","7","Competition","data/raw/bmo_AIF2025.pdf","Capital Markets offers a range of products and services to corporate, institutional and government clients, including investment and corporate banking services, as well as global markets sales and trading solutions. It primarily focuses on the North American market and select global markets and competes with a diverse range of competitors, including large money centre banks and boutique investment firms. Investment and Corporate Banking offers debt and equity capital-raising services to clients, as well as loan origination and syndication, balance sheet management solutions and treasury…","Capital Markets offers a range of products and services to corporate, institutional and government clients, including investment and corporate banking services, as well as global markets sales and trading solutions. It primarily focuses on the North American market and select global markets and competes with a diverse range of competitors, including large money centre banks and boutique investment firms. Investment…"
"bge-m3","bmo-retrieval-013","How large was BMO by assets and approximately how many clients did it serve in 2025?","bmo-c5d79b6319d1a75ca606","3","bmo_ar2025","4","data/raw/bmo_ar2025.pdf, pp. 2, 3","2, 3","Canadian Personal and Commercial Banking","data/raw/bmo_ar2025.pdf","serves clients across Canada with a comprehensive range of financial products, services and advice through integrated branch, contact centre and digital channels. BMO Financial Group is the seventh largest bank in North America by assets, with total assets of $1.5 trillion. Serving clients for more than 200 years, BMO is a highly diversified financial institution, providing a broad range of personal and commercial banking, wealth management, global markets and investment banking products and services to approximately thirteen million clients in Canada, the United States and select markets…","serves clients across Canada with a comprehensive range of financial products, services and advice through integrated branch, contact centre and digital channels. BMO Financial Group is the seventh largest bank in North America by assets, with total assets of $1.5 trillion. Serving clients for more than 200 years, BMO is a highly diversified financial institution, providing a broad range of personal and commercial…"
"bge-m3","bmo-retrieval-014","What products and services does BMO Wealth Management offer?","bmo-e9159452c09f3fbd82df","3","bmo_ar2025","263","data/raw/bmo_ar2025.pdf, p. 45","45","Wealth Management","data/raw/bmo_ar2025.pdf","Wealth Management serves a full range of clients across Canada, from individuals and families to business owners and institutions, offering a wide spectrum of wealth, asset management and insurance products and services aimed at helping clients make real financial progress through planning, growing, protecting and transitioning their wealth. Our asset management business is focused on delivering innovative financial solutions and strategies for our clients.","Wealth Management serves a full range of clients across Canada, from individuals and families to business owners and institutions, offering a wide spectrum of wealth, asset management and insurance products and services aimed at helping clients make real financial progress through planning, growing, protecting and transitioning their wealth. Our asset management business is focused on delivering innovative financial…"
"bge-m3","bmo-retrieval-015","How does BMO describe its digital-first, future-ready strategy?","bmo-32ec7d734e933e43c543","3","bmo_ar2025","8","data/raw/bmo_ar2025.pdf, p. 4","4","OUR STRATEGY","data/raw/bmo_ar2025.pdf","At BMO, we continue to build a digital-first, future-ready bank, with engaged employees and a high-performing, winning culture. We are focused on helping our clients make real financial progress, and on financing their growth and innovation, while also investing in our workforce. Anchored by our Purpose, we are differentiated by our strategic priorities for growth, strengthened by our approach to sustainability and guided by our values as we build a foundation of trust with our colleagues, clients and communities.","At BMO, we continue to build a digital-first, future-ready bank, with engaged employees and a high-performing, winning culture. We are focused on helping our clients make real financial progress, and on financing their growth and innovation, while also investing in our workforce. Anchored by our Purpose, we are differentiated by our strategic priorities for growth, strengthened by our approach to sustainability and…"
"bge-m3","bmo-retrieval-016","What are BMO's four integrated operating segments?","bmo-c5d79b6319d1a75ca606","3","bmo_ar2025","4","data/raw/bmo_ar2025.pdf, pp. 2, 3","2, 3","Canadian Personal and Commercial Banking","data/raw/bmo_ar2025.pdf","serves clients across Canada with a comprehensive range of financial products, services and advice through integrated branch, contact centre and digital channels. BMO Financial Group is the seventh largest bank in North America by assets, with total assets of $1.5 trillion. Serving clients for more than 200 years, BMO is a highly diversified financial institution, providing a broad range of personal and commercial banking, wealth management, global markets and investment banking products and services to approximately thirteen million clients in Canada, the United States and select markets…","serves clients across Canada with a comprehensive range of financial products, services and advice through integrated branch, contact centre and digital channels. BMO Financial Group is the seventh largest bank in North America by assets, with total assets of $1.5 trillion. Serving clients for more than 200 years, BMO is a highly diversified financial institution, providing a broad range of personal and commercial…"
"bge-m3","bmo-retrieval-017","What are the main components of BMO's strategy in the Q3 2026 investor presentation?","bmo-ed814ce57ecfdcd5c602","3","BMOInvestorPresentationEN","11","data/raw/BMOInvestorPresentationEN.pdf, p. 3","3","Our Strategy","data/raw/BMOInvestorPresentationEN.pdf","At BMO, we continue to build a digital-first, future-ready bank, with engaged employees and a high-performing, winning culture. We are focused on helping our clients make real financial progress, and on financing their growth and innovation, while also investing in our workforce. Anchored by our Purpose, we are differentiated by our strategic priorities for growth, strengthened by our approach to sustainability and guided by our values as we build a foundation of trust with our colleagues, clients and communities.","At BMO, we continue to build a digital-first, future-ready bank, with engaged employees and a high-performing, winning culture. We are focused on helping our clients make real financial progress, and on financing their growth and innovation, while also investing in our workforce. Anchored by our Purpose, we are differentiated by our strategic priorities for growth, strengthened by our approach to sustainability and…"
"bge-m3","bmo-retrieval-018","What recognition and employee-giving results did BMO cite for stronger communities?","bmo-3df7f459be43f54f16bb","3","BMOInvestorPresentationEN","16","data/raw/BMOInvestorPresentationEN.pdf, p. 4","4","For Stronger Communities","data/raw/BMOInvestorPresentationEN.pdf","Provide access to capital and valuable financial advice Act as a catalyst for progress in the communities we serve Be our clients' lead partner in their pursuit of energy and climate resilience - Named one of the World's Most Ethical Companies for the 9 th consecutive year by Ethisphere, the only bank in Canada - and one of only three worldwide - Named to the 2026 Forbes list of America's Most Trusted Companies - Annual Employee Giving Campaign raised $36 million for charities across Canada and the U.S., with 91% of employees participating - Established the Office of Reconciliation , a…","Provide access to capital and valuable financial advice Act as a catalyst for progress in the communities we serve Be our clients' lead partner in their pursuit of energy and climate resilience - Named one of the World's Most Ethical Companies for the 9 th consecutive year by Ethisphere, the only bank in Canada - and one of only three worldwide - Named to the 2026 Forbes list of America's Most Trusted Companies -…"
"bge-m3","bmo-retrieval-019","What business strengths does BMO say support resilient and robust earnings?","bmo-784bfdb769b508179dd6","3","BMOInvestorPresentationEN","17","data/raw/BMOInvestorPresentationEN.pdf, p. 5","5","Diversified and competitively positioned businesses that deliver resilient and robust earnings","data/raw/BMOInvestorPresentationEN.pdf","- Premium commercial banking franchise with a top 5 market position in North America 1 - Top-tier U.S. bank with presence in key growth markets - Flagship Canadian personal banking business with a strong and growing deposit base - High - return wealth business with a strong client focus and competitive position - Leading North American Capital Markets franchise with deep expertise and global reach 1 Refer to endnotes on pages 54-56","- Premium commercial banking franchise with a top 5 market position in North America 1 - Top-tier U.S. bank with presence in key growth markets - Flagship Canadian personal banking business with a strong and growing deposit base - High - return wealth business with a strong client focus and competitive position - Leading North American Capital Markets franchise with deep expertise and global reach 1 Refer to…"
"bge-m3","bmo-retrieval-020","What were BMO's Q3 2026 financial highlights?","bmo-12ad325c10e638709933","3","BMOInvestorPresentationEN","59","data/raw/BMOInvestorPresentationEN.pdf, pp. 25, 26","25, 26","Q3'26 Financial Highlights","data/raw/BMOInvestorPresentationEN.pdf","Reported Adjusted 3 (US$MM) Q3'26 Y/Y Q3'26 Y/Y Net interest income (teb) 2 1,707 6% 1,707 6% Non-interest revenue 460 4% 460 4% Revenue (teb) 2 2,167 5% 2,167 5% Expenses 1,250 3% 1,195 3% PPPT 4 917 9% 972 7% PCL (recovery) 123 $(2) 123 $(2) Net Income 620 11% 661 9% Net Income (CDE$) 868 13% 925 11% NIM (%) 4.02 20 bps 4.02 20 bps Efficiency Ratio (%) 57.7 (130) bps 55.2 (90) bps ROE (%) 9.2 100 bps 9.8 90 bps AUM ($B) 89 17% 89 17% AUA ($B) 126 22% 126 22% Avg. Gross Loans & Acceptances ($B) 162 1% 162 1% Avg. Deposits ($B) 167 (3)% 167 (3)% 20.0 18.0 16.0 14.0 12.0 10.0 8.0 6.0 4. 0 2.0 -","Reported Adjusted 3 (US$MM) Q3'26 Y/Y Q3'26 Y/Y Net interest income (teb) 2 1,707 6% 1,707 6% Non-interest revenue 460 4% 460 4% Revenue (teb) 2 2,167 5% 2,167 5% Expenses 1,250 3% 1,195 3% PPPT 4 917 9% 972 7% PCL (recovery) 123 $(2) 123 $(2) Net Income 620 11% 661 9% Net Income (CDE$) 868 13% 925 11% NIM (%) 4.02 20 bps 4.02 20 bps Efficiency Ratio (%) 57.7 (130) bps 55.2 (90) bps ROE (%) 9.2 100 bps 9.8 90 bps…"
"bge-m3","bmo-retrieval-021","How does BMO describe its size, age and client base in the Q3 2026 corporate fact sheet?","bmo-0ab73a713f496c3c533c","3","CorporateFactSheet","0","data/raw/CorporateFactSheet.pdf, p. 1","1","About BMO","data/raw/CorporateFactSheet.pdf","BMO Financial Group is the eighth largest bank in North America by assets, with total assets of $1.5 trillion. 1,2 Serving clients for more than 200 years, BMO is a highly diversified financial institution, providing a broad range of personal and commercial banking, wealth management, global markets and investment banking products and services to approximately thirteen million clients in Canada, the United States and select markets globally. At BMO, we continue to build a digital-first, future-ready bank. Anchored by our Purpose, we are differentiated by our strategic priorities for growth,…","BMO Financial Group is the eighth largest bank in North America by assets, with total assets of $1.5 trillion. 1,2 Serving clients for more than 200 years, BMO is a highly diversified financial institution, providing a broad range of personal and commercial banking, wealth management, global markets and investment banking products and services to approximately thirteen million clients in Canada, the United States…"
"bge-m3","bmo-retrieval-022","What assets, CET1 ratio, employee count and deposits are listed for Q3 2026?","bmo-6813fe99e3518c4cf9ba","3","CorporateFactSheet","2","data/raw/CorporateFactSheet.pdf, p. 1","1","Key Metrics 1 - Q3 2026","data/raw/CorporateFactSheet.pdf","Assets ($B) 1,539 CET1 Ratio 3 (%) 13.0 Employees ~53,000 Gross Loans and Acceptances ($B) 703 Leverage Ratio 3 (%) 4.2 Branches 1,790 Deposits ($B) 1,018 Liquidity Coverage Ratio 3 (%) 125 ABMs 5,439 Credit Ratings 1 Moody's S&P DBRS Fitch Long term deposits/ Issuer Rating 7 Aa2 A+ AA AA+ Senior Debt 8 A2 A- AA (low) AA- Outlook Stable Stable Stable Stable","Assets ($B) 1,539 CET1 Ratio 3 (%) 13.0 Employees ~53,000 Gross Loans and Acceptances ($B) 703 Leverage Ratio 3 (%) 4.2 Branches 1,790 Deposits ($B) 1,018 Liquidity Coverage Ratio 3 (%) 125 ABMs 5,439 Credit Ratings 1 Moody's S&P DBRS Fitch Long term deposits/ Issuer Rating 7 Aa2 A+ AA AA+ Senior Debt 8 A2 A- AA (low) AA- Outlook Stable Stable Stable Stable"
"bge-m3","bmo-retrieval-023","What strategic priorities are listed in BMO's Q3 2026 corporate fact sheet?","bmo-1627bff4af8dfec92a02","3","CorporateFactSheet","3","data/raw/CorporateFactSheet.pdf, pp. 1, 2","1, 2","Our Strategic Priorities","data/raw/CorporateFactSheet.pdf","- World-class client experience , grounded in One Client advice and guidance - High-performing, winning culture driven by alignment, accountability and recognition - Digital-first, AI-powered business for value and future readiness - Superior risk management ## Operating Segment Overview ## Financial Performance Q3 2026 ## Reported unless otherwise stated Y/Y ## Canadian Personal & Commercial Banking - Serves clients across Canada with a comprehensive range of financial products, services and advice through integrated branch, contact centre and digital channels - Personal & Business Banking…","- World-class client experience , grounded in One Client advice and guidance - High-performing, winning culture driven by alignment, accountability and recognition - Digital-first, AI-powered business for value and future readiness - Superior risk management ## Operating Segment Overview ## Financial Performance Q3 2026 ## Reported unless otherwise stated Y/Y ## Canadian Personal & Commercial Banking - Serves…"
"bge-m3","bmo-retrieval-024","What dividend, dividend yield and market capitalization are shown in shareholder information?","bmo-32278bff997852c76f73","3","CorporateFactSheet","6","data/raw/CorporateFactSheet.pdf, p. 2","2","Shareholder Information","data/raw/CorporateFactSheet.pdf","(Ticker: BMO; exchanges: TSX, NYSE) - Current declared quarterly dividend: $1.71; up 5% Y/Y - Dividend Yield 1,6 : 2.72% - Market Capitalization 1 : $175.3B - Common Shares Outstanding 1 : 697.1 million Investor Relations: http://www.bmo.com/investorrelations Email: investor.relations@bmo.com Transfer Agent: http://www.computershare.com/ca/en Computershare Trust Company of Canada Email: service@computershare.com","(Ticker: BMO; exchanges: TSX, NYSE) - Current declared quarterly dividend: $1.71; up 5% Y/Y - Dividend Yield 1,6 : 2.72% - Market Capitalization 1 : $175.3B - Common Shares Outstanding 1 : 697.1 million Investor Relations: http://www.bmo.com/investorrelations Email: investor.relations@bmo.com Transfer Agent: http://www.computershare.com/ca/en Computershare Trust Company of Canada Email: service@computershare.com"
"bge-m3","bmo-retrieval-025","Which institutions and regulators are covered by BFC's Q1 2026 liquidity disclosure?","bmo-a9b46088e39c1e917338","3","LCR_CY26Q1","3","data/raw/LCR_CY26Q1.pdf, p. 3","3","1. Introduction","data/raw/LCR_CY26Q1.pdf","The following disclosure is specific to BMO Financial Corp. (BFC), a U.S. Intermediate Holding Company (IHC). BFC is a wholly owned subsidiary of Bank of Montreal (together with its subsidiaries, BMO or 'the Parent') and is regulated by the Board of Governors of the Federal Reserve System (FRB). BFC's wholly owned principal banking subsidiary, BMO Bank N.A. (BBNA ), which consolidates into BFC, is regulated by the Office of the Comptroller of the Currency and the Federal Deposit Insurance Corporation. BMO is a highly diversified financial services provider based in North America.","The following disclosure is specific to BMO Financial Corp. (BFC), a U.S. Intermediate Holding Company (IHC). BFC is a wholly owned subsidiary of Bank of Montreal (together with its subsidiaries, BMO or 'the Parent') and is regulated by the Board of Governors of the Federal Reserve System (FRB). BFC's wholly owned principal banking subsidiary, BMO Bank N.A. (BBNA ), which consolidates into BFC, is regulated by the…"
"bge-m3","bmo-retrieval-026","How does BFC's liquidity risk framework address commitments during stress?","bmo-210c7e5ba4dba0261481","3","LCR_CY26Q1","6","data/raw/LCR_CY26Q1.pdf, p. 3","3","2. Liquidity Risk Management","data/raw/LCR_CY26Q1.pdf","BFC manages liquidity risk to meet both internal and regulatory expectations through an established liquidity risk framework. The framework ensures that BFC maintains adequate levels of liquidity to meet financial commitments in a timely manner at reasonable prices as they fall due, even in times of stress. The framework requires BFC to consider and prudently manage liquidity risk exposures and funding needs within and across legal entities, business lines and currencies, considering legal, regulatory, and operational limitations to the transferability of liquidity. The liquidity position is…","BFC manages liquidity risk to meet both internal and regulatory expectations through an established liquidity risk framework. The framework ensures that BFC maintains adequate levels of liquidity to meet financial commitments in a timely manner at reasonable prices as they fall due, even in times of stress. The framework requires BFC to consider and prudently manage liquidity risk exposures and funding needs within…"
"bge-m3","bmo-retrieval-027","What tailored LCR factor applied to BFC for the quarter ended March 31, 2026?","bmo-827cd788c68d9e9b6719","3","LCR_CY26Q1","10","data/raw/LCR_CY26Q1.pdf, p. 4","4","3. Liquidity Coverage Ratio","data/raw/LCR_CY26Q1.pdf","The following table summarizes the BFC average LCR for the three months ended March 31, 2026, based on the BFC's interpretation of the LCR Rule. BFC is subject to the 85% tailored LCR and the table below reflects the 85% factor. The LCR calculation is a regulatory prescribed methodology reflecting formulaic hypothetical changes in assets and liabilities that would impact a company's liquidity if they were to occur. The calculation is not necessarily a projection of BFC 's liquidity in any stress environment.","The following table summarizes the BFC average LCR for the three months ended March 31, 2026, based on the BFC's interpretation of the LCR Rule. BFC is subject to the 85% tailored LCR and the table below reflects the 85% factor. The LCR calculation is a regulatory prescribed methodology reflecting formulaic hypothetical changes in assets and liabilities that would impact a company's liquidity if they were to occur.…"
"bge-m3","bmo-retrieval-028","What do unweighted and weighted amounts represent in BFC's Q1 LCR quantitative disclosure?","bmo-9a4480f0604f11eab96b","3","LCR_CY26Q1","12","data/raw/LCR_CY26Q1.pdf, p. 4","4","4. LCR Quantitative Disclosure","data/raw/LCR_CY26Q1.pdf","The following table presents detail of BFC's quarterly average of daily LCR for the three months ended March 31, 2026. Within this disclosure, the unweighted amounts of eligible HQLA, cash inflows and cash outflows represent the quarterly average balances prior to the application of the prescribed regulatory haircuts and caps. The weighted amount of cash outflows and cash inflows represent the unweighted amount multiplied by the respective LCR rates.","The following table presents detail of BFC's quarterly average of daily LCR for the three months ended March 31, 2026. Within this disclosure, the unweighted amounts of eligible HQLA, cash inflows and cash outflows represent the quarterly average balances prior to the application of the prescribed regulatory haircuts and caps. The weighted amount of cash outflows and cash inflows represent the unweighted amount…"
"bge-m3","bmo-retrieval-029","Which institutions and regulators are covered by BFC's Q2 2026 liquidity disclosure?","bmo-f207da8892cc6eb91299","3","LCR_CY26Q2","3","data/raw/LCR_CY26Q2.pdf, p. 3","3","1. Introduction","data/raw/LCR_CY26Q2.pdf","The following disclosure is specific to BMO Financial Corp. (BFC), a U.S. Intermediate Holding Company (IHC). BFC is a wholly owned subsidiary of Bank of Montreal (together with its subsidiaries, BMO or 'the Parent') and is regulated by the Board of Governors of the Federal Reserve System (FRB). BFC's wholly owned principal banking subsidiary, BMO Bank N.A. (BBNA ), which consolidates into BFC, is regulated by the Office of the Comptroller of the Currency and the Federal Deposit Insurance Corporation. BMO is a highly diversified financial services provider based in North America.","The following disclosure is specific to BMO Financial Corp. (BFC), a U.S. Intermediate Holding Company (IHC). BFC is a wholly owned subsidiary of Bank of Montreal (together with its subsidiaries, BMO or 'the Parent') and is regulated by the Board of Governors of the Federal Reserve System (FRB). BFC's wholly owned principal banking subsidiary, BMO Bank N.A. (BBNA ), which consolidates into BFC, is regulated by the…"
"bge-m3","bmo-retrieval-030","How does BFC optimize liquidity for current and future needs?","bmo-c33e0bf290408dbede61","3","LCR_CY26Q2","6","data/raw/LCR_CY26Q2.pdf, p. 3","3","2. Liquidity Risk Management","data/raw/LCR_CY26Q2.pdf","BFC manages liquidity risk to meet both internal and regulatory expectations through an established liquidity risk framework. The framework ensures that BFC maintains adequate levels of liquidity to meet financial commitments in a timely manner at reasonable prices as they fall due, even in times of stress. The framework requires BFC to consider and prudently manage liquidity risk exposures and funding needs within and across legal entities, business lines and currencies, considering legal, regulatory, and operational limitations to the transferability of liquidity. The liquidity position is…","BFC manages liquidity risk to meet both internal and regulatory expectations through an established liquidity risk framework. The framework ensures that BFC maintains adequate levels of liquidity to meet financial commitments in a timely manner at reasonable prices as they fall due, even in times of stress. The framework requires BFC to consider and prudently manage liquidity risk exposures and funding needs within…"
"bge-m3","bmo-retrieval-031","What tailored LCR factor applied to BFC for the quarter ended June 30, 2026?","bmo-e37cba95bece18b0702b","3","LCR_CY26Q2","10","data/raw/LCR_CY26Q2.pdf, p. 4","4","3. Liquidity Coverage Ratio","data/raw/LCR_CY26Q2.pdf","The following table summarizes the BFC average LCR for the three months ended June 30, 2026, based on the BFC's interpretation of the LCR Rule. BFC is subject to the 85% tailored LCR and the table below reflects the 85% factor. The LCR calculation is a regulatory prescribed methodology reflecting formulaic hypothetical changes in assets and liabilities that would impact a company's liquidity if they were to occur. The calculation is not necessarily a projection of BFC 's liquidity in any stress environment.","The following table summarizes the BFC average LCR for the three months ended June 30, 2026, based on the BFC's interpretation of the LCR Rule. BFC is subject to the 85% tailored LCR and the table below reflects the 85% factor. The LCR calculation is a regulatory prescribed methodology reflecting formulaic hypothetical changes in assets and liabilities that would impact a company's liquidity if they were to occur.…"
"bge-m3","bmo-retrieval-032","What do unweighted and weighted amounts represent in BFC's Q2 LCR quantitative disclosure?","bmo-38d74f54666a76c158b6","3","LCR_CY26Q2","12","data/raw/LCR_CY26Q2.pdf, pp. 4, 5","4, 5","4. LCR Quantitative Disclosure","data/raw/LCR_CY26Q2.pdf","The following table presents detail of BFC's quarterly average of daily LCR for the three months ended June 30, 2026. Within this disclosure, the unweighted amounts of eligible HQLA, cash inflows and cash outflows represent the quarterly average balances prior to the application of the prescribed regulatory haircuts and caps. The weighted amount of cash outflows and cash inflows represent the unweighted amount multiplied by the respective LCR rates.","The following table presents detail of BFC's quarterly average of daily LCR for the three months ended June 30, 2026. Within this disclosure, the unweighted amounts of eligible HQLA, cash inflows and cash outflows represent the quarterly average balances prior to the application of the prescribed regulatory haircuts and caps. The weighted amount of cash outflows and cash inflows represent the unweighted amount…"
"bge-m3","bmo-retrieval-033","What is the identifier and governing law for Bank of Montreal common shares?","bmo-1f9c5970bcde0f443c1a","3","MainFeaturesTemplateQ326","0","data/raw/MainFeaturesTemplateQ326.pdf, p. 1","1","","data/raw/MainFeaturesTemplateQ326.pdf","Included in both regulatory capital and TLAC Common Shares 1 Issuer Bank of Montreal 2 Unique identifier (eg CUSIP, ISIN or Bloomberg identifier for private placement) 063671101 3 Governing law(s) of the instrument Canadian Federal and applicable Provincial laws 3a Means by which enforceability requirement of Section 13 of the TLAC Term Sheet is achieved (for other TLAC-eligible instruments governed by foreign law) N/A Regulatory treatment 4 Transitional Basel III rules Common Equity Tier 1 5 Post-transitional Basel III rules Eligible 6 Eligible at solo/group/group&solo Group and Solo 7…","Included in both regulatory capital and TLAC Common Shares 1 Issuer Bank of Montreal 2 Unique identifier (eg CUSIP, ISIN or Bloomberg identifier for private placement) 063671101 3 Governing law(s) of the instrument Canadian Federal and applicable Provincial laws 3a Means by which enforceability requirement of Section 13 of the TLAC Term Sheet is achieved (for other TLAC-eligible instruments governed by foreign law)…"
"bge-m3","bmo-retrieval-034","How are Bank of Montreal common shares treated under Basel III and TLAC?","bmo-1f9c5970bcde0f443c1a","3","MainFeaturesTemplateQ326","0","data/raw/MainFeaturesTemplateQ326.pdf, p. 1","1","","data/raw/MainFeaturesTemplateQ326.pdf","Included in both regulatory capital and TLAC Common Shares 1 Issuer Bank of Montreal 2 Unique identifier (eg CUSIP, ISIN or Bloomberg identifier for private placement) 063671101 3 Governing law(s) of the instrument Canadian Federal and applicable Provincial laws 3a Means by which enforceability requirement of Section 13 of the TLAC Term Sheet is achieved (for other TLAC-eligible instruments governed by foreign law) N/A Regulatory treatment 4 Transitional Basel III rules Common Equity Tier 1 5 Post-transitional Basel III rules Eligible 6 Eligible at solo/group/group&solo Group and Solo 7…","Included in both regulatory capital and TLAC Common Shares 1 Issuer Bank of Montreal 2 Unique identifier (eg CUSIP, ISIN or Bloomberg identifier for private placement) 063671101 3 Governing law(s) of the instrument Canadian Federal and applicable Provincial laws 3a Means by which enforceability requirement of Section 13 of the TLAC Term Sheet is achieved (for other TLAC-eligible instruments governed by foreign law)…"
"bge-m3","bmo-retrieval-035","What does convertible mean in the regulatory capital main-features table?","bmo-a896124c1a76690569b9","3","MainFeaturesTemplateQ326","2","data/raw/MainFeaturesTemplateQ326.pdf, pp. 1, 2","1, 2","Main Features Of Regulatory Capital Instruments","data/raw/MainFeaturesTemplateQ326.pdf","(1) The term ""convertible"" in the above table is interpreted to mean convertible into common shares. Certain of BMO's outstanding non-common capital instruments are convertible into different series of the same capital instrument. 1 Issuer 2 Unique identifier (eg CUSIP, ISIN or Bloomberg identifier for private placement) 3 Governing law(s) of the instrument 3a Means by which enforceability requirement of Section 13 of the TLAC Term Sheet is achieved (for other TLAC-eligible instruments governed by foreign law) Regulatory treatment 4 Transitional Basel III rules 5 Post-transitional Basel III…","(1) The term ""convertible"" in the above table is interpreted to mean convertible into common shares. Certain of BMO's outstanding non-common capital instruments are convertible into different series of the same capital instrument. 1 Issuer 2 Unique identifier (eg CUSIP, ISIN or Bloomberg identifier for private placement) 3 Governing law(s) of the instrument 3a Means by which enforceability requirement of Section 13…"
"bge-m3","bmo-retrieval-036","Which fields does BMO's main-features template use to describe a regulatory capital instrument?","bmo-a896124c1a76690569b9","3","MainFeaturesTemplateQ326","2","data/raw/MainFeaturesTemplateQ326.pdf, pp. 1, 2","1, 2","Main Features Of Regulatory Capital Instruments","data/raw/MainFeaturesTemplateQ326.pdf","(1) The term ""convertible"" in the above table is interpreted to mean convertible into common shares. Certain of BMO's outstanding non-common capital instruments are convertible into different series of the same capital instrument. 1 Issuer 2 Unique identifier (eg CUSIP, ISIN or Bloomberg identifier for private placement) 3 Governing law(s) of the instrument 3a Means by which enforceability requirement of Section 13 of the TLAC Term Sheet is achieved (for other TLAC-eligible instruments governed by foreign law) Regulatory treatment 4 Transitional Basel III rules 5 Post-transitional Basel III…","(1) The term ""convertible"" in the above table is interpreted to mean convertible into common shares. Certain of BMO's outstanding non-common capital instruments are convertible into different series of the same capital instrument. 1 Issuer 2 Unique identifier (eg CUSIP, ISIN or Bloomberg identifier for private placement) 3 Governing law(s) of the instrument 3a Means by which enforceability requirement of Section 13…"
"bge-m3","bmo-retrieval-037","Which quarters are covered by BFC's 2026 Net Stable Funding Ratio disclosure?","bmo-41bab022f098f6e4a549","3","NSFRCY26Q2","0","data/raw/NSFRCY26Q2.pdf, pp. 1, 2","1, 2","BMO Financial Corp. Net Stable Funding Ratio Disclosure","data/raw/NSFRCY26Q2.pdf","____________________________________________________________ For the quarter ended March 31, 2026, and June 30, 2026 ## Table of Contents 1. INTRODUCTION ............................................................................................................................................. 3 2. LIQUIDITY RISK MANAGEMENT ..................................................................................................................... 3 3. NET STABLE FUNDING RATIO ......................................................................................................................... 4…","____________________________________________________________ For the quarter ended March 31, 2026, and June 30, 2026 ## Table of Contents 1. INTRODUCTION ............................................................................................................................................. 3 2. LIQUIDITY RISK MANAGEMENT .............................................................................................…"
"bge-m3","bmo-retrieval-038","How does BFC's liquidity framework manage needs across entities, businesses and currencies?","bmo-a77eddd634603a290943","3","NSFRCY26Q2","4","data/raw/NSFRCY26Q2.pdf, p. 3","3","2. Liquidity Risk Management","data/raw/NSFRCY26Q2.pdf","BFC manages liquidity risk to meet both internal and regulatory expectations through an established liquidity risk framework. The framework ensures that BFC maintains adequate levels of liquidity to meet financial commitments in a timely manner at reasonable prices as they fall due, even in times of stress. The framework considers and prudently manages liquidity risk exposures and funding needs within and across legal entities, business lines and currencies, considering legal, regulatory, and operational limitations to the transferability of liquidity. The liquidity position is optimized for…","BFC manages liquidity risk to meet both internal and regulatory expectations through an established liquidity risk framework. The framework ensures that BFC maintains adequate levels of liquidity to meet financial commitments in a timely manner at reasonable prices as they fall due, even in times of stress. The framework considers and prudently manages liquidity risk exposures and funding needs within and across…"
"bge-m3","bmo-retrieval-039","What tailored NSFR factor applies to BFC?","bmo-6075725634b6fdf4ffb5","3","NSFRCY26Q2","8","data/raw/NSFRCY26Q2.pdf, p. 4","4","3. Net Stable Funding Ratio","data/raw/NSFRCY26Q2.pdf","The following table summarizes the BFC average NSFR for the three months ended March 31, 2026 and June 30, 2026, based on the Firms interpretation of the NSFR Rule. BFC is subject to the 85% tailored NSFR and the table below reflects the 85% factor. The NSFR calculation is a regulatory prescribed methodology reflecting formulaic hypothetical changes in assets and liabilities that would impact a company's liquidity if they were to occur. The calculation is not necessarily a projection of the BFC liquidity in any stress environment. The BFC NSFR is substantiated by: - ASF primarily consists of…","The following table summarizes the BFC average NSFR for the three months ended March 31, 2026 and June 30, 2026, based on the Firms interpretation of the NSFR Rule. BFC is subject to the 85% tailored NSFR and the table below reflects the 85% factor. The NSFR calculation is a regulatory prescribed methodology reflecting formulaic hypothetical changes in assets and liabilities that would impact a company's liquidity…"
"bge-m3","bmo-retrieval-040","What are BFC's primary sources of available stable funding?","bmo-6075725634b6fdf4ffb5","3","NSFRCY26Q2","8","data/raw/NSFRCY26Q2.pdf, p. 4","4","3. Net Stable Funding Ratio","data/raw/NSFRCY26Q2.pdf","The following table summarizes the BFC average NSFR for the three months ended March 31, 2026 and June 30, 2026, based on the Firms interpretation of the NSFR Rule. BFC is subject to the 85% tailored NSFR and the table below reflects the 85% factor. The NSFR calculation is a regulatory prescribed methodology reflecting formulaic hypothetical changes in assets and liabilities that would impact a company's liquidity if they were to occur. The calculation is not necessarily a projection of the BFC liquidity in any stress environment. The BFC NSFR is substantiated by: - ASF primarily consists of…","The following table summarizes the BFC average NSFR for the three months ended March 31, 2026 and June 30, 2026, based on the Firms interpretation of the NSFR Rule. BFC is subject to the 85% tailored NSFR and the table below reflects the 85% factor. The NSFR calculation is a regulatory prescribed methodology reflecting formulaic hypothetical changes in assets and liabilities that would impact a company's liquidity…"
"bge-m3","bmo-retrieval-041","What reported and adjusted net income did BMO post in Q1 2026?","bmo-019ff982cfe2d7e246f3","3","Q126_EarningsRelease","2","data/raw/Q126_EarningsRelease.pdf, p. 1","1","Financial Results Highlights","data/raw/Q126_EarningsRelease.pdf","Toronto, February 25, 2026 - BMO Financial Group (TSX:BMO) (NYSE:BMO) reported net income for the first quarter ended January 31, 2026 was $2,489 million, compared with $2,138 million in the prior year, and EPS of $3.39, compared with $2.83. Reported ROE was 12.1%, compared with 10.6% in the prior year. Adjusted net income was $2,551 million and adjusted EPS was $3.48, an increase from $2,289 million and $3.04, respectively, in the prior year. Adjusted ROE was 12.4%, compared with 11.3% in the prior year. Reported and adjusted results in the current quarter included severance costs of $147…","Toronto, February 25, 2026 - BMO Financial Group (TSX:BMO) (NYSE:BMO) reported net income for the first quarter ended January 31, 2026 was $2,489 million, compared with $2,138 million in the prior year, and EPS of $3.39, compared with $2.83. Reported ROE was 12.1%, compared with 10.6% in the prior year. Adjusted net income was $2,551 million and adjusted EPS was $3.48, an increase from $2,289 million and $3.04,…"
"bge-m3","bmo-retrieval-042","What were BMO's reported and adjusted EPS in Q1 2026?","bmo-019ff982cfe2d7e246f3","3","Q126_EarningsRelease","2","data/raw/Q126_EarningsRelease.pdf, p. 1","1","Financial Results Highlights","data/raw/Q126_EarningsRelease.pdf","Toronto, February 25, 2026 - BMO Financial Group (TSX:BMO) (NYSE:BMO) reported net income for the first quarter ended January 31, 2026 was $2,489 million, compared with $2,138 million in the prior year, and EPS of $3.39, compared with $2.83. Reported ROE was 12.1%, compared with 10.6% in the prior year. Adjusted net income was $2,551 million and adjusted EPS was $3.48, an increase from $2,289 million and $3.04, respectively, in the prior year. Adjusted ROE was 12.4%, compared with 11.3% in the prior year. Reported and adjusted results in the current quarter included severance costs of $147…","Toronto, February 25, 2026 - BMO Financial Group (TSX:BMO) (NYSE:BMO) reported net income for the first quarter ended January 31, 2026 was $2,489 million, compared with $2,138 million in the prior year, and EPS of $3.39, compared with $2.83. Reported ROE was 12.1%, compared with 10.6% in the prior year. Adjusted net income was $2,551 million and adjusted EPS was $3.48, an increase from $2,289 million and $3.04,…"
"bge-m3","bmo-retrieval-043","How did Canadian P&C net income change in Q1 2026?","bmo-dbb187d4bf15db51368b","3","Q126_EarningsRelease","7","data/raw/Q126_EarningsRelease.pdf, p. 2","2","Canadian P&C","data/raw/Q126_EarningsRelease.pdf","Reported net income was $948 million and adjusted net income was $951 million, both increasing $71 million or 8% from the prior year, primarily due to a 7% increase in revenue, as well as a lower provision for credit losses, partially offset by higher expenses. Revenue growth was driven by higher net interest income, due to higher net interest margin and balance growth, and an increase in non-interest revenue, including above-trend card fee revenue due to revised future redemption assumptions in the current quarter.","Reported net income was $948 million and adjusted net income was $951 million, both increasing $71 million or 8% from the prior year, primarily due to a 7% increase in revenue, as well as a lower provision for credit losses, partially offset by higher expenses. Revenue growth was driven by higher net interest income, due to higher net interest margin and balance growth, and an increase in non-interest revenue,…"
"bge-m3","bmo-retrieval-044","How did U.S. Banking perform in Q1 2026 in Canadian and U.S. dollars?","bmo-a5fe37cfcfc2781c2a33","3","Q126_EarningsRelease","8","data/raw/Q126_EarningsRelease.pdf, p. 2","2","U.S. Banking","data/raw/Q126_EarningsRelease.pdf","Reported net income was $742 million, an increase of $107 million or 17% from the prior year, and adjusted net income was $802 million, an increase of $95 million or 13%. The impact of the weaker U.S. dollar decreased net income by 5%. On a U.S. dollar basis, reported net income was $539 million, an increase of $93 million or 21% from the prior year, and adjusted net income was $583 million, an increase of $87 million or 18%, primarily due to a lower provision for credit losses. Revenue growth of 2%, reflecting higher net interest income and non-interest revenue, was more than offset by…","Reported net income was $742 million, an increase of $107 million or 17% from the prior year, and adjusted net income was $802 million, an increase of $95 million or 13%. The impact of the weaker U.S. dollar decreased net income by 5%. On a U.S. dollar basis, reported net income was $539 million, an increase of $93 million or 21% from the prior year, and adjusted net income was $583 million, an increase of $87…"
"bge-m3","bmo-retrieval-045","For what period were BMO's Q1 2026 interim financial statements prepared?","bmo-de2d732856072e66bac9","3","Q126_ReportToShareholders","0","data/raw/Q126_ReportToShareholders.pdf, p. 1","1","REPORT TO SHAREHOLDERS","data/raw/Q126_ReportToShareholders.pdf","BMO's First Quarter 2026 Report to Shareholders, including the unaudited interim consolidated financial statements for the period ended January 31, 2026, are available online at www.bmo.com/investorrelations, on the Canadian Securities Administrators' website at www.sedarplus.ca, and on the EDGAR section of the U.S. Securities and Exchange Commission's website at www.sec.gov.","BMO's First Quarter 2026 Report to Shareholders, including the unaudited interim consolidated financial statements for the period ended January 31, 2026, are available online at www.bmo.com/investorrelations, on the Canadian Securities Administrators' website at www.sedarplus.ca, and on the EDGAR section of the U.S. Securities and Exchange Commission's website at www.sec.gov."
"bge-m3","bmo-retrieval-046","What were BMO's Q1 2026 PCL, ROE and CET1 ratio?","bmo-7b7df28d56a73836e562","3","Q126_ReportToShareholders","1","data/raw/Q126_ReportToShareholders.pdf, p. 1","1","Financial Results Highlights","data/raw/Q126_ReportToShareholders.pdf","First Quarter 2026 compared with First Quarter 2025: - Reported net income 1 of $2,489 million, an increase of 16% from $2,138 million; adjusted net income 1 of $2,551 million, an increase of 11% from $2,289 million - Reported earnings per share (EPS) 2 of $3.39, an increase of 20% from $2.83; adjusted EPS 1, 2 of $3.48, an increase of 15% from $3.04 - Provision for credit losses (PCL) of $746 million, a decrease from $1,011 million - Reported return on equity (ROE) of 12.1%, compared with 10.6%; adjusted ROE 1 of 12.4%, compared with 11.3% - Common Equity Tier 1 (CET1) Ratio 3 of 13.1%,…","First Quarter 2026 compared with First Quarter 2025: - Reported net income 1 of $2,489 million, an increase of 16% from $2,138 million; adjusted net income 1 of $2,551 million, an increase of 11% from $2,289 million - Reported earnings per share (EPS) 2 of $3.39, an increase of 20% from $2.83; adjusted EPS 1, 2 of $3.48, an increase of 15% from $3.04 - Provision for credit losses (PCL) of $746 million, a decrease…"
"bge-m3","bmo-retrieval-047","What sources comprise the Enhanced Disclosure Task Force index for Q1 2026?","bmo-8d91847f7b276d39bde4","3","Q126_ReportToShareholders","6","data/raw/Q126_ReportToShareholders.pdf, p. 2","2","Enhanced Disclosure Task Force","data/raw/Q126_ReportToShareholders.pdf","Disclosures related to recommendations from the Financial Stability Board's Enhanced Disclosure Task Force (EDTF) to provide high-quality, transparent risk disclosures are detailed in the index below, as presented in BMO's 2025 Annual Report, the First Quarter 2026 Report to Shareholders (RTS), Supplemental Financial Information (SFI) or Supplemental Regulatory Capital Information (SRCI). Information on BMO's website, including information within the SFI or SRCI, is not and should not be considered incorporated by reference into our First Quarter 2026 Report to Shareholders.","Disclosures related to recommendations from the Financial Stability Board's Enhanced Disclosure Task Force (EDTF) to provide high-quality, transparent risk disclosures are detailed in the index below, as presented in BMO's 2025 Annual Report, the First Quarter 2026 Report to Shareholders (RTS), Supplemental Financial Information (SFI) or Supplemental Regulatory Capital Information (SRCI). Information on BMO's…"
"bge-m3","bmo-retrieval-048","As of what date is the Q1 2026 MD&A commentary?","bmo-e1d52777fdb6d735ef1f","3","Q126_ReportToShareholders","10","data/raw/Q126_ReportToShareholders.pdf, p. 3","3","Management's Discussion and Analysis","data/raw/Q126_ReportToShareholders.pdf","Management's Discussion and Analysis (MD&A) commentary is as at February 25, 2026 for the period ended January 31, 2026. The material that precedes this section comprises part of this MD&A. The MD&A should be read in conjunction with the unaudited interim consolidated financial statements for the period ended January 31, 2026, included in this document, as well as the audited annual consolidated financial statements for the year ended October 31, 2025, and the 2025 annual MD&A, contained in Bank of Montreal's 2025 Annual Report.","Management's Discussion and Analysis (MD&A) commentary is as at February 25, 2026 for the period ended January 31, 2026. The material that precedes this section comprises part of this MD&A. The MD&A should be read in conjunction with the unaudited interim consolidated financial statements for the period ended January 31, 2026, included in this document, as well as the audited annual consolidated financial statements…"
"bge-m3","bmo-retrieval-049","What reported and adjusted net income did BMO post in Q2 2026?","bmo-f5f3c016c51708e08e29","3","Q226_EarningsRelease","1","data/raw/Q226_EarningsRelease.pdf, p. 1","1","Financial Results Highlights","data/raw/Q226_EarningsRelease.pdf","Second Quarter 2026 compared with Second Quarter 2025: - Reported net income 1 of $2,630 million, an increase of 34% from $1,962 million; adjusted net income 1 of $2,733 million, an increase of 34% from $2,046 million - Reported earnings per share (EPS) 2 of $3.53, an increase of 41% from $2.50; adjusted EPS 1, 2 of $3.67, an increase of 40% from $2.62 - Provision for credit losses (PCL) of $739 million, a decrease from $1,054 million - Reported return on equity (ROE) of 13.0%, compared with 9.4%; adjusted ROE 1 of 13.5%, compared with 9.8% - Common Equity Tier 1 (CET1) Ratio 3 of 13.0%,…","Second Quarter 2026 compared with Second Quarter 2025: - Reported net income 1 of $2,630 million, an increase of 34% from $1,962 million; adjusted net income 1 of $2,733 million, an increase of 34% from $2,046 million - Reported earnings per share (EPS) 2 of $3.53, an increase of 41% from $2.50; adjusted EPS 1, 2 of $3.67, an increase of 40% from $2.62 - Provision for credit losses (PCL) of $739 million, a decrease…"
"bge-m3","bmo-retrieval-050","What dividend did BMO declare in Q2 2026 and how much did it increase?","bmo-f5f3c016c51708e08e29","3","Q226_EarningsRelease","1","data/raw/Q226_EarningsRelease.pdf, p. 1","1","Financial Results Highlights","data/raw/Q226_EarningsRelease.pdf","Second Quarter 2026 compared with Second Quarter 2025: - Reported net income 1 of $2,630 million, an increase of 34% from $1,962 million; adjusted net income 1 of $2,733 million, an increase of 34% from $2,046 million - Reported earnings per share (EPS) 2 of $3.53, an increase of 41% from $2.50; adjusted EPS 1, 2 of $3.67, an increase of 40% from $2.62 - Provision for credit losses (PCL) of $739 million, a decrease from $1,054 million - Reported return on equity (ROE) of 13.0%, compared with 9.4%; adjusted ROE 1 of 13.5%, compared with 9.8% - Common Equity Tier 1 (CET1) Ratio 3 of 13.0%,…","Second Quarter 2026 compared with Second Quarter 2025: - Reported net income 1 of $2,630 million, an increase of 34% from $1,962 million; adjusted net income 1 of $2,733 million, an increase of 34% from $2,046 million - Reported earnings per share (EPS) 2 of $3.53, an increase of 41% from $2.50; adjusted EPS 1, 2 of $3.67, an increase of 40% from $2.62 - Provision for credit losses (PCL) of $739 million, a decrease…"
"bge-m3","bmo-retrieval-051","What were BMO's year-to-date 2026 reported and adjusted EPS?","bmo-ccc96f75ce929cfa0857","3","Q226_EarningsRelease","2","data/raw/Q226_EarningsRelease.pdf, p. 1","1","Year-to-Date 2026 compared with Year-to-Date 2025:","data/raw/Q226_EarningsRelease.pdf","- Reported net income 1 of $5,119 million, an increase of 25% from $4,100 million; adjusted net income 1 of $5,284 million, an increase of 22% from $4,335 million - Reported EPS 2 of $6.92, an increase of 30% from $5.34; adjusted EPS 1, 2 of $7.15, an increase of 26% from $5.66 - PCL of $1,485 million, a decrease from $2,065 million - Reported ROE of 12.5%, compared with 10.0%; adjusted ROE 1 of 12.9%, compared with 10.6%","- Reported net income 1 of $5,119 million, an increase of 25% from $4,100 million; adjusted net income 1 of $5,284 million, an increase of 22% from $4,335 million - Reported EPS 2 of $6.92, an increase of 30% from $5.34; adjusted EPS 1, 2 of $7.15, an increase of 26% from $5.66 - PCL of $1,485 million, a decrease from $2,065 million - Reported ROE of 12.5%, compared with 10.0%; adjusted ROE 1 of 12.9%, compared with…"
"bge-m3","bmo-retrieval-052","How did Canadian P&C net income change in Q2 2026?","bmo-d8b4ff732985f2971b8b","3","Q226_EarningsRelease","12","data/raw/Q226_EarningsRelease.pdf, p. 2","2","Canadian P&C","data/raw/Q226_EarningsRelease.pdf","Reported net income was $884 million, an increase of $120 million or 15% from the prior year, and adjusted net income was $887 million, an increase of $119 million or 15%, primarily due to a 5% increase in revenue, as well as a lower provision for credit losses, partially offset by higher expenses. Revenue growth was driven by increases in net interest income, primarily due to higher net interest margin, and non-interest revenue due to higher card-related and mutual fund distribution fees, partially offset by lower deposit fee revenue.","Reported net income was $884 million, an increase of $120 million or 15% from the prior year, and adjusted net income was $887 million, an increase of $119 million or 15%, primarily due to a 5% increase in revenue, as well as a lower provision for credit losses, partially offset by higher expenses. Revenue growth was driven by increases in net interest income, primarily due to higher net interest margin, and…"
"bge-m3","bmo-retrieval-053","For what period were BMO's Q2 2026 interim financial statements prepared?","bmo-4052b8af184c044dbe66","3","Q226_ReportToShareholders","0","data/raw/Q226_ReportToShareholders.pdf, p. 1","1","REPORT TO SHAREHOLDERS","data/raw/Q226_ReportToShareholders.pdf","BMO's Second Quarter 2026 Report to Shareholders, including the unaudited interim consolidated financial statements for the period ended April 30, 2026, are available online at www.bmo.com/investorrelations, on the Canadian Securities Administrators' website at www.sedarplus.ca, and on the EDGAR section of the U.S. Securities and Exchange Commission's website at www.sec.gov.","BMO's Second Quarter 2026 Report to Shareholders, including the unaudited interim consolidated financial statements for the period ended April 30, 2026, are available online at www.bmo.com/investorrelations, on the Canadian Securities Administrators' website at www.sedarplus.ca, and on the EDGAR section of the U.S. Securities and Exchange Commission's website at www.sec.gov."
"bge-m3","bmo-retrieval-054","What were BMO's Q2 2026 reported EPS, adjusted EPS and CET1 ratio?","bmo-066760077664f9e1d968","3","Q226_ReportToShareholders","1","data/raw/Q226_ReportToShareholders.pdf, p. 1","1","Financial Results Highlights","data/raw/Q226_ReportToShareholders.pdf","Second Quarter 2026 compared with Second Quarter 2025: - Reported net income 1 of $2,630 million, an increase of 34% from $1,962 million; adjusted net income 1 of $2,733 million, an increase of 34% from $2,046 million - Reported earnings per share (EPS) 2 of $3.53, an increase of 41% from $2.50; adjusted EPS 1, 2 of $3.67, an increase of 40% from $2.62 - Provision for credit losses (PCL) of $739 million, a decrease from $1,054 million - Reported return on equity (ROE) of 13.0%, compared with 9.4%; adjusted ROE 1 of 13.5%, compared with 9.8% - Common Equity Tier 1 (CET1) Ratio 3 of 13.0%,…","Second Quarter 2026 compared with Second Quarter 2025: - Reported net income 1 of $2,630 million, an increase of 34% from $1,962 million; adjusted net income 1 of $2,733 million, an increase of 34% from $2,046 million - Reported earnings per share (EPS) 2 of $3.53, an increase of 41% from $2.50; adjusted EPS 1, 2 of $3.67, an increase of 40% from $2.62 - Provision for credit losses (PCL) of $739 million, a decrease…"
"bge-m3","bmo-retrieval-055","What were BMO's year-to-date 2026 net income and PCL?","bmo-d7c2c5bcc623f9e1603d","3","Q226_ReportToShareholders","2","data/raw/Q226_ReportToShareholders.pdf, p. 1","1","Year-to-Date 2026 compared with Year-to-Date 2025:","data/raw/Q226_ReportToShareholders.pdf","- Reported net income 1 of $5,119 million, an increase of 25% from $4,100 million; adjusted net income 1 of $5,284 million, an increase of 22% from $4,335 million - Reported EPS 2 of $6.92, an increase of 30% from $5.34; adjusted EPS 1, 2 of $7.15, an increase of 26% from $5.66 - PCL of $1,485 million, a decrease from $2,065 million - Reported ROE of 12.5%, compared with 10.0%; adjusted ROE 1 of 12.9%, compared with 10.6%","- Reported net income 1 of $5,119 million, an increase of 25% from $4,100 million; adjusted net income 1 of $5,284 million, an increase of 22% from $4,335 million - Reported EPS 2 of $6.92, an increase of 30% from $5.34; adjusted EPS 1, 2 of $7.15, an increase of 26% from $5.66 - PCL of $1,485 million, a decrease from $2,065 million - Reported ROE of 12.5%, compared with 10.0%; adjusted ROE 1 of 12.9%, compared with…"
"bge-m3","bmo-retrieval-056","What sources comprise the Enhanced Disclosure Task Force index for Q2 2026?","bmo-8ab5d6ee881e05d83772","3","Q226_ReportToShareholders","11","data/raw/Q226_ReportToShareholders.pdf, p. 3","3","Enhanced Disclosure Task Force","data/raw/Q226_ReportToShareholders.pdf","Disclosures related to recommendations from the Financial Stability Board's Enhanced Disclosure Task Force (EDTF) to provide high-quality, transparent risk disclosures are detailed in the index below, as presented in BMO's 2025 Annual Report, the Second Quarter 2026 Report to Shareholders (RTS), Supplemental Financial Information (SFI) or Supplemental Regulatory Capital Information (SRCI). Information on BMO's website, including information within the SFI or SRCI, is not and should not be considered incorporated by reference into our Second Quarter 2026 Report to Shareholders.","Disclosures related to recommendations from the Financial Stability Board's Enhanced Disclosure Task Force (EDTF) to provide high-quality, transparent risk disclosures are detailed in the index below, as presented in BMO's 2025 Annual Report, the Second Quarter 2026 Report to Shareholders (RTS), Supplemental Financial Information (SFI) or Supplemental Regulatory Capital Information (SRCI). Information on BMO's…"
"bge-m3","bmo-retrieval-057","What reported and adjusted net income did BMO post in Q3 2026?","bmo-ff6f00d78e116ab4af67","3","Q326_EarningsRelease","3","data/raw/Q326_EarningsRelease.pdf, p. 1","1","Financial Results Highlights","data/raw/Q326_EarningsRelease.pdf","Toronto, August 25, 2026 - BMO Financial Group (TSX:BMO) (NYSE:BMO) reported net income for the third quarter ended July 31, 2026 was $1,750 million, compared with $2,330 million in the prior year, and EPS of $2.38, compared with $3.14. Reported ROE was 8.4%, compared with 11.6% in the prior year. The decrease in reported results was driven by a charge related to the reduction in goodwill associated with the announced sale of BMO's Transportation and Vendor Finance businesses. Adjusted net income of $2,859 million increased 19% from $2,399 million in the prior year, and adjusted EPS of $3.96…","Toronto, August 25, 2026 - BMO Financial Group (TSX:BMO) (NYSE:BMO) reported net income for the third quarter ended July 31, 2026 was $1,750 million, compared with $2,330 million in the prior year, and EPS of $2.38, compared with $3.14. Reported ROE was 8.4%, compared with 11.6% in the prior year. The decrease in reported results was driven by a charge related to the reduction in goodwill associated with the…"
"bge-m3","bmo-retrieval-058","What were BMO's reported and adjusted EPS in Q3 2026?","bmo-ff6f00d78e116ab4af67","3","Q326_EarningsRelease","3","data/raw/Q326_EarningsRelease.pdf, p. 1","1","Financial Results Highlights","data/raw/Q326_EarningsRelease.pdf","Toronto, August 25, 2026 - BMO Financial Group (TSX:BMO) (NYSE:BMO) reported net income for the third quarter ended July 31, 2026 was $1,750 million, compared with $2,330 million in the prior year, and EPS of $2.38, compared with $3.14. Reported ROE was 8.4%, compared with 11.6% in the prior year. The decrease in reported results was driven by a charge related to the reduction in goodwill associated with the announced sale of BMO's Transportation and Vendor Finance businesses. Adjusted net income of $2,859 million increased 19% from $2,399 million in the prior year, and adjusted EPS of $3.96…","Toronto, August 25, 2026 - BMO Financial Group (TSX:BMO) (NYSE:BMO) reported net income for the third quarter ended July 31, 2026 was $1,750 million, compared with $2,330 million in the prior year, and EPS of $2.38, compared with $3.14. Reported ROE was 8.4%, compared with 11.6% in the prior year. The decrease in reported results was driven by a charge related to the reduction in goodwill associated with the…"
"bge-m3","bmo-retrieval-059","How did Canadian P&C net income change in Q3 2026?","bmo-039cc788a0c03af90fd1","3","Q326_EarningsRelease","10","data/raw/Q326_EarningsRelease.pdf, p. 2","2","Canadian P&C","data/raw/Q326_EarningsRelease.pdf","Reported net income was $980 million, an increase of $131 million or 16% from the prior year, and adjusted net income was $983 million, an increase of $131 million or 15%, primarily due to a 6% increase in revenue and a lower provision for credit losses, partially offset by higher expenses. Revenue growth was driven by increases in net interest income, primarily due to higher net interest margin and non-interest revenue.","Reported net income was $980 million, an increase of $131 million or 16% from the prior year, and adjusted net income was $983 million, an increase of $131 million or 15%, primarily due to a 6% increase in revenue and a lower provision for credit losses, partially offset by higher expenses. Revenue growth was driven by increases in net interest income, primarily due to higher net interest margin and non-interest…"
"bge-m3","bmo-retrieval-060","How did U.S. Banking perform in Q3 2026 in Canadian and U.S. dollars?","bmo-48eaaf7670823fc92b7c","3","Q326_EarningsRelease","11","data/raw/Q326_EarningsRelease.pdf, p. 2","2","U.S. Banking","data/raw/Q326_EarningsRelease.pdf","Reported net income was $868 million, an increase of $101 million or 13% from the prior year, and adjusted net income was $925 million, an increase of $96 million or 11%. The impact of the stronger U.S. dollar increased each of revenue, expenses and net income by 2%. On a U.S. dollar basis, reported net income was $620 million, an increase of $62 million or 11% from the prior year, and adjusted net income was $661 million, an increase of $58 million or 9%, primarily due to a 5% increase in revenue, partially offset by higher expenses. Revenue growth was driven by increases in net interest…","Reported net income was $868 million, an increase of $101 million or 13% from the prior year, and adjusted net income was $925 million, an increase of $96 million or 11%. The impact of the stronger U.S. dollar increased each of revenue, expenses and net income by 2%. On a U.S. dollar basis, reported net income was $620 million, an increase of $62 million or 11% from the prior year, and adjusted net income was $661…"
"bge-m3","bmo-retrieval-061","For what period were BMO's Q3 2026 interim financial statements prepared?","bmo-2ffa15156b342d3ca1f0","3","Q326_ReportToShareholders","0","data/raw/Q326_ReportToShareholders.pdf, p. 1","1","REPORT TO SHAREHOLDERS","data/raw/Q326_ReportToShareholders.pdf","BMO's Third Quarter 2026 Report to Shareholders, including the unaudited interim consolidated financial statements for the period ended July 31, 2026, are available online at www.bmo.com/investorrelations, on the Canadian Securities Administrators' website at www.sedarplus.ca, and on the EDGAR section of the U.S. Securities and Exchange Commission's website at www.sec.gov.","BMO's Third Quarter 2026 Report to Shareholders, including the unaudited interim consolidated financial statements for the period ended July 31, 2026, are available online at www.bmo.com/investorrelations, on the Canadian Securities Administrators' website at www.sedarplus.ca, and on the EDGAR section of the U.S. Securities and Exchange Commission's website at www.sec.gov."
"bge-m3","bmo-retrieval-062","What were BMO's Q3 2026 PCL, ROE and CET1 ratio?","bmo-39e69130adc5b1f4211c","3","Q326_ReportToShareholders","1","data/raw/Q326_ReportToShareholders.pdf, p. 1","1","Financial Results Highlights","data/raw/Q326_ReportToShareholders.pdf","Third Quarter 2026 compared with Third Quarter 2025: - Reported net income 1 of $1,750 million, a decrease of 25% from $2,330 million; adjusted net income 1 of $2,859 million, an increase of 19% from $2,399 million - Reported earnings per share (EPS) 2 of $2.38, a decrease of 24% from $3.14; adjusted EPS 1, 2 of $3.96, an increase of 22% from $3.23 - Provision for credit losses (PCL) of $722 million, a decrease from $797 million - Reported return on equity (ROE) of 8.4%, compared with 11.6%; adjusted ROE 1 of 14.0%, compared with 12.0% - Common Equity Tier 1 (CET1) Ratio 3 of 13.0%, compared…","Third Quarter 2026 compared with Third Quarter 2025: - Reported net income 1 of $1,750 million, a decrease of 25% from $2,330 million; adjusted net income 1 of $2,859 million, an increase of 19% from $2,399 million - Reported earnings per share (EPS) 2 of $2.38, a decrease of 24% from $3.14; adjusted EPS 1, 2 of $3.96, an increase of 22% from $3.23 - Provision for credit losses (PCL) of $722 million, a decrease from…"
"bge-m3","bmo-retrieval-063","What deposits, loans and premium are involved in the planned sale of 138 U.S. branches?","bmo-6fb966f5b5040235a7fb","3","Q326_ReportToShareholders","9","data/raw/Q326_ReportToShareholders.pdf, p. 2","2","Divestitures","data/raw/Q326_ReportToShareholders.pdf","On October 16, 2025, we announced the sale of 138 BMO branches in select markets to First-Citizens Bank & Trust Company (First Citizens Bank) to support the optimization of our U.S. branch network and the redeployment of capital and resources. Under the terms of this agreement, First Citizens Bank will assume approximately US$5.3 billion (CAD$7.4 billion) in deposits and purchase approximately US$0.7 billion (CAD$1.0 billion) in loans as at July 31, 2026, for a net deposit premium of approximately 5% paid on closing. This transaction is expected to close in the fourth quarter of fiscal 2026,…","On October 16, 2025, we announced the sale of 138 BMO branches in select markets to First-Citizens Bank & Trust Company (First Citizens Bank) to support the optimization of our U.S. branch network and the redeployment of capital and resources. Under the terms of this agreement, First Citizens Bank will assume approximately US$5.3 billion (CAD$7.4 billion) in deposits and purchase approximately US$0.7 billion…"
"bge-m3","bmo-retrieval-064","What business did BMO agree to acquire from Euroz Hartleys in June 2026?","bmo-bcc2c4e929bb21b726b3","3","Q326_ReportToShareholders","13","data/raw/Q326_ReportToShareholders.pdf, p. 2","2","Acquisitions","data/raw/Q326_ReportToShareholders.pdf","On June 29, 2026, we entered into a definitive agreement to acquire the Australia-based metals and mining focused capital markets business of Euroz Hartleys Group Limited (Euroz Hartleys). This acquisition is expected to close in the fourth quarter of calendar 2026, subject to Euroz Hartleys shareholder approval, regulatory approvals and satisfaction of other customary closing conditions. Following closing, the acquired business will form part of the Capital Markets operating segment. For further information on the above divestitures and acquisition, refer to Note 13 of the unaudited interim…","On June 29, 2026, we entered into a definitive agreement to acquire the Australia-based metals and mining focused capital markets business of Euroz Hartleys Group Limited (Euroz Hartleys). This acquisition is expected to close in the fourth quarter of calendar 2026, subject to Euroz Hartleys shareholder approval, regulatory approvals and satisfaction of other customary closing conditions. Following closing, the…"
"bge-m3","bmo-retrieval-065","How should BMO's Q3 2026 supplementary regulatory capital information be used?","bmo-2cf4a13431087798555b","3","RegSuppQ326","3","data/raw/RegSuppQ326.pdf, p. 3","3","Use of this Document","data/raw/RegSuppQ326.pdf","The supplementary information contained in this package is designed to improve the readers' understanding of the capital requirements of BMO Financial Group (the Bank). This information should be used in conjunction with the Bank's Third quarter 2026 Report to Shareholders and the 2025 Annual Report available on the Canadian Securities Administrators' website at www.sedarplus.ca and BMO's website at www.bmo.com/investorrelations.","The supplementary information contained in this package is designed to improve the readers' understanding of the capital requirements of BMO Financial Group (the Bank). This information should be used in conjunction with the Bank's Third quarter 2026 Report to Shareholders and the 2025 Annual Report available on the Canadian Securities Administrators' website at www.sedarplus.ca and BMO's website at…"
"bge-m3","bmo-retrieval-066","Which frameworks and OSFI guidelines determine BMO's regulatory capital disclosures?","bmo-a54590afe687d72bd739","3","RegSuppQ326","5","data/raw/RegSuppQ326.pdf, p. 3","3","Regulatory Framework","data/raw/RegSuppQ326.pdf","Regulatory capital requirements for the bank are determined in accordance with guidelines issued by the Office of the Superintendent of Financial Institutions (OSFI), which are based on the revised Basel III Reforms framework (inclusive of the 2017 Basel III Reforms) developed by the Basel Committee on Banking Supervision (BCBS). The measures and disclosures herein are presented in accordance with OSFI's Pillar 3 Disclosure Guideline, including the Total Loss Absorbing Capacity (TLAC) Disclosure Requirements Guideline for domestic systemically important banks (D-SIBs) and the Enhanced…","Regulatory capital requirements for the bank are determined in accordance with guidelines issued by the Office of the Superintendent of Financial Institutions (OSFI), which are based on the revised Basel III Reforms framework (inclusive of the 2017 Basel III Reforms) developed by the Basel Committee on Banking Supervision (BCBS). The measures and disclosures herein are presented in accordance with OSFI's Pillar 3…"
"bge-m3","bmo-retrieval-067","Which insurance subsidiaries are excluded from BMO's regulatory-scope balance sheet?","bmo-73a6a79d9baa8b1e01b3","3","RegSuppQ326","27","data/raw/RegSuppQ326.pdf, p. 9","9","CC2 - RECONCILIATION OF REGULATORY CAPITAL TO BALANCE SHEET","data/raw/RegSuppQ326.pdf","(1) Balance sheet under regulatory scope does not include the following entities: BMO Life Insurance Company and BMO Reinsurance Limited. Insurance subsidiaries are included in the regulatory balance sheet using the equity method of accounting and are capitalized as significant investments in financials. BMO Life Insurance Company ($23,046 million assets and $2,610 million equity) covers the development and marketing of individual life, critical illness and annuity products as well as segregated funds. It also offers group creditor and travel insurance to bank customers in Canada. BMO…","(1) Balance sheet under regulatory scope does not include the following entities: BMO Life Insurance Company and BMO Reinsurance Limited. Insurance subsidiaries are included in the regulatory balance sheet using the equity method of accounting and are capitalized as significant investments in financials. BMO Life Insurance Company ($23,046 million assets and $2,610 million equity) covers the development and…"
"bge-m3","bmo-retrieval-068","What products are offered by BMO Life Insurance Company?","bmo-73a6a79d9baa8b1e01b3","3","RegSuppQ326","27","data/raw/RegSuppQ326.pdf, p. 9","9","CC2 - RECONCILIATION OF REGULATORY CAPITAL TO BALANCE SHEET","data/raw/RegSuppQ326.pdf","(1) Balance sheet under regulatory scope does not include the following entities: BMO Life Insurance Company and BMO Reinsurance Limited. Insurance subsidiaries are included in the regulatory balance sheet using the equity method of accounting and are capitalized as significant investments in financials. BMO Life Insurance Company ($23,046 million assets and $2,610 million equity) covers the development and marketing of individual life, critical illness and annuity products as well as segregated funds. It also offers group creditor and travel insurance to bank customers in Canada. BMO…","(1) Balance sheet under regulatory scope does not include the following entities: BMO Life Insurance Company and BMO Reinsurance Limited. Insurance subsidiaries are included in the regulatory balance sheet using the equity method of accounting and are capitalized as significant investments in financials. BMO Life Insurance Company ($23,046 million assets and $2,610 million equity) covers the development and…"
"bge-m3","bmo-retrieval-069","What four operating segments does BMO use in its Q1 2026 supplemental information?","bmo-ed5dda6fe554f6377824","3","Suppq126","5","data/raw/Suppq126.pdf, p. 3","3","Operating Segment Results","data/raw/Suppq126.pdf","BMO reports financial results for its four operating segments, all of which are supported by Corporate Units and Technology and Operations (T&O) within Corporate Services. Operating segment results include allocations from Corporate Services for treasury-related revenue, corporate and T&O costs, and capital. For more information, see the ""How BMO Reports Operating Group Results"" section of the 2025 BMO Annual MD&A.","BMO reports financial results for its four operating segments, all of which are supported by Corporate Units and Technology and Operations (T&O) within Corporate Services. Operating segment results include allocations from Corporate Services for treasury-related revenue, corporate and T&O costs, and capital. For more information, see the ""How BMO Reports Operating Group Results"" section of the 2025 BMO Annual MD&A."
"bge-m3","bmo-retrieval-070","Why does BMO's Q1 2026 supplemental package present both reported and adjusted results?","bmo-bc4c98d33041974d0a12","3","Suppq126","8","data/raw/Suppq126.pdf, p. 3","3","Adjusted measures and ratios","data/raw/Suppq126.pdf","Management considers both reported and adjusted results and measures useful in assessing underlying ongoing business performance. Adjusted results and measures remove certain specified items from revenue, non-interest expense and income taxes, as detailed on page 2. Adjusted results and measures presented in this document are non-GAAP. Presenting results on both a reported basis and an adjusted basis permits readers to assess the impact of certain items on results for the periods presented, and to better assess results excluding those items that may not be reflective of ongoing business…","Management considers both reported and adjusted results and measures useful in assessing underlying ongoing business performance. Adjusted results and measures remove certain specified items from revenue, non-interest expense and income taxes, as detailed on page 2. Adjusted results and measures presented in this document are non-GAAP. Presenting results on both a reported basis and an adjusted basis permits readers…"
"bge-m3","bmo-retrieval-071","What businesses are excluded from the net interest margin measure in BMO's Q1 2026 supplement?","bmo-09bed7072130add46cbf","3","Suppq126","10","data/raw/Suppq126.pdf, p. 3","3","Net Interest Margin, excluding Global Markets and Insurance","data/raw/Suppq126.pdf","Effective the first quarter of fiscal 2026, we report net interest margin on a basis that excludes net interest income from our Global Markets business in Capital Markets, and average earning assets from our Global Markets and Insurance businesses. Management considers this measure to be useful in allowing readers to assess performance of BMO's lending, investing and deposit-raising activities without the volatility that may be associated with market and trading-related activities. This measure replaces Net Interest Margin, excluding trading and insurance previously disclosed, and prior…","Effective the first quarter of fiscal 2026, we report net interest margin on a basis that excludes net interest income from our Global Markets business in Capital Markets, and average earning assets from our Global Markets and Insurance businesses. Management considers this measure to be useful in allowing readers to assess performance of BMO's lending, investing and deposit-raising activities without the volatility…"
"bge-m3","bmo-retrieval-072","Which report and annual report should be read with the Q1 supplemental package?","bmo-caf5e580a0b472bc9d0c","3","Suppq126","2","data/raw/Suppq126.pdf, p. 3","3","Return on Equity by Operating Segment","data/raw/Suppq126.pdf","The supplemental information contained in this package is designed to improve the readers' understanding of the financial performance of BMO Financial Group (the Bank). This information should be used in conjunction with the Bank's First Quarter 2026 Report to Shareholders and the 2025 Annual Report available on the Canadian Securities Administrators' website at www.sedarplus.ca and BMO's website at www.bmo.com/investor relations.","The supplemental information contained in this package is designed to improve the readers' understanding of the financial performance of BMO Financial Group (the Bank). This information should be used in conjunction with the Bank's First Quarter 2026 Report to Shareholders and the 2025 Annual Report available on the Canadian Securities Administrators' website at www.sedarplus.ca and BMO's website at…"
"bge-m3","bmo-retrieval-073","What four operating segments does BMO use in its Q2 2026 supplemental information?","bmo-20158f1679b5f85fec72","3","Suppq226","5","data/raw/Suppq226.pdf, p. 3","3","Operating Segment Results","data/raw/Suppq226.pdf","BMO reports financial results for its four operating segments, all of which are supported by Corporate Units and Technology and Operations (T&O) within Corporate Services. Operating segment results include allocations from Corporate Services for treasury-related revenue, corporate and T&O costs, and capital. For more information, see the ""How BMO Reports Operating Group Results"" section of the 2025 BMO Annual MD&A.","BMO reports financial results for its four operating segments, all of which are supported by Corporate Units and Technology and Operations (T&O) within Corporate Services. Operating segment results include allocations from Corporate Services for treasury-related revenue, corporate and T&O costs, and capital. For more information, see the ""How BMO Reports Operating Group Results"" section of the 2025 BMO Annual MD&A."
"bge-m3","bmo-retrieval-074","Why does BMO's Q2 2026 supplemental package present both reported and adjusted results?","bmo-80f5f38e279e7e0ce03b","3","Suppq226","8","data/raw/Suppq226.pdf, p. 3","3","Adjusted measures and ratios","data/raw/Suppq226.pdf","Management considers both reported and adjusted results and measures useful in assessing underlying ongoing business performance. Adjusted results and measures remove certain specified items from revenue, non-interest expense and income taxes, as detailed on page 2. Adjusted results and measures presented in this document are non-GAAP. Presenting results on both a reported basis and an adjusted basis permits readers to assess the impact of certain items on results for the periods presented, and to better assess results excluding those items that may not be reflective of ongoing business…","Management considers both reported and adjusted results and measures useful in assessing underlying ongoing business performance. Adjusted results and measures remove certain specified items from revenue, non-interest expense and income taxes, as detailed on page 2. Adjusted results and measures presented in this document are non-GAAP. Presenting results on both a reported basis and an adjusted basis permits readers…"
"bge-m3","bmo-retrieval-075","What businesses are excluded from the net interest margin measure in BMO's Q2 2026 supplement?","bmo-474d4291746250dd9809","3","Suppq226","10","data/raw/Suppq226.pdf, p. 3","3","Net Interest Margin, excluding Global Markets and Insurance","data/raw/Suppq226.pdf","Effective the first quarter of fiscal 2026, we report net interest margin on a basis that excludes net interest income from our Global Markets business in Capital Markets, and average earning assets from our Global Markets and Insurance businesses. Management considers this measure to be useful in allowing readers to assess performance of BMO's lending, investing and deposit-raising activities without the volatility that may be associated with market and trading-related activities. This measure replaces Net Interest Margin, excluding trading and insurance previously disclosed, and prior…","Effective the first quarter of fiscal 2026, we report net interest margin on a basis that excludes net interest income from our Global Markets business in Capital Markets, and average earning assets from our Global Markets and Insurance businesses. Management considers this measure to be useful in allowing readers to assess performance of BMO's lending, investing and deposit-raising activities without the volatility…"
"bge-m3","bmo-retrieval-076","Which report and annual report should be read with the Q2 supplemental package?","bmo-c9b2c0fcbd3648e62fb2","3","Suppq226","2","data/raw/Suppq226.pdf, p. 3","3","Return on Equity by Operating Segment","data/raw/Suppq226.pdf","The supplemental information contained in this package is designed to improve the readers' understanding of the financial performance of BMO Financial Group (the Bank). This information should be used in conjunction with the Bank's Second Quarter 2026 Report to Shareholders and the 2025 Annual Report available on the Canadian Securities Administrators' website at www.sedarplus.ca and BMO's website at www.bmo.com/investor relations.","The supplemental information contained in this package is designed to improve the readers' understanding of the financial performance of BMO Financial Group (the Bank). This information should be used in conjunction with the Bank's Second Quarter 2026 Report to Shareholders and the 2025 Annual Report available on the Canadian Securities Administrators' website at www.sedarplus.ca and BMO's website at…"
"bge-m3","bmo-retrieval-077","What four operating segments does BMO use in its Q3 2026 supplemental information?","bmo-b744a42f03800223bbe0","3","SuppQ326","5","data/raw/SuppQ326.pdf, p. 3","3","Operating Segment Results","data/raw/SuppQ326.pdf","BMO reports financial results for its four operating segments, all of which are supported by Corporate Units and Technology and Operations (T&O) within Corporate Services. Operating segment results include allocations from Corporate Services for treasury-related revenue, corporate and T&O costs, and capital. For more information, see the ""How BMO Reports Operating Group Results"" section of the 2025 BMO Annual MD&A.","BMO reports financial results for its four operating segments, all of which are supported by Corporate Units and Technology and Operations (T&O) within Corporate Services. Operating segment results include allocations from Corporate Services for treasury-related revenue, corporate and T&O costs, and capital. For more information, see the ""How BMO Reports Operating Group Results"" section of the 2025 BMO Annual MD&A."
"bge-m3","bmo-retrieval-078","Why does BMO's Q3 2026 supplemental package present both reported and adjusted results?","bmo-76be7d88f338a9a8dacf","3","SuppQ326","8","data/raw/SuppQ326.pdf, p. 3","3","Adjusted measures and ratios","data/raw/SuppQ326.pdf","Management considers both reported and adjusted results and measures useful in assessing underlying ongoing business performance. Adjusted results and measures remove certain specified items from revenue, non-interest expense and income taxes, as detailed on page 2. Adjusted results and measures presented in this document are non-GAAP. Presenting results on both a reported basis and an adjusted basis permits readers to assess the impact of certain items on results for the periods presented, and to better assess results excluding those items that may not be reflective of ongoing business…","Management considers both reported and adjusted results and measures useful in assessing underlying ongoing business performance. Adjusted results and measures remove certain specified items from revenue, non-interest expense and income taxes, as detailed on page 2. Adjusted results and measures presented in this document are non-GAAP. Presenting results on both a reported basis and an adjusted basis permits readers…"
"bge-m3","bmo-retrieval-079","What businesses are excluded from the net interest margin measure in BMO's Q3 2026 supplement?","bmo-c642804b854d7c55939b","3","SuppQ326","10","data/raw/SuppQ326.pdf, p. 3","3","Net Interest Margin, excluding Global Markets and Insurance","data/raw/SuppQ326.pdf","Effective the first quarter of fiscal 2026, we report net interest margin on a basis that excludes net interest income from our Global Markets business in Capital Markets, and average earning assets from our Global Markets and Insurance businesses. Management considers this measure to be useful in allowing readers to assess performance of BMO's lending, investing and deposit-raising activities without the volatility that may be associated with market and trading-related activities. This measure replaces Net Interest Margin, excluding trading and insurance previously disclosed, and prior…","Effective the first quarter of fiscal 2026, we report net interest margin on a basis that excludes net interest income from our Global Markets business in Capital Markets, and average earning assets from our Global Markets and Insurance businesses. Management considers this measure to be useful in allowing readers to assess performance of BMO's lending, investing and deposit-raising activities without the volatility…"
"bge-m3","bmo-retrieval-080","Which report and annual report should be read with the Q3 supplemental package?","bmo-dfd353eaf3be553105c7","3","SuppQ326","2","data/raw/SuppQ326.pdf, p. 3","3","Return on Equity by Operating Segment","data/raw/SuppQ326.pdf","The supplemental information contained in this package is designed to improve the readers' understanding of the financial performance of BMO Financial Group (the Bank). This information should be used in conjunction with the Bank's Third Quarter 2026 Report to Shareholders and the 2025 Annual Report available on the Canadian Securities Administrators' website at www.sedarplus.ca and BMO's website at www.bmo.com/investor relations.","The supplemental information contained in this package is designed to improve the readers' understanding of the financial performance of BMO Financial Group (the Bank). This information should be used in conjunction with the Bank's Third Quarter 2026 Report to Shareholders and the 2025 Annual Report available on the Canadian Securities Administrators' website at www.sedarplus.ca and BMO's website at…"
"bge-m3","bmo-retrieval-081","How does BMO connect its sustainability priorities to growth and risk management?","bmo-6a5eefe9e1c937d5d9de","3","sustainability_and_climate_report_interactive","7","data/raw/sustainability_and_climate_report_interactive.pdf, p. 3","3","Message from the Executive Committee Sponsor for Sustainability","data/raw/sustainability_and_climate_report_interactive.pdf","At BMO, our strategy is anchored in what sets us apart: world-class client experiences, our Winning Culture, digital-first and AI-enabled capabilities, and a longstanding commitment to superior risk management. Our Purpose, to Boldly Grow the Good in business and life powers our work and our commitment to creating opportunities for a thriving economy, a sustainable future and stronger communities. Our sustainability priorities represent opportunities for growth and are also an essential part of managing our risk. We are mobilizing expertise, platforms and capital across the bank to navigate…","At BMO, our strategy is anchored in what sets us apart: world-class client experiences, our Winning Culture, digital-first and AI-enabled capabilities, and a longstanding commitment to superior risk management. Our Purpose, to Boldly Grow the Good in business and life powers our work and our commitment to creating opportunities for a thriving economy, a sustainable future and stronger communities. Our sustainability…"
"bge-m3","bmo-retrieval-082","What does BMO disclose about responsible artificial intelligence?","bmo-1c2f9c64cacc978b8bf0","3","sustainability_and_climate_report_interactive","151","data/raw/sustainability_and_climate_report_interactive.pdf, p. 24","24","Sustainability Governance | Responsible artificial intelligence","data/raw/sustainability_and_climate_report_interactive.pdf","These principles were developed with input from Legal, Sustainability, Risk, Data Science, Responsible AI, Security and Privacy teams. They are informed by recognized ethical AI standards and frameworks, including those of the European Commission's High-Level Expert Group on AI, the National Institute of Standards and Technology (NIST), the IEEE Standards Association, Canada's Office of the Superintendent of Financial Institutions (OSFI), the United Nations Educational, Scientific and Cultural Organization (UNESCO), the International Organization for Standardization (ISO), and the…","These principles were developed with input from Legal, Sustainability, Risk, Data Science, Responsible AI, Security and Privacy teams. They are informed by recognized ethical AI standards and frameworks, including those of the European Commission's High-Level Expert Group on AI, the National Institute of Standards and Technology (NIST), the IEEE Standards Association, Canada's Office of the Superintendent of…"
"bge-m3","bmo-retrieval-083","What does BMO report about Indigenous partnerships?","bmo-938305cb8b60d7e4ca75","3","sustainability_and_climate_report_interactive","361","data/raw/sustainability_and_climate_report_interactive.pdf, p. 68","68","Indigenous partnerships","data/raw/sustainability_and_climate_report_interactive.pdf","We are deepening our long-standing partnerships with Indigenous communities by supporting economic empowerment through tailored financial services, employment and education.","We are deepening our long-standing partnerships with Indigenous communities by supporting economic empowerment through tailored financial services, employment and education."
"bge-m3","bmo-retrieval-084","How does BMO describe its financed-emissions measurement and targets?","bmo-0736508fae55a8cbf015","3","sustainability_and_climate_report_interactive","303","data/raw/sustainability_and_climate_report_interactive.pdf, p. 57","57","Financed emissions and targets in select sectors","data/raw/sustainability_and_climate_report_interactive.pdf","When setting targets, we follow a sector-based approach that is informed by the UNEP FI Guidelines for Climate Target Setting for Banks (the UNEP FI Guidelines) and considers local laws and regulations. Our approach includes: - Metric selection - We emphasize physical carbon intensity metrics for targetsetting to align with industry-accepted methodologies and to allow for easier comparison of clients of different sizes in a sector. Where applicable, we use metrics that reflect actions that result in sectoral carbon intensity reductions. - GHG emissions reduction pathways - Our targets are…","When setting targets, we follow a sector-based approach that is informed by the UNEP FI Guidelines for Climate Target Setting for Banks (the UNEP FI Guidelines) and considers local laws and regulations. Our approach includes: - Metric selection - We emphasize physical carbon intensity metrics for targetsetting to align with industry-accepted methodologies and to allow for easier comparison of clients of different…"
"bge-m3","bmo-retrieval-085","Who welcomed attendees to BMO's 2026 Investor Day and what anniversary did she mention?","bmo-4a315909f5190777a213","3","transcript_2026BMOInvestoDayTranscript","22","data/raw/transcript_2026BMOInvestoDayTranscript.pdf, p. 2","2","Christine Viau - Bank of Montreal - Head of Investor Relations","data/raw/transcript_2026BMOInvestoDayTranscript.pdf","Well, good morning, everyone. On behalf of BMO's executive team, it is my pleasure to welcome you to BMO's 2026 Investor Day. I'm Christine Viau, Head of Investor Relations. This year I'll be celebrating my 30th anniversary with BMO, and 10 of those I've had the privilege of serving in Investor Relations. It's just so wonderful to see so many of you in the room today.","Well, good morning, everyone. On behalf of BMO's executive team, it is my pleasure to welcome you to BMO's 2026 Investor Day. I'm Christine Viau, Head of Investor Relations. This year I'll be celebrating my 30th anniversary with BMO, and 10 of those I've had the privilege of serving in Investor Relations. It's just so wonderful to see so many of you in the room today."
"bge-m3","bmo-retrieval-086","Where did BMO host its 2026 Investor Day?","bmo-5e32b23d7f94acdf3d0f","3","transcript_2026BMOInvestoDayTranscript","29","data/raw/transcript_2026BMOInvestoDayTranscript.pdf, p. 2","2","Darryl White - Bank of Montreal - CEO","data/raw/transcript_2026BMOInvestoDayTranscript.pdf","We're pleased to host you here at our flagship learning and development ecosystem in the heart of downtown Toronto. This space was, in fact designed to bring colleagues and clients together, to collaborate, to learn and to connect. Because as you've just seen in the video and as you'll see over the course of today, we are building a stronger, a more connected, and a future ready bank. Let me start by saying thank you to all of you for taking the better part of your day, whether you're here in the room or you're online and spending your time with us.","We're pleased to host you here at our flagship learning and development ecosystem in the heart of downtown Toronto. This space was, in fact designed to bring colleagues and clients together, to collaborate, to learn and to connect. Because as you've just seen in the video and as you'll see over the course of today, we are building a stronger, a more connected, and a future ready bank. Let me start by saying thank…"
"bge-m3","bmo-retrieval-087","What sustainable ROE objective did Darryl White describe at Investor Day?","bmo-7f38e02c7575e5d3628c","3","transcript_2026BMOInvestoDayTranscript","36","data/raw/transcript_2026BMOInvestoDayTranscript.pdf, p. 3","3","March 26, 2026 / 8:00AM, 2026 BMO Investor Day","data/raw/transcript_2026BMOInvestoDayTranscript.pdf","So taken together, these strategies are designed to elevate returns and accelerate growth. We're executing on this combination with pace to deliver differentiated value for you, our shareholders. Sustainable ROE of 15% plus and resilient and profitable earnings growth, that's what you will hear today. BMO's strategy is long term, and it's built for success across a range of economic outcomes. And I think it is important to recognize today that the rapidly evolving geopolitical environment in which our clients work, in which we work is indeed very dynamic.","So taken together, these strategies are designed to elevate returns and accelerate growth. We're executing on this combination with pace to deliver differentiated value for you, our shareholders. Sustainable ROE of 15% plus and resilient and profitable earnings growth, that's what you will hear today. BMO's strategy is long term, and it's built for success across a range of economic outcomes. And I think it is…"
"bge-m3","bmo-retrieval-088","How does BMO define the time horizon and basis for its medium-term targets?","bmo-64c1d7f5cea739cc1985","3","transcript_2026BMOInvestoDayTranscript","19","data/raw/transcript_2026BMOInvestoDayTranscript.pdf, p. 1","1","Non-GAAP Measures and Other Financial Measures","data/raw/transcript_2026BMOInvestoDayTranscript.pdf","Medium-term targets in this document are generally defined as Fiscal 2028 unless otherwise stated, and performance is measured on an adjusted basis. These targets assume a normal business operating environment and credit cycle and have inherent risk and uncertainties and excludes the impact of the announced sale of 138 financial centres to First Citizens Bank. Our ability to achieve them in a period may be adversely affected by the macroeconomic backdrop and the cyclical nature of the credit cycle.","Medium-term targets in this document are generally defined as Fiscal 2028 unless otherwise stated, and performance is measured on an adjusted basis. These targets assume a normal business operating environment and credit cycle and have inherent risk and uncertainties and excludes the impact of the announced sale of 138 financial centres to First Citizens Bank. Our ability to achieve them in a period may be adversely…"
"bge-m3","bmo-retrieval-089","What reported and adjusted net income did BMO announce for Q2 2026?","bmo-a76a7cd622e8b0430ce5","3","2026-05-27-BMO-Financial-Group-Reports-Second-Quarter-2026-Results-ed105dc24d","1","https://newsroom.bmo.com/2026-05-27-BMO-Financial-Group-Reports-Second-Quarter-2026-Results","","BMO Financial Group Reports Second Quarter 2026 Results | Second Quarter 2026 compared with Second Quarter 2025:","https://newsroom.bmo.com/2026-05-27-BMO-Financial-Group-Reports-Second-Quarter-2026-Results","Reported net income 1 of $2,630 million, an increase of 34% from $1,962 million; adjusted net income 1 of $2,733 million, an increase of 34% from $2,046 million Reported earnings per share (EPS) 2 of $3.53, an increase of 41% from $2.50; adjusted EPS 1, 2 of $3.67, an increase of 40% from $2.62 Provision for credit losses (PCL) of $739 million, a decrease from $1,054 million Reported return on equity (ROE) of 13.0%, compared with 9.4%; adjusted ROE 1 of 13.5%, compared with 9.8% Common Equity Tier 1 (CET1) Ratio 3 of 13.0%, compared with 13.5% Declared a quarterly dividend of $1.71 per common…","Reported net income 1 of $2,630 million, an increase of 34% from $1,962 million; adjusted net income 1 of $2,733 million, an increase of 34% from $2,046 million Reported earnings per share (EPS) 2 of $3.53, an increase of 41% from $2.50; adjusted EPS 1, 2 of $3.67, an increase of 40% from $2.62 Provision for credit losses (PCL) of $739 million, a decrease from $1,054 million Reported return on equity (ROE) of 13.0%,…"
"bge-m3","bmo-retrieval-090","How did BMO's U.S. Banking business perform in Q2 2026?","bmo-08fdf54f45dfb23a46e0","3","2026-05-27-BMO-Financial-Group-Reports-Second-Quarter-2026-Results-ed105dc24d","9","https://newsroom.bmo.com/2026-05-27-BMO-Financial-Group-Reports-Second-Quarter-2026-Results","","BMO Financial Group Reports Second Quarter 2026 Results | U.S. Banking","https://newsroom.bmo.com/2026-05-27-BMO-Financial-Group-Reports-Second-Quarter-2026-Results","Reported net income was $790 million, an increase of $189 million or 32% from the prior year, and adjusted net income was $847 million, an increase of $172 million or 25%. The impact of the weaker U.S. dollar decreased net income by 5%, revenue by 4% and expenses by 3%. On a U.S. dollar basis, reported net income was $575 million, an increase of $154 million or 37% from the prior year, and adjusted net income was $616 million, an increase of $143 million or 30%, primarily due to a 5% increase in revenue and a lower provision for credit losses, with expenses relatively unchanged from the prior…","Reported net income was $790 million, an increase of $189 million or 32% from the prior year, and adjusted net income was $847 million, an increase of $172 million or 25%. The impact of the weaker U.S. dollar decreased net income by 5%, revenue by 4% and expenses by 3%. On a U.S. dollar basis, reported net income was $575 million, an increase of $154 million or 37% from the prior year, and adjusted net income was…"
"bge-m3","bmo-retrieval-091","When was BMO's Q2 2026 conference call and webcast scheduled?","bmo-f84bb52b0f3e1e525352","3","2026-05-27-BMO-Financial-Group-Reports-Second-Quarter-2026-Results-ed105dc24d","39","https://newsroom.bmo.com/2026-05-27-BMO-Financial-Group-Reports-Second-Quarter-2026-Results","","BMO Financial Group Reports Second Quarter 2026 Results | Quarterly Conference Call and Webcast Presentations","https://newsroom.bmo.com/2026-05-27-BMO-Financial-Group-Reports-Second-Quarter-2026-Results","Interested parties are also invited to listen to our quarterly conference call on Wednesday, May 27, 2026, at 8:15 a.m. (ET). The call may be accessed by telephone at 647-557-5533 (from within Toronto) or 1-888-440-4121 (toll-free outside Toronto), entering Passcode: 89709#. A replay of the conference call can be accessed until June 27, 2026, by calling 647-362-9199 (from within Toronto) or 1-800-770-2030 (toll-free outside Toronto) and entering Passcode: 89709#. A live webcast of the call can be accessed on our website at www.bmo.com/investorrelations . A replay can also be accessed on the…","Interested parties are also invited to listen to our quarterly conference call on Wednesday, May 27, 2026, at 8:15 a.m. (ET). The call may be accessed by telephone at 647-557-5533 (from within Toronto) or 1-888-440-4121 (toll-free outside Toronto), entering Passcode: 89709#. A replay of the conference call can be accessed until June 27, 2026, by calling 647-362-9199 (from within Toronto) or 1-800-770-2030 (toll-free…"
"bge-m3","bmo-retrieval-092","Which quarterly investor materials does BMO's 2026 financial-information page provide?","bmo-85cbbfc9c5e36fba1aa2","3","financial-information-c5dc87e0c5","1","https://www.bmo.com/main/about-bmo/banking/investor-relations/financial-information#2026","","Financial Information | Quarterly Results","https://www.bmo.com/main/about-bmo/banking/investor-relations/financial-information#2026","Select Year: Financial Information Financial Information Q1 Q2 Q3 Q4 Earnings Release Q1 Learn More Q2 Learn More Q3 Learn More Q4 Download PDF Download PDF Report to shareholders Q1 Download PDF Q2 Download PDF Q3 Download PDF Q4 Supplementary Information Q1 Download PDFDownload Excel File Q2 Download PDFDownload Excel File Q3 Download PDFDownload Excel File Q4 Download PDFDownload Excel File Download PDFDownload Excel File Corporate Fact Sheet Q1 Download PDF Q2 Download PDF Q3 Download PDF Q4 Download PDF Presentation Presentation Q1 Q2 Q3 Q4 Quarterly Presentation Q1 Download PDF Q2…","Select Year: Financial Information Financial Information Q1 Q2 Q3 Q4 Earnings Release Q1 Learn More Q2 Learn More Q3 Learn More Q4 Download PDF Download PDF Report to shareholders Q1 Download PDF Q2 Download PDF Q3 Download PDF Q4 Supplementary Information Q1 Download PDFDownload Excel File Q2 Download PDFDownload Excel File Q3 Download PDFDownload Excel File Q4 Download PDFDownload Excel File Download PDFDownload…"
"bge-m3","bmo-retrieval-093","What historical IFRS information did BMO release on February 7, 2014?","bmo-85cbbfc9c5e36fba1aa2","3","financial-information-c5dc87e0c5","1","https://www.bmo.com/main/about-bmo/banking/investor-relations/financial-information#2026","","Financial Information | Quarterly Results","https://www.bmo.com/main/about-bmo/banking/investor-relations/financial-information#2026","Select Year: Financial Information Financial Information Q1 Q2 Q3 Q4 Earnings Release Q1 Learn More Q2 Learn More Q3 Learn More Q4 Download PDF Download PDF Report to shareholders Q1 Download PDF Q2 Download PDF Q3 Download PDF Q4 Supplementary Information Q1 Download PDFDownload Excel File Q2 Download PDFDownload Excel File Q3 Download PDFDownload Excel File Q4 Download PDFDownload Excel File Download PDFDownload Excel File Corporate Fact Sheet Q1 Download PDF Q2 Download PDF Q3 Download PDF Q4 Download PDF Presentation Presentation Q1 Q2 Q3 Q4 Quarterly Presentation Q1 Download PDF Q2…","Select Year: Financial Information Financial Information Q1 Q2 Q3 Q4 Earnings Release Q1 Learn More Q2 Learn More Q3 Learn More Q4 Download PDF Download PDF Report to shareholders Q1 Download PDF Q2 Download PDF Q3 Download PDF Q4 Supplementary Information Q1 Download PDFDownload Excel File Q2 Download PDFDownload Excel File Q3 Download PDFDownload Excel File Q4 Download PDFDownload Excel File Download PDFDownload…"
"bge-m3","bmo-retrieval-094","Where does BMO direct investors for quarterly reports, presentations and transcripts?","bmo-85cbbfc9c5e36fba1aa2","3","financial-information-c5dc87e0c5","1","https://www.bmo.com/main/about-bmo/banking/investor-relations/financial-information#2026","","Financial Information | Quarterly Results","https://www.bmo.com/main/about-bmo/banking/investor-relations/financial-information#2026","Select Year: Financial Information Financial Information Q1 Q2 Q3 Q4 Earnings Release Q1 Learn More Q2 Learn More Q3 Learn More Q4 Download PDF Download PDF Report to shareholders Q1 Download PDF Q2 Download PDF Q3 Download PDF Q4 Supplementary Information Q1 Download PDFDownload Excel File Q2 Download PDFDownload Excel File Q3 Download PDFDownload Excel File Q4 Download PDFDownload Excel File Download PDFDownload Excel File Corporate Fact Sheet Q1 Download PDF Q2 Download PDF Q3 Download PDF Q4 Download PDF Presentation Presentation Q1 Q2 Q3 Q4 Quarterly Presentation Q1 Download PDF Q2…","Select Year: Financial Information Financial Information Q1 Q2 Q3 Q4 Earnings Release Q1 Learn More Q2 Learn More Q3 Learn More Q4 Download PDF Download PDF Report to shareholders Q1 Download PDF Q2 Download PDF Q3 Download PDF Q4 Supplementary Information Q1 Download PDFDownload Excel File Q2 Download PDFDownload Excel File Q3 Download PDFDownload Excel File Q4 Download PDFDownload Excel File Download PDFDownload…"
"bge-m3","bmo-retrieval-095","When and where was BMO Investor Day 2026 held?","bmo-c9b091cce1e982c5b92f","3","investor-day-2026-609c901e12","0","https://www.bmo.com/en-ca/main/about-bmo/banking/investor-relations/investor-day-2026/","","BMO Investor Day | March 26 th 2026 | 8:00 a.m - 2:00 p.m. ET | 📍Toronto, ON","https://www.bmo.com/en-ca/main/about-bmo/banking/investor-relations/investor-day-2026/","Watch Webcast View Presentation Presenter Biographies View Transcript","Watch Webcast View Presentation Presenter Biographies View Transcript"
"bge-m3","bmo-retrieval-096","Who presented the U.S. Banking session at BMO Investor Day 2026?","bmo-fd030d0b40b8e057ec54","3","investor-day-2026-609c901e12","1","https://www.bmo.com/en-ca/main/about-bmo/banking/investor-relations/investor-day-2026/","","BMO Investor Day | Agenda","https://www.bmo.com/en-ca/main/about-bmo/banking/investor-relations/investor-day-2026/","| ### Session | ### Presenter | | --- | --- | | Introduction | Christine Viau, Head, Investor relations | | Strategic Overview | Darryl White, Chief Executive Officer, BMO Financial Group | | U.S. Banking | Aron Levine, President, BMO U.S. and Group Head. BMO U.S Banking | | Capital Markets | Alan Tannenbaum, CEO & Group Head, BMO Capital Markets | | Q&A Session | | | Break | | | North American Treasury & Payment Solutions Canadian Commercial Banking | Sharon Haward-Laird, Group Head, Canadian Commercial Banking & North American Integrated Solutions, and Co-Head Canadian Personal & Commercial…","| ### Session | ### Presenter | | --- | --- | | Introduction | Christine Viau, Head, Investor relations | | Strategic Overview | Darryl White, Chief Executive Officer, BMO Financial Group | | U.S. Banking | Aron Levine, President, BMO U.S. and Group Head. BMO U.S Banking | | Capital Markets | Alan Tannenbaum, CEO & Group Head, BMO Capital Markets | | Q&A Session | | | Break | | | North American Treasury & Payment…"
"bge-m3","bmo-retrieval-097","Who presented the Risk and Financial Overview at BMO Investor Day 2026?","bmo-fd030d0b40b8e057ec54","3","investor-day-2026-609c901e12","1","https://www.bmo.com/en-ca/main/about-bmo/banking/investor-relations/investor-day-2026/","","BMO Investor Day | Agenda","https://www.bmo.com/en-ca/main/about-bmo/banking/investor-relations/investor-day-2026/","| ### Session | ### Presenter | | --- | --- | | Introduction | Christine Viau, Head, Investor relations | | Strategic Overview | Darryl White, Chief Executive Officer, BMO Financial Group | | U.S. Banking | Aron Levine, President, BMO U.S. and Group Head. BMO U.S Banking | | Capital Markets | Alan Tannenbaum, CEO & Group Head, BMO Capital Markets | | Q&A Session | | | Break | | | North American Treasury & Payment Solutions Canadian Commercial Banking | Sharon Haward-Laird, Group Head, Canadian Commercial Banking & North American Integrated Solutions, and Co-Head Canadian Personal & Commercial…","| ### Session | ### Presenter | | --- | --- | | Introduction | Christine Viau, Head, Investor relations | | Strategic Overview | Darryl White, Chief Executive Officer, BMO Financial Group | | U.S. Banking | Aron Levine, President, BMO U.S. and Group Head. BMO U.S Banking | | Capital Markets | Alan Tannenbaum, CEO & Group Head, BMO Capital Markets | | Q&A Session | | | Break | | | North American Treasury & Payment…"
"bge-m3","bmo-retrieval-098","What fiscal year and SEC commission file number are shown on BMO's 2025 Form 40-F?","bmo-86de5380da2ca7c73681","3","d938207d40f-e11c68d11f","222","https://www.sec.gov/Archives/edgar/data/927971/000119312525307982/d938207d40f.htm","","40-F | 40-F","https://www.sec.gov/Archives/edgar/data/927971/000119312525307982/d938207d40f.htm","[Check one] ☐Registration statement pursuant to Section 12 of the Securities Exchange Act of 1934 or ☒Annual report pursuant to Section 13(a) or 15(d) of the Securities Exchange Act of 1934 For the fiscal year ended October 31, 2025 Commi ssion File Number 001-13354","[Check one] ☐Registration statement pursuant to Section 12 of the Securities Exchange Act of 1934 or ☒Annual report pursuant to Section 13(a) or 15(d) of the Securities Exchange Act of 1934 For the fiscal year ended October 31, 2025 Commi ssion File Number 001-13354"
"bge-m3","bmo-retrieval-099","What is Bank of Montreal's U.S. agent-for-service address?","bmo-8dba53047b757f9571f9","3","d938207d40f-e11c68d11f","223","https://www.sec.gov/Archives/edgar/data/927971/000119312525307982/d938207d40f.htm","","40-F | BANK OF MONTREAL","https://www.sec.gov/Archives/edgar/data/927971/000119312525307982/d938207d40f.htm","(Exact name of Registrant as specified in its charter) Not Applicable (Translation of Registrant’s name into English (if applicable)) Canada (Province or other jurisdiction of incorporation or organization) 6029 (Primary Standard Industrial Classification Code Number (if applicable)) 13-4941092 (I.R.S. Employer Identification Number (if applicable)) 100 King Street West, 1 First Canadian Place, Toronto, Ontario, Canada M5X 1A1 (416-867-6785) (Address and telephone number of Registrant’s principal executive offices) Sajida Ali, Bank of Montreal, 320 S. Canal Street, 7th Floor, Chicago,…","(Exact name of Registrant as specified in its charter) Not Applicable (Translation of Registrant’s name into English (if applicable)) Canada (Province or other jurisdiction of incorporation or organization) 6029 (Primary Standard Industrial Classification Code Number (if applicable)) 13-4941092 (I.R.S. Employer Identification Number (if applicable)) 100 King Street West, 1 First Canadian Place, Toronto, Ontario,…"
"bge-m3","bmo-retrieval-100","How many BMO common shares were outstanding at the end of the Form 40-F period?","bmo-6442b282aebd58b3adc8","3","d938207d40f-e11c68d11f","224","https://www.sec.gov/Archives/edgar/data/927971/000119312525307982/d938207d40f.htm","","40-F | BANK OF MONTREAL","https://www.sec.gov/Archives/edgar/data/927971/000119312525307982/d938207d40f.htm","Indicate the number of outstanding shares of each of the issuer’s classes of capital or common stock as of the close of the period covered by the annual report. Common Shares 708,905,679 Class B Preferred Shares Series 44 (Non-Viability Contingent Capital (NVCC))16,000,000 Class B Preferred Shares Series 48 (Non-Viability Contingent Capital (NVCC)) 1 1,250,000 Class B Preferred Shares Series 49 (Non-Viability Contingent Capital (NVCC))750,000 Class B Preferred Shares Series 50 (Non-Viability Contingent Capital (NVCC))500,000 Class B Preferred Shares Series 51 (Non-Viability Contingent Capital…","Indicate the number of outstanding shares of each of the issuer’s classes of capital or common stock as of the close of the period covered by the annual report. Common Shares 708,905,679 Class B Preferred Shares Series 44 (Non-Viability Contingent Capital (NVCC))16,000,000 Class B Preferred Shares Series 48 (Non-Viability Contingent Capital (NVCC)) 1 1,250,000 Class B Preferred Shares Series 49 (Non-Viability…"
"bge-m3","bmo-retrieval-101","Using only 2026BFCBBNAStressTest, what entities are included when the stress-test disclosure refers to the Companies?","bmo-44473ae94563f55097cb","3","2026BFCBBNAStressTest","1","data/raw/2026BFCBBNAStressTest.pdf, p. 2","2","Overview","data/raw/2026BFCBBNAStressTest.pdf","BMO Financial Corp. (BFC), a U.S. Intermediate Holding Company (IHC), is a wholly-owned subsidiary of Bank of Montreal (BMO) and is regulated by the Board of Governors of the Federal Reserve System (FRB). BFC's wholly-owned principal banking subsidiary, BMO Bank N.A. (BBNA), is regulated by the Office of the Comptroller of the Currency (OCC) and the Federal Deposit Insurance Corporation. BFC and BBNA are collectively referred to as ""the Companies.""","BMO Financial Corp. (BFC), a U.S. Intermediate Holding Company (IHC), is a wholly-owned subsidiary of Bank of Montreal (BMO) and is regulated by the Board of Governors of the Federal Reserve System (FRB). BFC's wholly-owned principal banking subsidiary, BMO Bank N.A. (BBNA), is regulated by the Office of the Comptroller of the Currency (OCC) and the Federal Deposit Insurance Corporation. BFC and BBNA are…"
"bge-m3","bmo-retrieval-102","Verify and cite the exact passage: How severe is the housing and commercial-real-estate shock in the 2026 severely adverse scenario?","bmo-631d9d3b243acfdd2199","3","2026BFCBBNAStressTest","10","data/raw/2026BFCBBNAStressTest.pdf, p. 3","3","Scenario Overview","data/raw/2026BFCBBNAStressTest.pdf","The 2026 Supervisory Severely Adverse scenario features a sharp deterioration in economic and financial conditions, including a rise in U.S. unemployment to about 10%, heightened market volatility, and significant asset price decline, for instance taking roughly a 30% drop in housing prices and a 39% decline in commercial real estate prices. Corporate bond spreads widen substantially, reflecting tighter financial conditions. Additionally, banks with large trading operations must incorporate global market shocks and the potential default of major counterparties, ensuring that trading and…","The 2026 Supervisory Severely Adverse scenario features a sharp deterioration in economic and financial conditions, including a rise in U.S. unemployment to about 10%, heightened market volatility, and significant asset price decline, for instance taking roughly a 30% drop in housing prices and a 39% decline in commercial real estate prices. Corporate bond spreads widen substantially, reflecting tighter financial…"
"bge-m3","bmo-retrieval-103","Retrieval check — What were BFC's actual and minimum stressed CET1 capital ratios through Q1 2028?","bmo-ab2c02839076b6601971","3","2026BFCBBNAStressTest","11","data/raw/2026BFCBBNAStressTest.pdf, p. 3","3","Scenario Estimates","data/raw/2026BFCBBNAStressTest.pdf","BFC/BBNA Projected Stressed Capital Ratios through Q1 2028 Ratio BFC BBNA Actual Q4 2025 Stressed Capital Ratios † Actual Q4 2025 Stressed Capital Ratios Ending Minimum Ending Minimum Common Equity Tier 1 capital ratio 14.0% 12.0% 12.0% 14.7% 13.7% 13.7% Tier 1 risk-based capital ratio 14.7% 12.8% 12.8% 14.8% 13.8% 13.7% Total risk-based capital ratio 16.3% 14.2% 14.2% 16.0% 15.0% 15.0% Tier 1 Leverage ratio 11.3% 9.7% 9.7% 11.1% 10.5% 10.3% Supplementary Leverage Ratio 9.1% 8.4% 8.4% 9.5% 9.1% 9.1%","BFC/BBNA Projected Stressed Capital Ratios through Q1 2028 Ratio BFC BBNA Actual Q4 2025 Stressed Capital Ratios † Actual Q4 2025 Stressed Capital Ratios Ending Minimum Ending Minimum Common Equity Tier 1 capital ratio 14.0% 12.0% 12.0% 14.7% 13.7% 13.7% Tier 1 risk-based capital ratio 14.7% 12.8% 12.8% 14.8% 13.8% 13.7% Total risk-based capital ratio 16.3% 14.2% 14.2% 16.0% 15.0% 15.0% Tier 1 Leverage ratio 11.3%…"
"bge-m3","bmo-retrieval-104","I need the precise period and units. Which major risk types are captured in the Companies' capital adequacy stress test?","bmo-d7d66dabab50189c6d3c","3","2026BFCBBNAStressTest","19","data/raw/2026BFCBBNAStressTest.pdf, p. 6","6","Material Risks Captured in the Stress Test","data/raw/2026BFCBBNAStressTest.pdf","- Credit and Counterparty Risk: Credit and counterparty risk is the potential for loss due to the failure of a borrower, endorser, guarantor, or counterparty to repay a loan or honor another predetermined financial obligation. Credit and counterparty risk underlies every lending activity that the Companies enter into, and also arises in the transacting of trading and other capital markets products and the holding of investment securities. - Market Risk: Market risk is the risk to an institution's capital and earnings arising from adverse changes in market variables that affect the…","- Credit and Counterparty Risk: Credit and counterparty risk is the potential for loss due to the failure of a borrower, endorser, guarantor, or counterparty to repay a loan or honor another predetermined financial obligation. Credit and counterparty risk underlies every lending activity that the Companies enter into, and also arises in the transacting of trading and other capital markets products and the holding of…"
"bge-m3","bmo-retrieval-105","In the supplied corpus, what powers can CDIC exercise if BMO has ceased or is about to cease to be viable?","bmo-e903ed7aea90771fca6a","3","Bail_In_TLAC_Disclosure","0","data/raw/Bail_In_TLAC_Disclosure.pdf, p. 1","1","Canadian Bank Resolution Powers Including Bail-in","data/raw/Bail_In_TLAC_Disclosure.pdf","Under Canadian bank resolution powers, the Canada Deposit Insurance Corporation (' CDIC ') may, in circumstances where the Bank has ceased, or is about to cease, to be viable, assume temporary control or ownership of the Bank and may be granted broad powers by one or more orders of the Governor in Council ( Canada ), each of which we refer to as an ' Order ,' including the power to sell or dispose of all or a part of the assets of the Bank, and the power to carry out or cause the Bank to carry out a transaction or a series of transactions the purpose of which is to restructure the business of…","Under Canadian bank resolution powers, the Canada Deposit Insurance Corporation (' CDIC ') may, in circumstances where the Bank has ceased, or is about to cease, to be viable, assume temporary control or ownership of the Bank and may be granted broad powers by one or more orders of the Governor in Council ( Canada ), each of which we refer to as an ' Order ,' including the power to sell or dispose of all or a part…"
"bge-m3","bmo-retrieval-106","Using only Bail In TLAC Disclosure, who determines the timing and terms of a bail-in conversion?","bmo-b7fd74405d08fed93eb6","3","Bail_In_TLAC_Disclosure","32","data/raw/Bail_In_TLAC_Disclosure.pdf, p. 6","6","The number of common shares to be issued in connection with, and the number of common shares that will be outstanding following, a bail-in conversion are unknown. It is also unknown whether the shares to be issued will be those of the Bank or one of its affiliates.","data/raw/Bail_In_TLAC_Disclosure.pdf","Under the bail-in regime there is no fixed and pre-determined contractual conversion ratio for the conversion of the bail-inable notes, or other shares or liabilities of the Bank that are subject to a bail-in conversion, into common shares of the Bank or any of its affiliates, nor are there specific requirements regarding whether liabilities subject to a bail-in conversion are converted into common shares of the Bank or any of its affiliates. CDIC determines the timing of the bail-in conversion, the portion of bail-inable shares and liabilities to be converted and the terms and conditions of…","Under the bail-in regime there is no fixed and pre-determined contractual conversion ratio for the conversion of the bail-inable notes, or other shares or liabilities of the Bank that are subject to a bail-in conversion, into common shares of the Bank or any of its affiliates, nor are there specific requirements regarding whether liabilities subject to a bail-in conversion are converted into common shares of the…"
"bge-m3","bmo-retrieval-107","Verify and cite the exact passage: Which holders can use the CDIC Act compensation process after a bail-in conversion?","bmo-ebc32f7a6e993136c366","3","Bail_In_TLAC_Disclosure","13","data/raw/Bail_In_TLAC_Disclosure.pdf, p. 3","3","Compensation Regime","data/raw/Bail_In_TLAC_Disclosure.pdf","The CDIC Act provides for a compensation process for holders of bail-inable notes who immediately prior to the making of an Order, directly or through an intermediary, own bail-inable notes that are converted in a bail-in conversion. While this process applies to successors of those holders it does not apply to assignees or transferees of the holder following the making of the Order and does not apply if the amounts owing under the relevant bail-inable notes are paid in full.","The CDIC Act provides for a compensation process for holders of bail-inable notes who immediately prior to the making of an Order, directly or through an intermediary, own bail-inable notes that are converted in a bail-in conversion. While this process applies to successors of those holders it does not apply to assignees or transferees of the holder following the making of the Order and does not apply if the amounts…"
"bge-m3","bmo-retrieval-108","Retrieval check — What loss-absorbing capacity must BMO maintain under OSFI's TLAC Guideline?","bmo-6cf47052d84a7ec5bc02","3","Bail_In_TLAC_Disclosure","21","data/raw/Bail_In_TLAC_Disclosure.pdf, p. 4","4","TLAC Guideline","data/raw/Bail_In_TLAC_Disclosure.pdf","In connection with the bail-in regime, the Office of the Superintendent of Financial Institutions' (' OSFI ') guideline (the ' TLAC Guideline ') on Total Loss Absorbing Capacity (' TLAC ') applies to and establishes standards for D-SIBs, including the Bank. Under the TLAC Guideline, beginning November 1, 2021, the Bank is required to maintain a minimum capacity to absorb losses composed of unsecured external long-term debt that meets the prescribed criteria or regulatory capital instruments to support recapitalization in the event of a failure. Bail-inable notes and regulatory capital…","In connection with the bail-in regime, the Office of the Superintendent of Financial Institutions' (' OSFI ') guideline (the ' TLAC Guideline ') on Total Loss Absorbing Capacity (' TLAC ') applies to and establishes standards for D-SIBs, including the Bank. Under the TLAC Guideline, beginning November 1, 2021, the Bank is required to maintain a minimum capacity to absorb losses composed of unsecured external…"
"bge-m3","bmo-retrieval-109","I need the precise period and units. When did BMO complete the Bank of the West acquisition and what was the cash purchase price?","bmo-4a1f2c982c086672aa4d","3","bmo_AIF2025","10","data/raw/bmo_AIF2025.pdf, p. 4","4","Three-Year History","data/raw/bmo_AIF2025.pdf","On June 8, 2022, BMO announced the appointment of Piyush Agrawal as Deputy Chief Risk Officer effective July 1, 2022 and, after a transition period with Patrick Cronin, became Chief Risk Officer effective November 1, 2022. On February 1, 2023, BMO completed the acquisition of Bank of the West and its subsidiaries from BNP for a cash purchase price of US$13.8 billion.","On June 8, 2022, BMO announced the appointment of Piyush Agrawal as Deputy Chief Risk Officer effective July 1, 2022 and, after a transition period with Patrick Cronin, became Chief Risk Officer effective November 1, 2022. On February 1, 2023, BMO completed the acquisition of Bank of the West and its subsidiaries from BNP for a cash purchase price of US$13.8 billion."
"bge-m3","bmo-retrieval-110","In the supplied corpus, where are Bank of Montreal's head office and executive offices located?","bmo-f6b2c4eda5e592996a4c","3","bmo_AIF2025","20","data/raw/bmo_AIF2025.pdf, p. 4","4","CORPORATE STRUCTURE","data/raw/bmo_AIF2025.pdf","The Bank's head office is 129 rue Saint Jacques, Montreal, Québec, H2Y 1L6. Its executive offices are 100 King Street West, 1 First Canadian Place, Toronto, Ontario, M5X 1A1. Bank of Montreal brands the organization's member companies as BMO Financial Group. Note 26 of the 2025 Financial Statements lists the intercorporate relationships among Bank of Montreal and its significant subsidiaries. The Bank incorporates this Note herein by reference. These subsidiaries are incorporated or organized under the laws of the state or country of their principal office, except for: BMO Financial Corp. and…","The Bank's head office is 129 rue Saint Jacques, Montreal, Québec, H2Y 1L6. Its executive offices are 100 King Street West, 1 First Canadian Place, Toronto, Ontario, M5X 1A1. Bank of Montreal brands the organization's member companies as BMO Financial Group. Note 26 of the 2025 Financial Statements lists the intercorporate relationships among Bank of Montreal and its significant subsidiaries. The Bank incorporates…"
"bge-m3","bmo-retrieval-111","Using only bmo AIF2025, how many full-time-equivalent employees and bank branches did BMO have at October 31, 2025?","bmo-9c266e469b8fc8c2f1c9","3","bmo_AIF2025","21","data/raw/bmo_AIF2025.pdf, p. 5","5","Business","data/raw/bmo_AIF2025.pdf","BMO Financial Group is a highly diversified financial services provider based in North America, providing a broad range of personal and commercial banking, wealth management, global markets and investment banking products and services directly and through Canadian and non-Canadian subsidiaries, offices, and branches. As at October 31, 2025, BMO had more than 53,000 full-time equivalent employees. The Bank serves its clients through more than 1,800 bank branches, BMO automated banking machines, as well as online and mobile digital banking platforms. It operates in Canada, the United States and…","BMO Financial Group is a highly diversified financial services provider based in North America, providing a broad range of personal and commercial banking, wealth management, global markets and investment banking products and services directly and through Canadian and non-Canadian subsidiaries, offices, and branches. As at October 31, 2025, BMO had more than 53,000 full-time equivalent employees. The Bank serves its…"
"bge-m3","bmo-retrieval-112","Verify and cite the exact passage: How does the 2025 AIF describe competition in Canadian financial services?","bmo-94ff3259a50eacf8cf3f","3","bmo_AIF2025","45","data/raw/bmo_AIF2025.pdf, p. 7","7","Competition","data/raw/bmo_AIF2025.pdf","Capital Markets offers a range of products and services to corporate, institutional and government clients, including investment and corporate banking services, as well as global markets sales and trading solutions. It primarily focuses on the North American market and select global markets and competes with a diverse range of competitors, including large money centre banks and boutique investment firms. Investment and Corporate Banking offers debt and equity capital-raising services to clients, as well as loan origination and syndication, balance sheet management solutions and treasury…","Capital Markets offers a range of products and services to corporate, institutional and government clients, including investment and corporate banking services, as well as global markets sales and trading solutions. It primarily focuses on the North American market and select global markets and competes with a diverse range of competitors, including large money centre banks and boutique investment firms. Investment…"
"bge-m3","bmo-retrieval-113","Retrieval check — How large was BMO by assets and approximately how many clients did it serve in 2025?","bmo-c5d79b6319d1a75ca606","3","bmo_ar2025","4","data/raw/bmo_ar2025.pdf, pp. 2, 3","2, 3","Canadian Personal and Commercial Banking","data/raw/bmo_ar2025.pdf","serves clients across Canada with a comprehensive range of financial products, services and advice through integrated branch, contact centre and digital channels. BMO Financial Group is the seventh largest bank in North America by assets, with total assets of $1.5 trillion. Serving clients for more than 200 years, BMO is a highly diversified financial institution, providing a broad range of personal and commercial banking, wealth management, global markets and investment banking products and services to approximately thirteen million clients in Canada, the United States and select markets…","serves clients across Canada with a comprehensive range of financial products, services and advice through integrated branch, contact centre and digital channels. BMO Financial Group is the seventh largest bank in North America by assets, with total assets of $1.5 trillion. Serving clients for more than 200 years, BMO is a highly diversified financial institution, providing a broad range of personal and commercial…"
"bge-m3","bmo-retrieval-114","I need the precise period and units. What products and services does BMO Wealth Management offer?","bmo-e9159452c09f3fbd82df","3","bmo_ar2025","263","data/raw/bmo_ar2025.pdf, p. 45","45","Wealth Management","data/raw/bmo_ar2025.pdf","Wealth Management serves a full range of clients across Canada, from individuals and families to business owners and institutions, offering a wide spectrum of wealth, asset management and insurance products and services aimed at helping clients make real financial progress through planning, growing, protecting and transitioning their wealth. Our asset management business is focused on delivering innovative financial solutions and strategies for our clients.","Wealth Management serves a full range of clients across Canada, from individuals and families to business owners and institutions, offering a wide spectrum of wealth, asset management and insurance products and services aimed at helping clients make real financial progress through planning, growing, protecting and transitioning their wealth. Our asset management business is focused on delivering innovative financial…"
"bge-m3","bmo-retrieval-115","In the supplied corpus, how does BMO describe its digital-first, future-ready strategy?","bmo-32ec7d734e933e43c543","3","bmo_ar2025","8","data/raw/bmo_ar2025.pdf, p. 4","4","OUR STRATEGY","data/raw/bmo_ar2025.pdf","At BMO, we continue to build a digital-first, future-ready bank, with engaged employees and a high-performing, winning culture. We are focused on helping our clients make real financial progress, and on financing their growth and innovation, while also investing in our workforce. Anchored by our Purpose, we are differentiated by our strategic priorities for growth, strengthened by our approach to sustainability and guided by our values as we build a foundation of trust with our colleagues, clients and communities.","At BMO, we continue to build a digital-first, future-ready bank, with engaged employees and a high-performing, winning culture. We are focused on helping our clients make real financial progress, and on financing their growth and innovation, while also investing in our workforce. Anchored by our Purpose, we are differentiated by our strategic priorities for growth, strengthened by our approach to sustainability and…"
"bge-m3","bmo-retrieval-116","Using only bmo ar2025, what are BMO's four integrated operating segments?","bmo-c5d79b6319d1a75ca606","3","bmo_ar2025","4","data/raw/bmo_ar2025.pdf, pp. 2, 3","2, 3","Canadian Personal and Commercial Banking","data/raw/bmo_ar2025.pdf","serves clients across Canada with a comprehensive range of financial products, services and advice through integrated branch, contact centre and digital channels. BMO Financial Group is the seventh largest bank in North America by assets, with total assets of $1.5 trillion. Serving clients for more than 200 years, BMO is a highly diversified financial institution, providing a broad range of personal and commercial banking, wealth management, global markets and investment banking products and services to approximately thirteen million clients in Canada, the United States and select markets…","serves clients across Canada with a comprehensive range of financial products, services and advice through integrated branch, contact centre and digital channels. BMO Financial Group is the seventh largest bank in North America by assets, with total assets of $1.5 trillion. Serving clients for more than 200 years, BMO is a highly diversified financial institution, providing a broad range of personal and commercial…"
"bge-m3","bmo-retrieval-117","Verify and cite the exact passage: What are the main components of BMO's strategy in the Q3 2026 investor presentation?","bmo-ed814ce57ecfdcd5c602","3","BMOInvestorPresentationEN","11","data/raw/BMOInvestorPresentationEN.pdf, p. 3","3","Our Strategy","data/raw/BMOInvestorPresentationEN.pdf","At BMO, we continue to build a digital-first, future-ready bank, with engaged employees and a high-performing, winning culture. We are focused on helping our clients make real financial progress, and on financing their growth and innovation, while also investing in our workforce. Anchored by our Purpose, we are differentiated by our strategic priorities for growth, strengthened by our approach to sustainability and guided by our values as we build a foundation of trust with our colleagues, clients and communities.","At BMO, we continue to build a digital-first, future-ready bank, with engaged employees and a high-performing, winning culture. We are focused on helping our clients make real financial progress, and on financing their growth and innovation, while also investing in our workforce. Anchored by our Purpose, we are differentiated by our strategic priorities for growth, strengthened by our approach to sustainability and…"
"bge-m3","bmo-retrieval-118","Retrieval check — What recognition and employee-giving results did BMO cite for stronger communities?","bmo-3df7f459be43f54f16bb","3","BMOInvestorPresentationEN","16","data/raw/BMOInvestorPresentationEN.pdf, p. 4","4","For Stronger Communities","data/raw/BMOInvestorPresentationEN.pdf","Provide access to capital and valuable financial advice Act as a catalyst for progress in the communities we serve Be our clients' lead partner in their pursuit of energy and climate resilience - Named one of the World's Most Ethical Companies for the 9 th consecutive year by Ethisphere, the only bank in Canada - and one of only three worldwide - Named to the 2026 Forbes list of America's Most Trusted Companies - Annual Employee Giving Campaign raised $36 million for charities across Canada and the U.S., with 91% of employees participating - Established the Office of Reconciliation , a…","Provide access to capital and valuable financial advice Act as a catalyst for progress in the communities we serve Be our clients' lead partner in their pursuit of energy and climate resilience - Named one of the World's Most Ethical Companies for the 9 th consecutive year by Ethisphere, the only bank in Canada - and one of only three worldwide - Named to the 2026 Forbes list of America's Most Trusted Companies -…"
"bge-m3","bmo-retrieval-119","I need the precise period and units. What business strengths does BMO say support resilient and robust earnings?","bmo-784bfdb769b508179dd6","3","BMOInvestorPresentationEN","17","data/raw/BMOInvestorPresentationEN.pdf, p. 5","5","Diversified and competitively positioned businesses that deliver resilient and robust earnings","data/raw/BMOInvestorPresentationEN.pdf","- Premium commercial banking franchise with a top 5 market position in North America 1 - Top-tier U.S. bank with presence in key growth markets - Flagship Canadian personal banking business with a strong and growing deposit base - High - return wealth business with a strong client focus and competitive position - Leading North American Capital Markets franchise with deep expertise and global reach 1 Refer to endnotes on pages 54-56","- Premium commercial banking franchise with a top 5 market position in North America 1 - Top-tier U.S. bank with presence in key growth markets - Flagship Canadian personal banking business with a strong and growing deposit base - High - return wealth business with a strong client focus and competitive position - Leading North American Capital Markets franchise with deep expertise and global reach 1 Refer to…"
"bge-m3","bmo-retrieval-120","In the supplied corpus, what were BMO's Q3 2026 financial highlights?","bmo-12ad325c10e638709933","3","BMOInvestorPresentationEN","59","data/raw/BMOInvestorPresentationEN.pdf, pp. 25, 26","25, 26","Q3'26 Financial Highlights","data/raw/BMOInvestorPresentationEN.pdf","Reported Adjusted 3 (US$MM) Q3'26 Y/Y Q3'26 Y/Y Net interest income (teb) 2 1,707 6% 1,707 6% Non-interest revenue 460 4% 460 4% Revenue (teb) 2 2,167 5% 2,167 5% Expenses 1,250 3% 1,195 3% PPPT 4 917 9% 972 7% PCL (recovery) 123 $(2) 123 $(2) Net Income 620 11% 661 9% Net Income (CDE$) 868 13% 925 11% NIM (%) 4.02 20 bps 4.02 20 bps Efficiency Ratio (%) 57.7 (130) bps 55.2 (90) bps ROE (%) 9.2 100 bps 9.8 90 bps AUM ($B) 89 17% 89 17% AUA ($B) 126 22% 126 22% Avg. Gross Loans & Acceptances ($B) 162 1% 162 1% Avg. Deposits ($B) 167 (3)% 167 (3)% 20.0 18.0 16.0 14.0 12.0 10.0 8.0 6.0 4. 0 2.0 -","Reported Adjusted 3 (US$MM) Q3'26 Y/Y Q3'26 Y/Y Net interest income (teb) 2 1,707 6% 1,707 6% Non-interest revenue 460 4% 460 4% Revenue (teb) 2 2,167 5% 2,167 5% Expenses 1,250 3% 1,195 3% PPPT 4 917 9% 972 7% PCL (recovery) 123 $(2) 123 $(2) Net Income 620 11% 661 9% Net Income (CDE$) 868 13% 925 11% NIM (%) 4.02 20 bps 4.02 20 bps Efficiency Ratio (%) 57.7 (130) bps 55.2 (90) bps ROE (%) 9.2 100 bps 9.8 90 bps…"
"bge-m3","bmo-retrieval-121","Using only CorporateFactSheet, how does BMO describe its size, age and client base in the Q3 2026 corporate fact sheet?","bmo-0ab73a713f496c3c533c","3","CorporateFactSheet","0","data/raw/CorporateFactSheet.pdf, p. 1","1","About BMO","data/raw/CorporateFactSheet.pdf","BMO Financial Group is the eighth largest bank in North America by assets, with total assets of $1.5 trillion. 1,2 Serving clients for more than 200 years, BMO is a highly diversified financial institution, providing a broad range of personal and commercial banking, wealth management, global markets and investment banking products and services to approximately thirteen million clients in Canada, the United States and select markets globally. At BMO, we continue to build a digital-first, future-ready bank. Anchored by our Purpose, we are differentiated by our strategic priorities for growth,…","BMO Financial Group is the eighth largest bank in North America by assets, with total assets of $1.5 trillion. 1,2 Serving clients for more than 200 years, BMO is a highly diversified financial institution, providing a broad range of personal and commercial banking, wealth management, global markets and investment banking products and services to approximately thirteen million clients in Canada, the United States…"
"bge-m3","bmo-retrieval-122","Verify and cite the exact passage: What assets, CET1 ratio, employee count and deposits are listed for Q3 2026?","bmo-6813fe99e3518c4cf9ba","3","CorporateFactSheet","2","data/raw/CorporateFactSheet.pdf, p. 1","1","Key Metrics 1 - Q3 2026","data/raw/CorporateFactSheet.pdf","Assets ($B) 1,539 CET1 Ratio 3 (%) 13.0 Employees ~53,000 Gross Loans and Acceptances ($B) 703 Leverage Ratio 3 (%) 4.2 Branches 1,790 Deposits ($B) 1,018 Liquidity Coverage Ratio 3 (%) 125 ABMs 5,439 Credit Ratings 1 Moody's S&P DBRS Fitch Long term deposits/ Issuer Rating 7 Aa2 A+ AA AA+ Senior Debt 8 A2 A- AA (low) AA- Outlook Stable Stable Stable Stable","Assets ($B) 1,539 CET1 Ratio 3 (%) 13.0 Employees ~53,000 Gross Loans and Acceptances ($B) 703 Leverage Ratio 3 (%) 4.2 Branches 1,790 Deposits ($B) 1,018 Liquidity Coverage Ratio 3 (%) 125 ABMs 5,439 Credit Ratings 1 Moody's S&P DBRS Fitch Long term deposits/ Issuer Rating 7 Aa2 A+ AA AA+ Senior Debt 8 A2 A- AA (low) AA- Outlook Stable Stable Stable Stable"
"bge-m3","bmo-retrieval-123","Retrieval check — What strategic priorities are listed in BMO's Q3 2026 corporate fact sheet?","bmo-1627bff4af8dfec92a02","3","CorporateFactSheet","3","data/raw/CorporateFactSheet.pdf, pp. 1, 2","1, 2","Our Strategic Priorities","data/raw/CorporateFactSheet.pdf","- World-class client experience , grounded in One Client advice and guidance - High-performing, winning culture driven by alignment, accountability and recognition - Digital-first, AI-powered business for value and future readiness - Superior risk management ## Operating Segment Overview ## Financial Performance Q3 2026 ## Reported unless otherwise stated Y/Y ## Canadian Personal & Commercial Banking - Serves clients across Canada with a comprehensive range of financial products, services and advice through integrated branch, contact centre and digital channels - Personal & Business Banking…","- World-class client experience , grounded in One Client advice and guidance - High-performing, winning culture driven by alignment, accountability and recognition - Digital-first, AI-powered business for value and future readiness - Superior risk management ## Operating Segment Overview ## Financial Performance Q3 2026 ## Reported unless otherwise stated Y/Y ## Canadian Personal & Commercial Banking - Serves…"
"bge-m3","bmo-retrieval-124","I need the precise period and units. What dividend, dividend yield and market capitalization are shown in shareholder information?","bmo-32278bff997852c76f73","3","CorporateFactSheet","6","data/raw/CorporateFactSheet.pdf, p. 2","2","Shareholder Information","data/raw/CorporateFactSheet.pdf","(Ticker: BMO; exchanges: TSX, NYSE) - Current declared quarterly dividend: $1.71; up 5% Y/Y - Dividend Yield 1,6 : 2.72% - Market Capitalization 1 : $175.3B - Common Shares Outstanding 1 : 697.1 million Investor Relations: http://www.bmo.com/investorrelations Email: investor.relations@bmo.com Transfer Agent: http://www.computershare.com/ca/en Computershare Trust Company of Canada Email: service@computershare.com","(Ticker: BMO; exchanges: TSX, NYSE) - Current declared quarterly dividend: $1.71; up 5% Y/Y - Dividend Yield 1,6 : 2.72% - Market Capitalization 1 : $175.3B - Common Shares Outstanding 1 : 697.1 million Investor Relations: http://www.bmo.com/investorrelations Email: investor.relations@bmo.com Transfer Agent: http://www.computershare.com/ca/en Computershare Trust Company of Canada Email: service@computershare.com"
"bge-m3","bmo-retrieval-125","In the supplied corpus, which institutions and regulators are covered by BFC's Q1 2026 liquidity disclosure?","bmo-a9b46088e39c1e917338","3","LCR_CY26Q1","3","data/raw/LCR_CY26Q1.pdf, p. 3","3","1. Introduction","data/raw/LCR_CY26Q1.pdf","The following disclosure is specific to BMO Financial Corp. (BFC), a U.S. Intermediate Holding Company (IHC). BFC is a wholly owned subsidiary of Bank of Montreal (together with its subsidiaries, BMO or 'the Parent') and is regulated by the Board of Governors of the Federal Reserve System (FRB). BFC's wholly owned principal banking subsidiary, BMO Bank N.A. (BBNA ), which consolidates into BFC, is regulated by the Office of the Comptroller of the Currency and the Federal Deposit Insurance Corporation. BMO is a highly diversified financial services provider based in North America.","The following disclosure is specific to BMO Financial Corp. (BFC), a U.S. Intermediate Holding Company (IHC). BFC is a wholly owned subsidiary of Bank of Montreal (together with its subsidiaries, BMO or 'the Parent') and is regulated by the Board of Governors of the Federal Reserve System (FRB). BFC's wholly owned principal banking subsidiary, BMO Bank N.A. (BBNA ), which consolidates into BFC, is regulated by the…"
"bge-m3","bmo-retrieval-126","Using only LCR CY26Q1, how does BFC's liquidity risk framework address commitments during stress?","bmo-210c7e5ba4dba0261481","3","LCR_CY26Q1","6","data/raw/LCR_CY26Q1.pdf, p. 3","3","2. Liquidity Risk Management","data/raw/LCR_CY26Q1.pdf","BFC manages liquidity risk to meet both internal and regulatory expectations through an established liquidity risk framework. The framework ensures that BFC maintains adequate levels of liquidity to meet financial commitments in a timely manner at reasonable prices as they fall due, even in times of stress. The framework requires BFC to consider and prudently manage liquidity risk exposures and funding needs within and across legal entities, business lines and currencies, considering legal, regulatory, and operational limitations to the transferability of liquidity. The liquidity position is…","BFC manages liquidity risk to meet both internal and regulatory expectations through an established liquidity risk framework. The framework ensures that BFC maintains adequate levels of liquidity to meet financial commitments in a timely manner at reasonable prices as they fall due, even in times of stress. The framework requires BFC to consider and prudently manage liquidity risk exposures and funding needs within…"
"bge-m3","bmo-retrieval-127","Verify and cite the exact passage: What tailored LCR factor applied to BFC for the quarter ended March 31, 2026?","bmo-827cd788c68d9e9b6719","3","LCR_CY26Q1","10","data/raw/LCR_CY26Q1.pdf, p. 4","4","3. Liquidity Coverage Ratio","data/raw/LCR_CY26Q1.pdf","The following table summarizes the BFC average LCR for the three months ended March 31, 2026, based on the BFC's interpretation of the LCR Rule. BFC is subject to the 85% tailored LCR and the table below reflects the 85% factor. The LCR calculation is a regulatory prescribed methodology reflecting formulaic hypothetical changes in assets and liabilities that would impact a company's liquidity if they were to occur. The calculation is not necessarily a projection of BFC 's liquidity in any stress environment.","The following table summarizes the BFC average LCR for the three months ended March 31, 2026, based on the BFC's interpretation of the LCR Rule. BFC is subject to the 85% tailored LCR and the table below reflects the 85% factor. The LCR calculation is a regulatory prescribed methodology reflecting formulaic hypothetical changes in assets and liabilities that would impact a company's liquidity if they were to occur.…"
"bge-m3","bmo-retrieval-128","Retrieval check — What do unweighted and weighted amounts represent in BFC's Q1 LCR quantitative disclosure?","bmo-9a4480f0604f11eab96b","3","LCR_CY26Q1","12","data/raw/LCR_CY26Q1.pdf, p. 4","4","4. LCR Quantitative Disclosure","data/raw/LCR_CY26Q1.pdf","The following table presents detail of BFC's quarterly average of daily LCR for the three months ended March 31, 2026. Within this disclosure, the unweighted amounts of eligible HQLA, cash inflows and cash outflows represent the quarterly average balances prior to the application of the prescribed regulatory haircuts and caps. The weighted amount of cash outflows and cash inflows represent the unweighted amount multiplied by the respective LCR rates.","The following table presents detail of BFC's quarterly average of daily LCR for the three months ended March 31, 2026. Within this disclosure, the unweighted amounts of eligible HQLA, cash inflows and cash outflows represent the quarterly average balances prior to the application of the prescribed regulatory haircuts and caps. The weighted amount of cash outflows and cash inflows represent the unweighted amount…"
"bge-m3","bmo-retrieval-129","I need the precise period and units. Which institutions and regulators are covered by BFC's Q2 2026 liquidity disclosure?","bmo-f207da8892cc6eb91299","3","LCR_CY26Q2","3","data/raw/LCR_CY26Q2.pdf, p. 3","3","1. Introduction","data/raw/LCR_CY26Q2.pdf","The following disclosure is specific to BMO Financial Corp. (BFC), a U.S. Intermediate Holding Company (IHC). BFC is a wholly owned subsidiary of Bank of Montreal (together with its subsidiaries, BMO or 'the Parent') and is regulated by the Board of Governors of the Federal Reserve System (FRB). BFC's wholly owned principal banking subsidiary, BMO Bank N.A. (BBNA ), which consolidates into BFC, is regulated by the Office of the Comptroller of the Currency and the Federal Deposit Insurance Corporation. BMO is a highly diversified financial services provider based in North America.","The following disclosure is specific to BMO Financial Corp. (BFC), a U.S. Intermediate Holding Company (IHC). BFC is a wholly owned subsidiary of Bank of Montreal (together with its subsidiaries, BMO or 'the Parent') and is regulated by the Board of Governors of the Federal Reserve System (FRB). BFC's wholly owned principal banking subsidiary, BMO Bank N.A. (BBNA ), which consolidates into BFC, is regulated by the…"
"bge-m3","bmo-retrieval-130","In the supplied corpus, how does BFC optimize liquidity for current and future needs?","bmo-c33e0bf290408dbede61","3","LCR_CY26Q2","6","data/raw/LCR_CY26Q2.pdf, p. 3","3","2. Liquidity Risk Management","data/raw/LCR_CY26Q2.pdf","BFC manages liquidity risk to meet both internal and regulatory expectations through an established liquidity risk framework. The framework ensures that BFC maintains adequate levels of liquidity to meet financial commitments in a timely manner at reasonable prices as they fall due, even in times of stress. The framework requires BFC to consider and prudently manage liquidity risk exposures and funding needs within and across legal entities, business lines and currencies, considering legal, regulatory, and operational limitations to the transferability of liquidity. The liquidity position is…","BFC manages liquidity risk to meet both internal and regulatory expectations through an established liquidity risk framework. The framework ensures that BFC maintains adequate levels of liquidity to meet financial commitments in a timely manner at reasonable prices as they fall due, even in times of stress. The framework requires BFC to consider and prudently manage liquidity risk exposures and funding needs within…"
"bge-m3","bmo-retrieval-131","Using only LCR CY26Q2, what tailored LCR factor applied to BFC for the quarter ended June 30, 2026?","bmo-e37cba95bece18b0702b","3","LCR_CY26Q2","10","data/raw/LCR_CY26Q2.pdf, p. 4","4","3. Liquidity Coverage Ratio","data/raw/LCR_CY26Q2.pdf","The following table summarizes the BFC average LCR for the three months ended June 30, 2026, based on the BFC's interpretation of the LCR Rule. BFC is subject to the 85% tailored LCR and the table below reflects the 85% factor. The LCR calculation is a regulatory prescribed methodology reflecting formulaic hypothetical changes in assets and liabilities that would impact a company's liquidity if they were to occur. The calculation is not necessarily a projection of BFC 's liquidity in any stress environment.","The following table summarizes the BFC average LCR for the three months ended June 30, 2026, based on the BFC's interpretation of the LCR Rule. BFC is subject to the 85% tailored LCR and the table below reflects the 85% factor. The LCR calculation is a regulatory prescribed methodology reflecting formulaic hypothetical changes in assets and liabilities that would impact a company's liquidity if they were to occur.…"
"bge-m3","bmo-retrieval-132","Verify and cite the exact passage: What do unweighted and weighted amounts represent in BFC's Q2 LCR quantitative disclosure?","bmo-38d74f54666a76c158b6","3","LCR_CY26Q2","12","data/raw/LCR_CY26Q2.pdf, pp. 4, 5","4, 5","4. LCR Quantitative Disclosure","data/raw/LCR_CY26Q2.pdf","The following table presents detail of BFC's quarterly average of daily LCR for the three months ended June 30, 2026. Within this disclosure, the unweighted amounts of eligible HQLA, cash inflows and cash outflows represent the quarterly average balances prior to the application of the prescribed regulatory haircuts and caps. The weighted amount of cash outflows and cash inflows represent the unweighted amount multiplied by the respective LCR rates.","The following table presents detail of BFC's quarterly average of daily LCR for the three months ended June 30, 2026. Within this disclosure, the unweighted amounts of eligible HQLA, cash inflows and cash outflows represent the quarterly average balances prior to the application of the prescribed regulatory haircuts and caps. The weighted amount of cash outflows and cash inflows represent the unweighted amount…"
"bge-m3","bmo-retrieval-133","Retrieval check — What is the identifier and governing law for Bank of Montreal common shares?","bmo-1f9c5970bcde0f443c1a","3","MainFeaturesTemplateQ326","0","data/raw/MainFeaturesTemplateQ326.pdf, p. 1","1","","data/raw/MainFeaturesTemplateQ326.pdf","Included in both regulatory capital and TLAC Common Shares 1 Issuer Bank of Montreal 2 Unique identifier (eg CUSIP, ISIN or Bloomberg identifier for private placement) 063671101 3 Governing law(s) of the instrument Canadian Federal and applicable Provincial laws 3a Means by which enforceability requirement of Section 13 of the TLAC Term Sheet is achieved (for other TLAC-eligible instruments governed by foreign law) N/A Regulatory treatment 4 Transitional Basel III rules Common Equity Tier 1 5 Post-transitional Basel III rules Eligible 6 Eligible at solo/group/group&solo Group and Solo 7…","Included in both regulatory capital and TLAC Common Shares 1 Issuer Bank of Montreal 2 Unique identifier (eg CUSIP, ISIN or Bloomberg identifier for private placement) 063671101 3 Governing law(s) of the instrument Canadian Federal and applicable Provincial laws 3a Means by which enforceability requirement of Section 13 of the TLAC Term Sheet is achieved (for other TLAC-eligible instruments governed by foreign law)…"
"bge-m3","bmo-retrieval-134","I need the precise period and units. How are Bank of Montreal common shares treated under Basel III and TLAC?","bmo-1f9c5970bcde0f443c1a","3","MainFeaturesTemplateQ326","0","data/raw/MainFeaturesTemplateQ326.pdf, p. 1","1","","data/raw/MainFeaturesTemplateQ326.pdf","Included in both regulatory capital and TLAC Common Shares 1 Issuer Bank of Montreal 2 Unique identifier (eg CUSIP, ISIN or Bloomberg identifier for private placement) 063671101 3 Governing law(s) of the instrument Canadian Federal and applicable Provincial laws 3a Means by which enforceability requirement of Section 13 of the TLAC Term Sheet is achieved (for other TLAC-eligible instruments governed by foreign law) N/A Regulatory treatment 4 Transitional Basel III rules Common Equity Tier 1 5 Post-transitional Basel III rules Eligible 6 Eligible at solo/group/group&solo Group and Solo 7…","Included in both regulatory capital and TLAC Common Shares 1 Issuer Bank of Montreal 2 Unique identifier (eg CUSIP, ISIN or Bloomberg identifier for private placement) 063671101 3 Governing law(s) of the instrument Canadian Federal and applicable Provincial laws 3a Means by which enforceability requirement of Section 13 of the TLAC Term Sheet is achieved (for other TLAC-eligible instruments governed by foreign law)…"
"bge-m3","bmo-retrieval-135","In the supplied corpus, what does convertible mean in the regulatory capital main-features table?","bmo-a896124c1a76690569b9","3","MainFeaturesTemplateQ326","2","data/raw/MainFeaturesTemplateQ326.pdf, pp. 1, 2","1, 2","Main Features Of Regulatory Capital Instruments","data/raw/MainFeaturesTemplateQ326.pdf","(1) The term ""convertible"" in the above table is interpreted to mean convertible into common shares. Certain of BMO's outstanding non-common capital instruments are convertible into different series of the same capital instrument. 1 Issuer 2 Unique identifier (eg CUSIP, ISIN or Bloomberg identifier for private placement) 3 Governing law(s) of the instrument 3a Means by which enforceability requirement of Section 13 of the TLAC Term Sheet is achieved (for other TLAC-eligible instruments governed by foreign law) Regulatory treatment 4 Transitional Basel III rules 5 Post-transitional Basel III…","(1) The term ""convertible"" in the above table is interpreted to mean convertible into common shares. Certain of BMO's outstanding non-common capital instruments are convertible into different series of the same capital instrument. 1 Issuer 2 Unique identifier (eg CUSIP, ISIN or Bloomberg identifier for private placement) 3 Governing law(s) of the instrument 3a Means by which enforceability requirement of Section 13…"
"bge-m3","bmo-retrieval-136","Using only MainFeaturesTemplateQ326, which fields does BMO's main-features template use to describe a regulatory capital instrument?","bmo-a896124c1a76690569b9","3","MainFeaturesTemplateQ326","2","data/raw/MainFeaturesTemplateQ326.pdf, pp. 1, 2","1, 2","Main Features Of Regulatory Capital Instruments","data/raw/MainFeaturesTemplateQ326.pdf","(1) The term ""convertible"" in the above table is interpreted to mean convertible into common shares. Certain of BMO's outstanding non-common capital instruments are convertible into different series of the same capital instrument. 1 Issuer 2 Unique identifier (eg CUSIP, ISIN or Bloomberg identifier for private placement) 3 Governing law(s) of the instrument 3a Means by which enforceability requirement of Section 13 of the TLAC Term Sheet is achieved (for other TLAC-eligible instruments governed by foreign law) Regulatory treatment 4 Transitional Basel III rules 5 Post-transitional Basel III…","(1) The term ""convertible"" in the above table is interpreted to mean convertible into common shares. Certain of BMO's outstanding non-common capital instruments are convertible into different series of the same capital instrument. 1 Issuer 2 Unique identifier (eg CUSIP, ISIN or Bloomberg identifier for private placement) 3 Governing law(s) of the instrument 3a Means by which enforceability requirement of Section 13…"
"bge-m3","bmo-retrieval-137","Verify and cite the exact passage: Which quarters are covered by BFC's 2026 Net Stable Funding Ratio disclosure?","bmo-41bab022f098f6e4a549","3","NSFRCY26Q2","0","data/raw/NSFRCY26Q2.pdf, pp. 1, 2","1, 2","BMO Financial Corp. Net Stable Funding Ratio Disclosure","data/raw/NSFRCY26Q2.pdf","____________________________________________________________ For the quarter ended March 31, 2026, and June 30, 2026 ## Table of Contents 1. INTRODUCTION ............................................................................................................................................. 3 2. LIQUIDITY RISK MANAGEMENT ..................................................................................................................... 3 3. NET STABLE FUNDING RATIO ......................................................................................................................... 4…","____________________________________________________________ For the quarter ended March 31, 2026, and June 30, 2026 ## Table of Contents 1. INTRODUCTION ............................................................................................................................................. 3 2. LIQUIDITY RISK MANAGEMENT .............................................................................................…"
"bge-m3","bmo-retrieval-138","Retrieval check — How does BFC's liquidity framework manage needs across entities, businesses and currencies?","bmo-a77eddd634603a290943","3","NSFRCY26Q2","4","data/raw/NSFRCY26Q2.pdf, p. 3","3","2. Liquidity Risk Management","data/raw/NSFRCY26Q2.pdf","BFC manages liquidity risk to meet both internal and regulatory expectations through an established liquidity risk framework. The framework ensures that BFC maintains adequate levels of liquidity to meet financial commitments in a timely manner at reasonable prices as they fall due, even in times of stress. The framework considers and prudently manages liquidity risk exposures and funding needs within and across legal entities, business lines and currencies, considering legal, regulatory, and operational limitations to the transferability of liquidity. The liquidity position is optimized for…","BFC manages liquidity risk to meet both internal and regulatory expectations through an established liquidity risk framework. The framework ensures that BFC maintains adequate levels of liquidity to meet financial commitments in a timely manner at reasonable prices as they fall due, even in times of stress. The framework considers and prudently manages liquidity risk exposures and funding needs within and across…"
"bge-m3","bmo-retrieval-139","I need the precise period and units. What tailored NSFR factor applies to BFC?","bmo-6075725634b6fdf4ffb5","3","NSFRCY26Q2","8","data/raw/NSFRCY26Q2.pdf, p. 4","4","3. Net Stable Funding Ratio","data/raw/NSFRCY26Q2.pdf","The following table summarizes the BFC average NSFR for the three months ended March 31, 2026 and June 30, 2026, based on the Firms interpretation of the NSFR Rule. BFC is subject to the 85% tailored NSFR and the table below reflects the 85% factor. The NSFR calculation is a regulatory prescribed methodology reflecting formulaic hypothetical changes in assets and liabilities that would impact a company's liquidity if they were to occur. The calculation is not necessarily a projection of the BFC liquidity in any stress environment. The BFC NSFR is substantiated by: - ASF primarily consists of…","The following table summarizes the BFC average NSFR for the three months ended March 31, 2026 and June 30, 2026, based on the Firms interpretation of the NSFR Rule. BFC is subject to the 85% tailored NSFR and the table below reflects the 85% factor. The NSFR calculation is a regulatory prescribed methodology reflecting formulaic hypothetical changes in assets and liabilities that would impact a company's liquidity…"
"bge-m3","bmo-retrieval-140","In the supplied corpus, what are BFC's primary sources of available stable funding?","bmo-6075725634b6fdf4ffb5","3","NSFRCY26Q2","8","data/raw/NSFRCY26Q2.pdf, p. 4","4","3. Net Stable Funding Ratio","data/raw/NSFRCY26Q2.pdf","The following table summarizes the BFC average NSFR for the three months ended March 31, 2026 and June 30, 2026, based on the Firms interpretation of the NSFR Rule. BFC is subject to the 85% tailored NSFR and the table below reflects the 85% factor. The NSFR calculation is a regulatory prescribed methodology reflecting formulaic hypothetical changes in assets and liabilities that would impact a company's liquidity if they were to occur. The calculation is not necessarily a projection of the BFC liquidity in any stress environment. The BFC NSFR is substantiated by: - ASF primarily consists of…","The following table summarizes the BFC average NSFR for the three months ended March 31, 2026 and June 30, 2026, based on the Firms interpretation of the NSFR Rule. BFC is subject to the 85% tailored NSFR and the table below reflects the 85% factor. The NSFR calculation is a regulatory prescribed methodology reflecting formulaic hypothetical changes in assets and liabilities that would impact a company's liquidity…"
"bge-m3","bmo-retrieval-141","Using only Q126 EarningsRelease, what reported and adjusted net income did BMO post in Q1 2026?","bmo-019ff982cfe2d7e246f3","3","Q126_EarningsRelease","2","data/raw/Q126_EarningsRelease.pdf, p. 1","1","Financial Results Highlights","data/raw/Q126_EarningsRelease.pdf","Toronto, February 25, 2026 - BMO Financial Group (TSX:BMO) (NYSE:BMO) reported net income for the first quarter ended January 31, 2026 was $2,489 million, compared with $2,138 million in the prior year, and EPS of $3.39, compared with $2.83. Reported ROE was 12.1%, compared with 10.6% in the prior year. Adjusted net income was $2,551 million and adjusted EPS was $3.48, an increase from $2,289 million and $3.04, respectively, in the prior year. Adjusted ROE was 12.4%, compared with 11.3% in the prior year. Reported and adjusted results in the current quarter included severance costs of $147…","Toronto, February 25, 2026 - BMO Financial Group (TSX:BMO) (NYSE:BMO) reported net income for the first quarter ended January 31, 2026 was $2,489 million, compared with $2,138 million in the prior year, and EPS of $3.39, compared with $2.83. Reported ROE was 12.1%, compared with 10.6% in the prior year. Adjusted net income was $2,551 million and adjusted EPS was $3.48, an increase from $2,289 million and $3.04,…"
"bge-m3","bmo-retrieval-142","Verify and cite the exact passage: What were BMO's reported and adjusted EPS in Q1 2026?","bmo-019ff982cfe2d7e246f3","3","Q126_EarningsRelease","2","data/raw/Q126_EarningsRelease.pdf, p. 1","1","Financial Results Highlights","data/raw/Q126_EarningsRelease.pdf","Toronto, February 25, 2026 - BMO Financial Group (TSX:BMO) (NYSE:BMO) reported net income for the first quarter ended January 31, 2026 was $2,489 million, compared with $2,138 million in the prior year, and EPS of $3.39, compared with $2.83. Reported ROE was 12.1%, compared with 10.6% in the prior year. Adjusted net income was $2,551 million and adjusted EPS was $3.48, an increase from $2,289 million and $3.04, respectively, in the prior year. Adjusted ROE was 12.4%, compared with 11.3% in the prior year. Reported and adjusted results in the current quarter included severance costs of $147…","Toronto, February 25, 2026 - BMO Financial Group (TSX:BMO) (NYSE:BMO) reported net income for the first quarter ended January 31, 2026 was $2,489 million, compared with $2,138 million in the prior year, and EPS of $3.39, compared with $2.83. Reported ROE was 12.1%, compared with 10.6% in the prior year. Adjusted net income was $2,551 million and adjusted EPS was $3.48, an increase from $2,289 million and $3.04,…"
"bge-m3","bmo-retrieval-143","Retrieval check — How did Canadian P&C net income change in Q1 2026?","bmo-dbb187d4bf15db51368b","3","Q126_EarningsRelease","7","data/raw/Q126_EarningsRelease.pdf, p. 2","2","Canadian P&C","data/raw/Q126_EarningsRelease.pdf","Reported net income was $948 million and adjusted net income was $951 million, both increasing $71 million or 8% from the prior year, primarily due to a 7% increase in revenue, as well as a lower provision for credit losses, partially offset by higher expenses. Revenue growth was driven by higher net interest income, due to higher net interest margin and balance growth, and an increase in non-interest revenue, including above-trend card fee revenue due to revised future redemption assumptions in the current quarter.","Reported net income was $948 million and adjusted net income was $951 million, both increasing $71 million or 8% from the prior year, primarily due to a 7% increase in revenue, as well as a lower provision for credit losses, partially offset by higher expenses. Revenue growth was driven by higher net interest income, due to higher net interest margin and balance growth, and an increase in non-interest revenue,…"
"bge-m3","bmo-retrieval-144","I need the precise period and units. How did U.S. Banking perform in Q1 2026 in Canadian and U.S. dollars?","bmo-a5fe37cfcfc2781c2a33","3","Q126_EarningsRelease","8","data/raw/Q126_EarningsRelease.pdf, p. 2","2","U.S. Banking","data/raw/Q126_EarningsRelease.pdf","Reported net income was $742 million, an increase of $107 million or 17% from the prior year, and adjusted net income was $802 million, an increase of $95 million or 13%. The impact of the weaker U.S. dollar decreased net income by 5%. On a U.S. dollar basis, reported net income was $539 million, an increase of $93 million or 21% from the prior year, and adjusted net income was $583 million, an increase of $87 million or 18%, primarily due to a lower provision for credit losses. Revenue growth of 2%, reflecting higher net interest income and non-interest revenue, was more than offset by…","Reported net income was $742 million, an increase of $107 million or 17% from the prior year, and adjusted net income was $802 million, an increase of $95 million or 13%. The impact of the weaker U.S. dollar decreased net income by 5%. On a U.S. dollar basis, reported net income was $539 million, an increase of $93 million or 21% from the prior year, and adjusted net income was $583 million, an increase of $87…"
"bge-m3","bmo-retrieval-145","In the supplied corpus, for what period were BMO's Q1 2026 interim financial statements prepared?","bmo-de2d732856072e66bac9","3","Q126_ReportToShareholders","0","data/raw/Q126_ReportToShareholders.pdf, p. 1","1","REPORT TO SHAREHOLDERS","data/raw/Q126_ReportToShareholders.pdf","BMO's First Quarter 2026 Report to Shareholders, including the unaudited interim consolidated financial statements for the period ended January 31, 2026, are available online at www.bmo.com/investorrelations, on the Canadian Securities Administrators' website at www.sedarplus.ca, and on the EDGAR section of the U.S. Securities and Exchange Commission's website at www.sec.gov.","BMO's First Quarter 2026 Report to Shareholders, including the unaudited interim consolidated financial statements for the period ended January 31, 2026, are available online at www.bmo.com/investorrelations, on the Canadian Securities Administrators' website at www.sedarplus.ca, and on the EDGAR section of the U.S. Securities and Exchange Commission's website at www.sec.gov."
"bge-m3","bmo-retrieval-146","Using only Q126 ReportToShareholders, what were BMO's Q1 2026 PCL, ROE and CET1 ratio?","bmo-7b7df28d56a73836e562","3","Q126_ReportToShareholders","1","data/raw/Q126_ReportToShareholders.pdf, p. 1","1","Financial Results Highlights","data/raw/Q126_ReportToShareholders.pdf","First Quarter 2026 compared with First Quarter 2025: - Reported net income 1 of $2,489 million, an increase of 16% from $2,138 million; adjusted net income 1 of $2,551 million, an increase of 11% from $2,289 million - Reported earnings per share (EPS) 2 of $3.39, an increase of 20% from $2.83; adjusted EPS 1, 2 of $3.48, an increase of 15% from $3.04 - Provision for credit losses (PCL) of $746 million, a decrease from $1,011 million - Reported return on equity (ROE) of 12.1%, compared with 10.6%; adjusted ROE 1 of 12.4%, compared with 11.3% - Common Equity Tier 1 (CET1) Ratio 3 of 13.1%,…","First Quarter 2026 compared with First Quarter 2025: - Reported net income 1 of $2,489 million, an increase of 16% from $2,138 million; adjusted net income 1 of $2,551 million, an increase of 11% from $2,289 million - Reported earnings per share (EPS) 2 of $3.39, an increase of 20% from $2.83; adjusted EPS 1, 2 of $3.48, an increase of 15% from $3.04 - Provision for credit losses (PCL) of $746 million, a decrease…"
"bge-m3","bmo-retrieval-147","Verify and cite the exact passage: What sources comprise the Enhanced Disclosure Task Force index for Q1 2026?","bmo-8d91847f7b276d39bde4","3","Q126_ReportToShareholders","6","data/raw/Q126_ReportToShareholders.pdf, p. 2","2","Enhanced Disclosure Task Force","data/raw/Q126_ReportToShareholders.pdf","Disclosures related to recommendations from the Financial Stability Board's Enhanced Disclosure Task Force (EDTF) to provide high-quality, transparent risk disclosures are detailed in the index below, as presented in BMO's 2025 Annual Report, the First Quarter 2026 Report to Shareholders (RTS), Supplemental Financial Information (SFI) or Supplemental Regulatory Capital Information (SRCI). Information on BMO's website, including information within the SFI or SRCI, is not and should not be considered incorporated by reference into our First Quarter 2026 Report to Shareholders.","Disclosures related to recommendations from the Financial Stability Board's Enhanced Disclosure Task Force (EDTF) to provide high-quality, transparent risk disclosures are detailed in the index below, as presented in BMO's 2025 Annual Report, the First Quarter 2026 Report to Shareholders (RTS), Supplemental Financial Information (SFI) or Supplemental Regulatory Capital Information (SRCI). Information on BMO's…"
"bge-m3","bmo-retrieval-148","Retrieval check — As of what date is the Q1 2026 MD&A commentary?","bmo-e1d52777fdb6d735ef1f","3","Q126_ReportToShareholders","10","data/raw/Q126_ReportToShareholders.pdf, p. 3","3","Management's Discussion and Analysis","data/raw/Q126_ReportToShareholders.pdf","Management's Discussion and Analysis (MD&A) commentary is as at February 25, 2026 for the period ended January 31, 2026. The material that precedes this section comprises part of this MD&A. The MD&A should be read in conjunction with the unaudited interim consolidated financial statements for the period ended January 31, 2026, included in this document, as well as the audited annual consolidated financial statements for the year ended October 31, 2025, and the 2025 annual MD&A, contained in Bank of Montreal's 2025 Annual Report.","Management's Discussion and Analysis (MD&A) commentary is as at February 25, 2026 for the period ended January 31, 2026. The material that precedes this section comprises part of this MD&A. The MD&A should be read in conjunction with the unaudited interim consolidated financial statements for the period ended January 31, 2026, included in this document, as well as the audited annual consolidated financial statements…"
"bge-m3","bmo-retrieval-149","I need the precise period and units. What reported and adjusted net income did BMO post in Q2 2026?","bmo-f5f3c016c51708e08e29","3","Q226_EarningsRelease","1","data/raw/Q226_EarningsRelease.pdf, p. 1","1","Financial Results Highlights","data/raw/Q226_EarningsRelease.pdf","Second Quarter 2026 compared with Second Quarter 2025: - Reported net income 1 of $2,630 million, an increase of 34% from $1,962 million; adjusted net income 1 of $2,733 million, an increase of 34% from $2,046 million - Reported earnings per share (EPS) 2 of $3.53, an increase of 41% from $2.50; adjusted EPS 1, 2 of $3.67, an increase of 40% from $2.62 - Provision for credit losses (PCL) of $739 million, a decrease from $1,054 million - Reported return on equity (ROE) of 13.0%, compared with 9.4%; adjusted ROE 1 of 13.5%, compared with 9.8% - Common Equity Tier 1 (CET1) Ratio 3 of 13.0%,…","Second Quarter 2026 compared with Second Quarter 2025: - Reported net income 1 of $2,630 million, an increase of 34% from $1,962 million; adjusted net income 1 of $2,733 million, an increase of 34% from $2,046 million - Reported earnings per share (EPS) 2 of $3.53, an increase of 41% from $2.50; adjusted EPS 1, 2 of $3.67, an increase of 40% from $2.62 - Provision for credit losses (PCL) of $739 million, a decrease…"
"bge-m3","bmo-retrieval-150","In the supplied corpus, what dividend did BMO declare in Q2 2026 and how much did it increase?","bmo-f5f3c016c51708e08e29","3","Q226_EarningsRelease","1","data/raw/Q226_EarningsRelease.pdf, p. 1","1","Financial Results Highlights","data/raw/Q226_EarningsRelease.pdf","Second Quarter 2026 compared with Second Quarter 2025: - Reported net income 1 of $2,630 million, an increase of 34% from $1,962 million; adjusted net income 1 of $2,733 million, an increase of 34% from $2,046 million - Reported earnings per share (EPS) 2 of $3.53, an increase of 41% from $2.50; adjusted EPS 1, 2 of $3.67, an increase of 40% from $2.62 - Provision for credit losses (PCL) of $739 million, a decrease from $1,054 million - Reported return on equity (ROE) of 13.0%, compared with 9.4%; adjusted ROE 1 of 13.5%, compared with 9.8% - Common Equity Tier 1 (CET1) Ratio 3 of 13.0%,…","Second Quarter 2026 compared with Second Quarter 2025: - Reported net income 1 of $2,630 million, an increase of 34% from $1,962 million; adjusted net income 1 of $2,733 million, an increase of 34% from $2,046 million - Reported earnings per share (EPS) 2 of $3.53, an increase of 41% from $2.50; adjusted EPS 1, 2 of $3.67, an increase of 40% from $2.62 - Provision for credit losses (PCL) of $739 million, a decrease…"
"bge-m3","bmo-retrieval-151","Using only Q226 EarningsRelease, what were BMO's year-to-date 2026 reported and adjusted EPS?","bmo-ccc96f75ce929cfa0857","3","Q226_EarningsRelease","2","data/raw/Q226_EarningsRelease.pdf, p. 1","1","Year-to-Date 2026 compared with Year-to-Date 2025:","data/raw/Q226_EarningsRelease.pdf","- Reported net income 1 of $5,119 million, an increase of 25% from $4,100 million; adjusted net income 1 of $5,284 million, an increase of 22% from $4,335 million - Reported EPS 2 of $6.92, an increase of 30% from $5.34; adjusted EPS 1, 2 of $7.15, an increase of 26% from $5.66 - PCL of $1,485 million, a decrease from $2,065 million - Reported ROE of 12.5%, compared with 10.0%; adjusted ROE 1 of 12.9%, compared with 10.6%","- Reported net income 1 of $5,119 million, an increase of 25% from $4,100 million; adjusted net income 1 of $5,284 million, an increase of 22% from $4,335 million - Reported EPS 2 of $6.92, an increase of 30% from $5.34; adjusted EPS 1, 2 of $7.15, an increase of 26% from $5.66 - PCL of $1,485 million, a decrease from $2,065 million - Reported ROE of 12.5%, compared with 10.0%; adjusted ROE 1 of 12.9%, compared with…"
"bge-m3","bmo-retrieval-152","Verify and cite the exact passage: How did Canadian P&C net income change in Q2 2026?","bmo-d8b4ff732985f2971b8b","3","Q226_EarningsRelease","12","data/raw/Q226_EarningsRelease.pdf, p. 2","2","Canadian P&C","data/raw/Q226_EarningsRelease.pdf","Reported net income was $884 million, an increase of $120 million or 15% from the prior year, and adjusted net income was $887 million, an increase of $119 million or 15%, primarily due to a 5% increase in revenue, as well as a lower provision for credit losses, partially offset by higher expenses. Revenue growth was driven by increases in net interest income, primarily due to higher net interest margin, and non-interest revenue due to higher card-related and mutual fund distribution fees, partially offset by lower deposit fee revenue.","Reported net income was $884 million, an increase of $120 million or 15% from the prior year, and adjusted net income was $887 million, an increase of $119 million or 15%, primarily due to a 5% increase in revenue, as well as a lower provision for credit losses, partially offset by higher expenses. Revenue growth was driven by increases in net interest income, primarily due to higher net interest margin, and…"
"bge-m3","bmo-retrieval-153","Retrieval check — For what period were BMO's Q2 2026 interim financial statements prepared?","bmo-4052b8af184c044dbe66","3","Q226_ReportToShareholders","0","data/raw/Q226_ReportToShareholders.pdf, p. 1","1","REPORT TO SHAREHOLDERS","data/raw/Q226_ReportToShareholders.pdf","BMO's Second Quarter 2026 Report to Shareholders, including the unaudited interim consolidated financial statements for the period ended April 30, 2026, are available online at www.bmo.com/investorrelations, on the Canadian Securities Administrators' website at www.sedarplus.ca, and on the EDGAR section of the U.S. Securities and Exchange Commission's website at www.sec.gov.","BMO's Second Quarter 2026 Report to Shareholders, including the unaudited interim consolidated financial statements for the period ended April 30, 2026, are available online at www.bmo.com/investorrelations, on the Canadian Securities Administrators' website at www.sedarplus.ca, and on the EDGAR section of the U.S. Securities and Exchange Commission's website at www.sec.gov."
"bge-m3","bmo-retrieval-154","I need the precise period and units. What were BMO's Q2 2026 reported EPS, adjusted EPS and CET1 ratio?","bmo-066760077664f9e1d968","3","Q226_ReportToShareholders","1","data/raw/Q226_ReportToShareholders.pdf, p. 1","1","Financial Results Highlights","data/raw/Q226_ReportToShareholders.pdf","Second Quarter 2026 compared with Second Quarter 2025: - Reported net income 1 of $2,630 million, an increase of 34% from $1,962 million; adjusted net income 1 of $2,733 million, an increase of 34% from $2,046 million - Reported earnings per share (EPS) 2 of $3.53, an increase of 41% from $2.50; adjusted EPS 1, 2 of $3.67, an increase of 40% from $2.62 - Provision for credit losses (PCL) of $739 million, a decrease from $1,054 million - Reported return on equity (ROE) of 13.0%, compared with 9.4%; adjusted ROE 1 of 13.5%, compared with 9.8% - Common Equity Tier 1 (CET1) Ratio 3 of 13.0%,…","Second Quarter 2026 compared with Second Quarter 2025: - Reported net income 1 of $2,630 million, an increase of 34% from $1,962 million; adjusted net income 1 of $2,733 million, an increase of 34% from $2,046 million - Reported earnings per share (EPS) 2 of $3.53, an increase of 41% from $2.50; adjusted EPS 1, 2 of $3.67, an increase of 40% from $2.62 - Provision for credit losses (PCL) of $739 million, a decrease…"
"bge-m3","bmo-retrieval-155","In the supplied corpus, what were BMO's year-to-date 2026 net income and PCL?","bmo-d7c2c5bcc623f9e1603d","3","Q226_ReportToShareholders","2","data/raw/Q226_ReportToShareholders.pdf, p. 1","1","Year-to-Date 2026 compared with Year-to-Date 2025:","data/raw/Q226_ReportToShareholders.pdf","- Reported net income 1 of $5,119 million, an increase of 25% from $4,100 million; adjusted net income 1 of $5,284 million, an increase of 22% from $4,335 million - Reported EPS 2 of $6.92, an increase of 30% from $5.34; adjusted EPS 1, 2 of $7.15, an increase of 26% from $5.66 - PCL of $1,485 million, a decrease from $2,065 million - Reported ROE of 12.5%, compared with 10.0%; adjusted ROE 1 of 12.9%, compared with 10.6%","- Reported net income 1 of $5,119 million, an increase of 25% from $4,100 million; adjusted net income 1 of $5,284 million, an increase of 22% from $4,335 million - Reported EPS 2 of $6.92, an increase of 30% from $5.34; adjusted EPS 1, 2 of $7.15, an increase of 26% from $5.66 - PCL of $1,485 million, a decrease from $2,065 million - Reported ROE of 12.5%, compared with 10.0%; adjusted ROE 1 of 12.9%, compared with…"
"bge-m3","bmo-retrieval-156","Using only Q226 ReportToShareholders, what sources comprise the Enhanced Disclosure Task Force index for Q2 2026?","bmo-8ab5d6ee881e05d83772","3","Q226_ReportToShareholders","11","data/raw/Q226_ReportToShareholders.pdf, p. 3","3","Enhanced Disclosure Task Force","data/raw/Q226_ReportToShareholders.pdf","Disclosures related to recommendations from the Financial Stability Board's Enhanced Disclosure Task Force (EDTF) to provide high-quality, transparent risk disclosures are detailed in the index below, as presented in BMO's 2025 Annual Report, the Second Quarter 2026 Report to Shareholders (RTS), Supplemental Financial Information (SFI) or Supplemental Regulatory Capital Information (SRCI). Information on BMO's website, including information within the SFI or SRCI, is not and should not be considered incorporated by reference into our Second Quarter 2026 Report to Shareholders.","Disclosures related to recommendations from the Financial Stability Board's Enhanced Disclosure Task Force (EDTF) to provide high-quality, transparent risk disclosures are detailed in the index below, as presented in BMO's 2025 Annual Report, the Second Quarter 2026 Report to Shareholders (RTS), Supplemental Financial Information (SFI) or Supplemental Regulatory Capital Information (SRCI). Information on BMO's…"
"bge-m3","bmo-retrieval-157","Verify and cite the exact passage: What reported and adjusted net income did BMO post in Q3 2026?","bmo-ff6f00d78e116ab4af67","3","Q326_EarningsRelease","3","data/raw/Q326_EarningsRelease.pdf, p. 1","1","Financial Results Highlights","data/raw/Q326_EarningsRelease.pdf","Toronto, August 25, 2026 - BMO Financial Group (TSX:BMO) (NYSE:BMO) reported net income for the third quarter ended July 31, 2026 was $1,750 million, compared with $2,330 million in the prior year, and EPS of $2.38, compared with $3.14. Reported ROE was 8.4%, compared with 11.6% in the prior year. The decrease in reported results was driven by a charge related to the reduction in goodwill associated with the announced sale of BMO's Transportation and Vendor Finance businesses. Adjusted net income of $2,859 million increased 19% from $2,399 million in the prior year, and adjusted EPS of $3.96…","Toronto, August 25, 2026 - BMO Financial Group (TSX:BMO) (NYSE:BMO) reported net income for the third quarter ended July 31, 2026 was $1,750 million, compared with $2,330 million in the prior year, and EPS of $2.38, compared with $3.14. Reported ROE was 8.4%, compared with 11.6% in the prior year. The decrease in reported results was driven by a charge related to the reduction in goodwill associated with the…"
"bge-m3","bmo-retrieval-158","Retrieval check — What were BMO's reported and adjusted EPS in Q3 2026?","bmo-ff6f00d78e116ab4af67","3","Q326_EarningsRelease","3","data/raw/Q326_EarningsRelease.pdf, p. 1","1","Financial Results Highlights","data/raw/Q326_EarningsRelease.pdf","Toronto, August 25, 2026 - BMO Financial Group (TSX:BMO) (NYSE:BMO) reported net income for the third quarter ended July 31, 2026 was $1,750 million, compared with $2,330 million in the prior year, and EPS of $2.38, compared with $3.14. Reported ROE was 8.4%, compared with 11.6% in the prior year. The decrease in reported results was driven by a charge related to the reduction in goodwill associated with the announced sale of BMO's Transportation and Vendor Finance businesses. Adjusted net income of $2,859 million increased 19% from $2,399 million in the prior year, and adjusted EPS of $3.96…","Toronto, August 25, 2026 - BMO Financial Group (TSX:BMO) (NYSE:BMO) reported net income for the third quarter ended July 31, 2026 was $1,750 million, compared with $2,330 million in the prior year, and EPS of $2.38, compared with $3.14. Reported ROE was 8.4%, compared with 11.6% in the prior year. The decrease in reported results was driven by a charge related to the reduction in goodwill associated with the…"
"bge-m3","bmo-retrieval-159","I need the precise period and units. How did Canadian P&C net income change in Q3 2026?","bmo-039cc788a0c03af90fd1","3","Q326_EarningsRelease","10","data/raw/Q326_EarningsRelease.pdf, p. 2","2","Canadian P&C","data/raw/Q326_EarningsRelease.pdf","Reported net income was $980 million, an increase of $131 million or 16% from the prior year, and adjusted net income was $983 million, an increase of $131 million or 15%, primarily due to a 6% increase in revenue and a lower provision for credit losses, partially offset by higher expenses. Revenue growth was driven by increases in net interest income, primarily due to higher net interest margin and non-interest revenue.","Reported net income was $980 million, an increase of $131 million or 16% from the prior year, and adjusted net income was $983 million, an increase of $131 million or 15%, primarily due to a 6% increase in revenue and a lower provision for credit losses, partially offset by higher expenses. Revenue growth was driven by increases in net interest income, primarily due to higher net interest margin and non-interest…"
"bge-m3","bmo-retrieval-160","In the supplied corpus, how did U.S. Banking perform in Q3 2026 in Canadian and U.S. dollars?","bmo-48eaaf7670823fc92b7c","3","Q326_EarningsRelease","11","data/raw/Q326_EarningsRelease.pdf, p. 2","2","U.S. Banking","data/raw/Q326_EarningsRelease.pdf","Reported net income was $868 million, an increase of $101 million or 13% from the prior year, and adjusted net income was $925 million, an increase of $96 million or 11%. The impact of the stronger U.S. dollar increased each of revenue, expenses and net income by 2%. On a U.S. dollar basis, reported net income was $620 million, an increase of $62 million or 11% from the prior year, and adjusted net income was $661 million, an increase of $58 million or 9%, primarily due to a 5% increase in revenue, partially offset by higher expenses. Revenue growth was driven by increases in net interest…","Reported net income was $868 million, an increase of $101 million or 13% from the prior year, and adjusted net income was $925 million, an increase of $96 million or 11%. The impact of the stronger U.S. dollar increased each of revenue, expenses and net income by 2%. On a U.S. dollar basis, reported net income was $620 million, an increase of $62 million or 11% from the prior year, and adjusted net income was $661…"
"bge-m3","bmo-retrieval-161","Using only Q326 ReportToShareholders, for what period were BMO's Q3 2026 interim financial statements prepared?","bmo-2ffa15156b342d3ca1f0","3","Q326_ReportToShareholders","0","data/raw/Q326_ReportToShareholders.pdf, p. 1","1","REPORT TO SHAREHOLDERS","data/raw/Q326_ReportToShareholders.pdf","BMO's Third Quarter 2026 Report to Shareholders, including the unaudited interim consolidated financial statements for the period ended July 31, 2026, are available online at www.bmo.com/investorrelations, on the Canadian Securities Administrators' website at www.sedarplus.ca, and on the EDGAR section of the U.S. Securities and Exchange Commission's website at www.sec.gov.","BMO's Third Quarter 2026 Report to Shareholders, including the unaudited interim consolidated financial statements for the period ended July 31, 2026, are available online at www.bmo.com/investorrelations, on the Canadian Securities Administrators' website at www.sedarplus.ca, and on the EDGAR section of the U.S. Securities and Exchange Commission's website at www.sec.gov."
"bge-m3","bmo-retrieval-162","Verify and cite the exact passage: What were BMO's Q3 2026 PCL, ROE and CET1 ratio?","bmo-39e69130adc5b1f4211c","3","Q326_ReportToShareholders","1","data/raw/Q326_ReportToShareholders.pdf, p. 1","1","Financial Results Highlights","data/raw/Q326_ReportToShareholders.pdf","Third Quarter 2026 compared with Third Quarter 2025: - Reported net income 1 of $1,750 million, a decrease of 25% from $2,330 million; adjusted net income 1 of $2,859 million, an increase of 19% from $2,399 million - Reported earnings per share (EPS) 2 of $2.38, a decrease of 24% from $3.14; adjusted EPS 1, 2 of $3.96, an increase of 22% from $3.23 - Provision for credit losses (PCL) of $722 million, a decrease from $797 million - Reported return on equity (ROE) of 8.4%, compared with 11.6%; adjusted ROE 1 of 14.0%, compared with 12.0% - Common Equity Tier 1 (CET1) Ratio 3 of 13.0%, compared…","Third Quarter 2026 compared with Third Quarter 2025: - Reported net income 1 of $1,750 million, a decrease of 25% from $2,330 million; adjusted net income 1 of $2,859 million, an increase of 19% from $2,399 million - Reported earnings per share (EPS) 2 of $2.38, a decrease of 24% from $3.14; adjusted EPS 1, 2 of $3.96, an increase of 22% from $3.23 - Provision for credit losses (PCL) of $722 million, a decrease from…"
"bge-m3","bmo-retrieval-163","Retrieval check — What deposits, loans and premium are involved in the planned sale of 138 U.S. branches?","bmo-6fb966f5b5040235a7fb","3","Q326_ReportToShareholders","9","data/raw/Q326_ReportToShareholders.pdf, p. 2","2","Divestitures","data/raw/Q326_ReportToShareholders.pdf","On October 16, 2025, we announced the sale of 138 BMO branches in select markets to First-Citizens Bank & Trust Company (First Citizens Bank) to support the optimization of our U.S. branch network and the redeployment of capital and resources. Under the terms of this agreement, First Citizens Bank will assume approximately US$5.3 billion (CAD$7.4 billion) in deposits and purchase approximately US$0.7 billion (CAD$1.0 billion) in loans as at July 31, 2026, for a net deposit premium of approximately 5% paid on closing. This transaction is expected to close in the fourth quarter of fiscal 2026,…","On October 16, 2025, we announced the sale of 138 BMO branches in select markets to First-Citizens Bank & Trust Company (First Citizens Bank) to support the optimization of our U.S. branch network and the redeployment of capital and resources. Under the terms of this agreement, First Citizens Bank will assume approximately US$5.3 billion (CAD$7.4 billion) in deposits and purchase approximately US$0.7 billion…"
"bge-m3","bmo-retrieval-164","I need the precise period and units. What business did BMO agree to acquire from Euroz Hartleys in June 2026?","bmo-bcc2c4e929bb21b726b3","3","Q326_ReportToShareholders","13","data/raw/Q326_ReportToShareholders.pdf, p. 2","2","Acquisitions","data/raw/Q326_ReportToShareholders.pdf","On June 29, 2026, we entered into a definitive agreement to acquire the Australia-based metals and mining focused capital markets business of Euroz Hartleys Group Limited (Euroz Hartleys). This acquisition is expected to close in the fourth quarter of calendar 2026, subject to Euroz Hartleys shareholder approval, regulatory approvals and satisfaction of other customary closing conditions. Following closing, the acquired business will form part of the Capital Markets operating segment. For further information on the above divestitures and acquisition, refer to Note 13 of the unaudited interim…","On June 29, 2026, we entered into a definitive agreement to acquire the Australia-based metals and mining focused capital markets business of Euroz Hartleys Group Limited (Euroz Hartleys). This acquisition is expected to close in the fourth quarter of calendar 2026, subject to Euroz Hartleys shareholder approval, regulatory approvals and satisfaction of other customary closing conditions. Following closing, the…"
"bge-m3","bmo-retrieval-165","In the supplied corpus, how should BMO's Q3 2026 supplementary regulatory capital information be used?","bmo-2cf4a13431087798555b","3","RegSuppQ326","3","data/raw/RegSuppQ326.pdf, p. 3","3","Use of this Document","data/raw/RegSuppQ326.pdf","The supplementary information contained in this package is designed to improve the readers' understanding of the capital requirements of BMO Financial Group (the Bank). This information should be used in conjunction with the Bank's Third quarter 2026 Report to Shareholders and the 2025 Annual Report available on the Canadian Securities Administrators' website at www.sedarplus.ca and BMO's website at www.bmo.com/investorrelations.","The supplementary information contained in this package is designed to improve the readers' understanding of the capital requirements of BMO Financial Group (the Bank). This information should be used in conjunction with the Bank's Third quarter 2026 Report to Shareholders and the 2025 Annual Report available on the Canadian Securities Administrators' website at www.sedarplus.ca and BMO's website at…"
"bge-m3","bmo-retrieval-166","Using only RegSuppQ326, which frameworks and OSFI guidelines determine BMO's regulatory capital disclosures?","bmo-a54590afe687d72bd739","3","RegSuppQ326","5","data/raw/RegSuppQ326.pdf, p. 3","3","Regulatory Framework","data/raw/RegSuppQ326.pdf","Regulatory capital requirements for the bank are determined in accordance with guidelines issued by the Office of the Superintendent of Financial Institutions (OSFI), which are based on the revised Basel III Reforms framework (inclusive of the 2017 Basel III Reforms) developed by the Basel Committee on Banking Supervision (BCBS). The measures and disclosures herein are presented in accordance with OSFI's Pillar 3 Disclosure Guideline, including the Total Loss Absorbing Capacity (TLAC) Disclosure Requirements Guideline for domestic systemically important banks (D-SIBs) and the Enhanced…","Regulatory capital requirements for the bank are determined in accordance with guidelines issued by the Office of the Superintendent of Financial Institutions (OSFI), which are based on the revised Basel III Reforms framework (inclusive of the 2017 Basel III Reforms) developed by the Basel Committee on Banking Supervision (BCBS). The measures and disclosures herein are presented in accordance with OSFI's Pillar 3…"
"bge-m3","bmo-retrieval-167","Verify and cite the exact passage: Which insurance subsidiaries are excluded from BMO's regulatory-scope balance sheet?","bmo-73a6a79d9baa8b1e01b3","3","RegSuppQ326","27","data/raw/RegSuppQ326.pdf, p. 9","9","CC2 - RECONCILIATION OF REGULATORY CAPITAL TO BALANCE SHEET","data/raw/RegSuppQ326.pdf","(1) Balance sheet under regulatory scope does not include the following entities: BMO Life Insurance Company and BMO Reinsurance Limited. Insurance subsidiaries are included in the regulatory balance sheet using the equity method of accounting and are capitalized as significant investments in financials. BMO Life Insurance Company ($23,046 million assets and $2,610 million equity) covers the development and marketing of individual life, critical illness and annuity products as well as segregated funds. It also offers group creditor and travel insurance to bank customers in Canada. BMO…","(1) Balance sheet under regulatory scope does not include the following entities: BMO Life Insurance Company and BMO Reinsurance Limited. Insurance subsidiaries are included in the regulatory balance sheet using the equity method of accounting and are capitalized as significant investments in financials. BMO Life Insurance Company ($23,046 million assets and $2,610 million equity) covers the development and…"
"bge-m3","bmo-retrieval-168","Retrieval check — What products are offered by BMO Life Insurance Company?","bmo-73a6a79d9baa8b1e01b3","3","RegSuppQ326","27","data/raw/RegSuppQ326.pdf, p. 9","9","CC2 - RECONCILIATION OF REGULATORY CAPITAL TO BALANCE SHEET","data/raw/RegSuppQ326.pdf","(1) Balance sheet under regulatory scope does not include the following entities: BMO Life Insurance Company and BMO Reinsurance Limited. Insurance subsidiaries are included in the regulatory balance sheet using the equity method of accounting and are capitalized as significant investments in financials. BMO Life Insurance Company ($23,046 million assets and $2,610 million equity) covers the development and marketing of individual life, critical illness and annuity products as well as segregated funds. It also offers group creditor and travel insurance to bank customers in Canada. BMO…","(1) Balance sheet under regulatory scope does not include the following entities: BMO Life Insurance Company and BMO Reinsurance Limited. Insurance subsidiaries are included in the regulatory balance sheet using the equity method of accounting and are capitalized as significant investments in financials. BMO Life Insurance Company ($23,046 million assets and $2,610 million equity) covers the development and…"
"bge-m3","bmo-retrieval-169","I need the precise period and units. What four operating segments does BMO use in its Q1 2026 supplemental information?","bmo-ed5dda6fe554f6377824","3","Suppq126","5","data/raw/Suppq126.pdf, p. 3","3","Operating Segment Results","data/raw/Suppq126.pdf","BMO reports financial results for its four operating segments, all of which are supported by Corporate Units and Technology and Operations (T&O) within Corporate Services. Operating segment results include allocations from Corporate Services for treasury-related revenue, corporate and T&O costs, and capital. For more information, see the ""How BMO Reports Operating Group Results"" section of the 2025 BMO Annual MD&A.","BMO reports financial results for its four operating segments, all of which are supported by Corporate Units and Technology and Operations (T&O) within Corporate Services. Operating segment results include allocations from Corporate Services for treasury-related revenue, corporate and T&O costs, and capital. For more information, see the ""How BMO Reports Operating Group Results"" section of the 2025 BMO Annual MD&A."
"bge-m3","bmo-retrieval-170","In the supplied corpus, why does BMO's Q1 2026 supplemental package present both reported and adjusted results?","bmo-bc4c98d33041974d0a12","3","Suppq126","8","data/raw/Suppq126.pdf, p. 3","3","Adjusted measures and ratios","data/raw/Suppq126.pdf","Management considers both reported and adjusted results and measures useful in assessing underlying ongoing business performance. Adjusted results and measures remove certain specified items from revenue, non-interest expense and income taxes, as detailed on page 2. Adjusted results and measures presented in this document are non-GAAP. Presenting results on both a reported basis and an adjusted basis permits readers to assess the impact of certain items on results for the periods presented, and to better assess results excluding those items that may not be reflective of ongoing business…","Management considers both reported and adjusted results and measures useful in assessing underlying ongoing business performance. Adjusted results and measures remove certain specified items from revenue, non-interest expense and income taxes, as detailed on page 2. Adjusted results and measures presented in this document are non-GAAP. Presenting results on both a reported basis and an adjusted basis permits readers…"
"bge-m3","bmo-retrieval-171","Using only Suppq126, what businesses are excluded from the net interest margin measure in BMO's Q1 2026 supplement?","bmo-09bed7072130add46cbf","3","Suppq126","10","data/raw/Suppq126.pdf, p. 3","3","Net Interest Margin, excluding Global Markets and Insurance","data/raw/Suppq126.pdf","Effective the first quarter of fiscal 2026, we report net interest margin on a basis that excludes net interest income from our Global Markets business in Capital Markets, and average earning assets from our Global Markets and Insurance businesses. Management considers this measure to be useful in allowing readers to assess performance of BMO's lending, investing and deposit-raising activities without the volatility that may be associated with market and trading-related activities. This measure replaces Net Interest Margin, excluding trading and insurance previously disclosed, and prior…","Effective the first quarter of fiscal 2026, we report net interest margin on a basis that excludes net interest income from our Global Markets business in Capital Markets, and average earning assets from our Global Markets and Insurance businesses. Management considers this measure to be useful in allowing readers to assess performance of BMO's lending, investing and deposit-raising activities without the volatility…"
"bge-m3","bmo-retrieval-172","Verify and cite the exact passage: Which report and annual report should be read with the Q1 supplemental package?","bmo-caf5e580a0b472bc9d0c","3","Suppq126","2","data/raw/Suppq126.pdf, p. 3","3","Return on Equity by Operating Segment","data/raw/Suppq126.pdf","The supplemental information contained in this package is designed to improve the readers' understanding of the financial performance of BMO Financial Group (the Bank). This information should be used in conjunction with the Bank's First Quarter 2026 Report to Shareholders and the 2025 Annual Report available on the Canadian Securities Administrators' website at www.sedarplus.ca and BMO's website at www.bmo.com/investor relations.","The supplemental information contained in this package is designed to improve the readers' understanding of the financial performance of BMO Financial Group (the Bank). This information should be used in conjunction with the Bank's First Quarter 2026 Report to Shareholders and the 2025 Annual Report available on the Canadian Securities Administrators' website at www.sedarplus.ca and BMO's website at…"
"bge-m3","bmo-retrieval-173","Retrieval check — What four operating segments does BMO use in its Q2 2026 supplemental information?","bmo-20158f1679b5f85fec72","3","Suppq226","5","data/raw/Suppq226.pdf, p. 3","3","Operating Segment Results","data/raw/Suppq226.pdf","BMO reports financial results for its four operating segments, all of which are supported by Corporate Units and Technology and Operations (T&O) within Corporate Services. Operating segment results include allocations from Corporate Services for treasury-related revenue, corporate and T&O costs, and capital. For more information, see the ""How BMO Reports Operating Group Results"" section of the 2025 BMO Annual MD&A.","BMO reports financial results for its four operating segments, all of which are supported by Corporate Units and Technology and Operations (T&O) within Corporate Services. Operating segment results include allocations from Corporate Services for treasury-related revenue, corporate and T&O costs, and capital. For more information, see the ""How BMO Reports Operating Group Results"" section of the 2025 BMO Annual MD&A."
"bge-m3","bmo-retrieval-174","I need the precise period and units. Why does BMO's Q2 2026 supplemental package present both reported and adjusted results?","bmo-80f5f38e279e7e0ce03b","3","Suppq226","8","data/raw/Suppq226.pdf, p. 3","3","Adjusted measures and ratios","data/raw/Suppq226.pdf","Management considers both reported and adjusted results and measures useful in assessing underlying ongoing business performance. Adjusted results and measures remove certain specified items from revenue, non-interest expense and income taxes, as detailed on page 2. Adjusted results and measures presented in this document are non-GAAP. Presenting results on both a reported basis and an adjusted basis permits readers to assess the impact of certain items on results for the periods presented, and to better assess results excluding those items that may not be reflective of ongoing business…","Management considers both reported and adjusted results and measures useful in assessing underlying ongoing business performance. Adjusted results and measures remove certain specified items from revenue, non-interest expense and income taxes, as detailed on page 2. Adjusted results and measures presented in this document are non-GAAP. Presenting results on both a reported basis and an adjusted basis permits readers…"
"bge-m3","bmo-retrieval-175","In the supplied corpus, what businesses are excluded from the net interest margin measure in BMO's Q2 2026 supplement?","bmo-474d4291746250dd9809","3","Suppq226","10","data/raw/Suppq226.pdf, p. 3","3","Net Interest Margin, excluding Global Markets and Insurance","data/raw/Suppq226.pdf","Effective the first quarter of fiscal 2026, we report net interest margin on a basis that excludes net interest income from our Global Markets business in Capital Markets, and average earning assets from our Global Markets and Insurance businesses. Management considers this measure to be useful in allowing readers to assess performance of BMO's lending, investing and deposit-raising activities without the volatility that may be associated with market and trading-related activities. This measure replaces Net Interest Margin, excluding trading and insurance previously disclosed, and prior…","Effective the first quarter of fiscal 2026, we report net interest margin on a basis that excludes net interest income from our Global Markets business in Capital Markets, and average earning assets from our Global Markets and Insurance businesses. Management considers this measure to be useful in allowing readers to assess performance of BMO's lending, investing and deposit-raising activities without the volatility…"
"bge-m3","bmo-retrieval-176","Using only Suppq226, which report and annual report should be read with the Q2 supplemental package?","bmo-c9b2c0fcbd3648e62fb2","3","Suppq226","2","data/raw/Suppq226.pdf, p. 3","3","Return on Equity by Operating Segment","data/raw/Suppq226.pdf","The supplemental information contained in this package is designed to improve the readers' understanding of the financial performance of BMO Financial Group (the Bank). This information should be used in conjunction with the Bank's Second Quarter 2026 Report to Shareholders and the 2025 Annual Report available on the Canadian Securities Administrators' website at www.sedarplus.ca and BMO's website at www.bmo.com/investor relations.","The supplemental information contained in this package is designed to improve the readers' understanding of the financial performance of BMO Financial Group (the Bank). This information should be used in conjunction with the Bank's Second Quarter 2026 Report to Shareholders and the 2025 Annual Report available on the Canadian Securities Administrators' website at www.sedarplus.ca and BMO's website at…"
"bge-m3","bmo-retrieval-177","Verify and cite the exact passage: What four operating segments does BMO use in its Q3 2026 supplemental information?","bmo-b744a42f03800223bbe0","3","SuppQ326","5","data/raw/SuppQ326.pdf, p. 3","3","Operating Segment Results","data/raw/SuppQ326.pdf","BMO reports financial results for its four operating segments, all of which are supported by Corporate Units and Technology and Operations (T&O) within Corporate Services. Operating segment results include allocations from Corporate Services for treasury-related revenue, corporate and T&O costs, and capital. For more information, see the ""How BMO Reports Operating Group Results"" section of the 2025 BMO Annual MD&A.","BMO reports financial results for its four operating segments, all of which are supported by Corporate Units and Technology and Operations (T&O) within Corporate Services. Operating segment results include allocations from Corporate Services for treasury-related revenue, corporate and T&O costs, and capital. For more information, see the ""How BMO Reports Operating Group Results"" section of the 2025 BMO Annual MD&A."
"bge-m3","bmo-retrieval-178","Retrieval check — Why does BMO's Q3 2026 supplemental package present both reported and adjusted results?","bmo-76be7d88f338a9a8dacf","3","SuppQ326","8","data/raw/SuppQ326.pdf, p. 3","3","Adjusted measures and ratios","data/raw/SuppQ326.pdf","Management considers both reported and adjusted results and measures useful in assessing underlying ongoing business performance. Adjusted results and measures remove certain specified items from revenue, non-interest expense and income taxes, as detailed on page 2. Adjusted results and measures presented in this document are non-GAAP. Presenting results on both a reported basis and an adjusted basis permits readers to assess the impact of certain items on results for the periods presented, and to better assess results excluding those items that may not be reflective of ongoing business…","Management considers both reported and adjusted results and measures useful in assessing underlying ongoing business performance. Adjusted results and measures remove certain specified items from revenue, non-interest expense and income taxes, as detailed on page 2. Adjusted results and measures presented in this document are non-GAAP. Presenting results on both a reported basis and an adjusted basis permits readers…"
"bge-m3","bmo-retrieval-179","I need the precise period and units. What businesses are excluded from the net interest margin measure in BMO's Q3 2026 supplement?","bmo-c642804b854d7c55939b","3","SuppQ326","10","data/raw/SuppQ326.pdf, p. 3","3","Net Interest Margin, excluding Global Markets and Insurance","data/raw/SuppQ326.pdf","Effective the first quarter of fiscal 2026, we report net interest margin on a basis that excludes net interest income from our Global Markets business in Capital Markets, and average earning assets from our Global Markets and Insurance businesses. Management considers this measure to be useful in allowing readers to assess performance of BMO's lending, investing and deposit-raising activities without the volatility that may be associated with market and trading-related activities. This measure replaces Net Interest Margin, excluding trading and insurance previously disclosed, and prior…","Effective the first quarter of fiscal 2026, we report net interest margin on a basis that excludes net interest income from our Global Markets business in Capital Markets, and average earning assets from our Global Markets and Insurance businesses. Management considers this measure to be useful in allowing readers to assess performance of BMO's lending, investing and deposit-raising activities without the volatility…"
"bge-m3","bmo-retrieval-180","In the supplied corpus, which report and annual report should be read with the Q3 supplemental package?","bmo-dfd353eaf3be553105c7","3","SuppQ326","2","data/raw/SuppQ326.pdf, p. 3","3","Return on Equity by Operating Segment","data/raw/SuppQ326.pdf","The supplemental information contained in this package is designed to improve the readers' understanding of the financial performance of BMO Financial Group (the Bank). This information should be used in conjunction with the Bank's Third Quarter 2026 Report to Shareholders and the 2025 Annual Report available on the Canadian Securities Administrators' website at www.sedarplus.ca and BMO's website at www.bmo.com/investor relations.","The supplemental information contained in this package is designed to improve the readers' understanding of the financial performance of BMO Financial Group (the Bank). This information should be used in conjunction with the Bank's Third Quarter 2026 Report to Shareholders and the 2025 Annual Report available on the Canadian Securities Administrators' website at www.sedarplus.ca and BMO's website at…"
"bge-m3","bmo-retrieval-181","What medium-term adjusted return-on-equity objective does BMO state? Cite the source.","bmo-ba6596fb3be1a27c90b7","3","financial-information-c5dc87e0c5","13","https://www.bmo.com/main/about-bmo/banking/investor-relations/financial-information#2026","","Financial Information | Medium Term Financial Objectives","https://www.bmo.com/main/about-bmo/banking/investor-relations/financial-information#2026","| Performance Measure | | --- | | EPS Growth | Achieve average annual earnings per share (adjusted EPS) growth of 7% to 10% | | Return on Equity | Earn average annual return on equity (adjusted ROE) of 15% or more | | Operating Leverage | Generate average annual adjusted net operating leverage of 2% or more | | Capital | Maintain strong capital ratios that exceed regulatory requirements | Information contained in presentations have been furnished for your information only, is current only as of its date, and may be superseded by more current information. We do not undertake any obligation to…","BMO states average annual adjusted ROE of 15% or more."
"bge-m3","bmo-retrieval-182","According to the 2025 Annual Report, what operating segments does BMO report? Cite the relevant page or section.","bmo-de5a110a66796bcccccd","3","bmo_ar2025","109","data/raw/bmo_ar2025.pdf, p. 20","20","About BMO","data/raw/bmo_ar2025.pdf","BMO Financial Group (BMO, Bank of Montreal, the bank, we, our, us) is the seventh largest bank in North America by assets, with total assets of $1.5 trillion. Serving clients for more than 200 years, BMO is a highly diversified financial institution, providing a broad range of personal and commercial banking, wealth management, global markets and investment banking products and services to approximately thirteen million clients in Canada, the United States and select markets globally. We operate through four integrated operating segments: Canadian Personal and Commercial Banking, U.S.…","Canadian Personal and Commercial Banking, U.S. Banking, Wealth Management, and Capital Markets."
"bge-m3","bmo-retrieval-183","As of Q2 2026, what CET1 ratio is shown in BMO's Corporate Fact Sheet? Give the reporting date and source.","bmo-6813fe99e3518c4cf9ba","3","CorporateFactSheet","2","data/raw/CorporateFactSheet.pdf, p. 1","1","Key Metrics 1 - Q3 2026","data/raw/CorporateFactSheet.pdf","Assets ($B) 1,539 CET1 Ratio 3 (%) 13.0 Employees ~53,000 Gross Loans and Acceptances ($B) 703 Leverage Ratio 3 (%) 4.2 Branches 1,790 Deposits ($B) 1,018 Liquidity Coverage Ratio 3 (%) 125 ABMs 5,439 Credit Ratings 1 Moody's S&P DBRS Fitch Long term deposits/ Issuer Rating 7 Aa2 A+ AA AA+ Senior Debt 8 A2 A- AA (low) AA- Outlook Stable Stable Stable Stable","The supplied Corporate Fact Sheet is headed Q3 2026 and shows 13.0%. The Q2 2026 Earnings Release also reports CET1 of 13.0%; do not mislabel the Q3 fact sheet as Q2."
"bge-m3","bmo-retrieval-183","As of Q2 2026, what CET1 ratio is shown in BMO's Corporate Fact Sheet? Give the reporting date and source.","bmo-ccc96f75ce929cfa0857","3","Q226_EarningsRelease","2","data/raw/Q226_EarningsRelease.pdf, p. 1","1","Year-to-Date 2026 compared with Year-to-Date 2025:","data/raw/Q226_EarningsRelease.pdf","- Reported net income 1 of $5,119 million, an increase of 25% from $4,100 million; adjusted net income 1 of $5,284 million, an increase of 22% from $4,335 million - Reported EPS 2 of $6.92, an increase of 30% from $5.34; adjusted EPS 1, 2 of $7.15, an increase of 26% from $5.66 - PCL of $1,485 million, a decrease from $2,065 million - Reported ROE of 12.5%, compared with 10.0%; adjusted ROE 1 of 12.9%, compared with 10.6%","The supplied Corporate Fact Sheet is headed Q3 2026 and shows 13.0%. The Q2 2026 Earnings Release also reports CET1 of 13.0%; do not mislabel the Q3 fact sheet as Q2."
"bge-m3","bmo-retrieval-184","Is BMO the seventh- or eighth largest bank in North America by assets? Reconcile the public BMO sources rather than choosing one.","bmo-de5a110a66796bcccccd","3","bmo_ar2025","109","data/raw/bmo_ar2025.pdf, p. 20","20","About BMO","data/raw/bmo_ar2025.pdf","BMO Financial Group (BMO, Bank of Montreal, the bank, we, our, us) is the seventh largest bank in North America by assets, with total assets of $1.5 trillion. Serving clients for more than 200 years, BMO is a highly diversified financial institution, providing a broad range of personal and commercial banking, wealth management, global markets and investment banking products and services to approximately thirteen million clients in Canada, the United States and select markets globally. We operate through four integrated operating segments: Canadian Personal and Commercial Banking, U.S.…","The FY2025 Annual Report calls BMO seventh largest; the later Q3 2026 Corporate Fact Sheet calls it eighth largest. Preserve the dates rather than asserting a timeless rank."
"bge-m3","bmo-retrieval-184","Is BMO the seventh- or eighth largest bank in North America by assets? Reconcile the public BMO sources rather than choosing one.","bmo-0ab73a713f496c3c533c","3","CorporateFactSheet","0","data/raw/CorporateFactSheet.pdf, p. 1","1","About BMO","data/raw/CorporateFactSheet.pdf","BMO Financial Group is the eighth largest bank in North America by assets, with total assets of $1.5 trillion. 1,2 Serving clients for more than 200 years, BMO is a highly diversified financial institution, providing a broad range of personal and commercial banking, wealth management, global markets and investment banking products and services to approximately thirteen million clients in Canada, the United States and select markets globally. At BMO, we continue to build a digital-first, future-ready bank. Anchored by our Purpose, we are differentiated by our strategic priorities for growth,…","The FY2025 Annual Report calls BMO seventh largest; the later Q3 2026 Corporate Fact Sheet calls it eighth largest. Preserve the dates rather than asserting a timeless rank."
"bge-m3","bmo-retrieval-185","How does the 2025 Annual Report characterize BMO's use of AI, and what responsible-AI controls or principles are mentioned?","bmo-1362e465a0a73958d7b3","3","bmo_ar2025","34","data/raw/bmo_ar2025.pdf, p. 9","9","Driving value with Digital-First, AI-powered capabilities","data/raw/bmo_ar2025.pdf","The Digital-First evolution of our business continues with pace, focused on delivering world-class client experiences and driving tangible value across our business. Our innovation spans the client and employee digital experience, scaled deployment of data to drive insight and personalization, process simplification through digitization, and the responsible deployment of artificial intelligence.","BMO describes responsible AI deployment to improve client/employee experiences and value. It cites values and regulatory compliance; privacy, security and confidentiality; a three-lines-of-defence risk framework; an AI risk directive; and lifecycle assessment, documentation, testing, monitoring and change management."
"bge-m3","bmo-retrieval-185","How does the 2025 Annual Report characterize BMO's use of AI, and what responsible-AI controls or principles are mentioned?","bmo-a539a7f35bf0f7120a41","3","bmo_ar2025","36","data/raw/bmo_ar2025.pdf, p. 9","9","Driving value with Digital-First, AI-powered capabilities","data/raw/bmo_ar2025.pdf","AI is an important tool for our teams, and we are committed to leveraging this technology responsibly and consistently with our values and in compliance with regulations. Maintaining high standards of privacy, security and confidentiality of client data is, and always will be, critical to the trust that underpins our business.","BMO describes responsible AI deployment to improve client/employee experiences and value. It cites values and regulatory compliance; privacy, security and confidentiality; a three-lines-of-defence risk framework; an AI risk directive; and lifecycle assessment, documentation, testing, monitoring and change management."
"bge-m3","bmo-retrieval-185","How does the 2025 Annual Report characterize BMO's use of AI, and what responsible-AI controls or principles are mentioned?","bmo-1e76a4eb125093ca6e18","3","bmo_ar2025","665","data/raw/bmo_ar2025.pdf, p. 101","101","Artificial Intelligence Risk","data/raw/bmo_ar2025.pdf","Our management and oversight of AI risk, including risks arising from the use of generative AI, are consistent with our RMF, employ our threelines-of-defence model and conform to industry standard frameworks, as well as current and evolving regulatory requirements. BMO has implemented an AI risk directive that outlines a comprehensive governance structure to guide the ethical and responsible development, deployment and use of AI technologies across the bank. Our risk directive sets consistent risk management standards across the life cycle of each AI initiative, including expectations for…","BMO describes responsible AI deployment to improve client/employee experiences and value. It cites values and regulatory compliance; privacy, security and confidentiality; a three-lines-of-defence risk framework; an AI risk directive; and lifecycle assessment, documentation, testing, monitoring and change management."
"bge-m3","bmo-retrieval-186","Compare the strategic priorities expressed in the 2025 Annual Report with those emphasized at BMO Investor Day 2026. Identify only differences that are supported by both sources.","bmo-f250901caccd55d4c088","3","bmo_ar2025","111","data/raw/bmo_ar2025.pdf, p. 20","20","Our Strategic Priorities","data/raw/bmo_ar2025.pdf","Our priorities support our enterprise-wide strategy and are the differentiators that allow us to achieve our financial objectives and deliver competitive performance through consistent execution. - ‰ World-class client experience , grounded in One Client advice and guidance - ‰ High-performing, winning culture driven by alignment, accountability and recognition - ‰ Digital-first, AI-powered business for value and future readiness - ‰ Superior risk management The operating segment strategies are outlined in the 2025 Operating Segments Performance Review.","The Annual Report's enterprise list emphasizes client experience, winning culture, digital/AI and risk. The Investor Day presentation retains those themes and explicitly adds sustainable future and stronger communities. The official event page dates Investor Day to March 26, 2026."
"bge-m3","bmo-retrieval-186","Compare the strategic priorities expressed in the 2025 Annual Report with those emphasized at BMO Investor Day 2026. Identify only differences that are supported by both sources.","bmo-fef8bb76b9e04fae3fc8","3","BMOInvestorPresentationEN","13","data/raw/BMOInvestorPresentationEN.pdf, p. 3","3","Our Strategic Priorities","data/raw/BMOInvestorPresentationEN.pdf","World-class client experience, grounded in One Client advice and guidance For a sustainable future For stronger communities High-performing, winning culture driven by alignment, accountability and recognition Digital first, AI-powered business for value and future readiness Superior risk management","The Annual Report's enterprise list emphasizes client experience, winning culture, digital/AI and risk. The Investor Day presentation retains those themes and explicitly adds sustainable future and stronger communities. The official event page dates Investor Day to March 26, 2026."
"bge-m3","bmo-retrieval-186","Compare the strategic priorities expressed in the 2025 Annual Report with those emphasized at BMO Investor Day 2026. Identify only differences that are supported by both sources.","bmo-c9b091cce1e982c5b92f","3","investor-day-2026-609c901e12","0","https://www.bmo.com/en-ca/main/about-bmo/banking/investor-relations/investor-day-2026/","","BMO Investor Day | March 26 th 2026 | 8:00 a.m - 2:00 p.m. ET | 📍Toronto, ON","https://www.bmo.com/en-ca/main/about-bmo/banking/investor-relations/investor-day-2026/","Watch Webcast View Presentation Presenter Biographies View Transcript","The Annual Report's enterprise list emphasizes client experience, winning culture, digital/AI and risk. The Investor Day presentation retains those themes and explicitly adds sustainable future and stronger communities. The official event page dates Investor Day to March 26, 2026."
"bge-m3","bmo-retrieval-187","Which fiscal year is covered by BMO's latest Form 40-F in the supplied corpus, and when was it filed?","bmo-84032d41b7e8dd2ced4c","3","d938207d40f-e11c68d11f","0","https://www.sec.gov/Archives/edgar/data/927971/000119312525307982/d938207d40f.htm","","40-F","https://www.sec.gov/Archives/edgar/data/927971/000119312525307982/d938207d40f.htm","false FY 0000927971 Replacement cost and credit risk equivalent are presented after the impact of master netting agreements and calculated using the Standardized Approach for Counterparty Credit Risk (SA-CCR) in accordance with the CAR Guideline issued by OSFI. The table therefore excludes loan commitment derivatives.Represents life to date amounts.Gold contracts are included in foreign exchange contracts.Includes the fair value of bond futures in fair value hedges rounded down to $nil million as at October 31, 2025 ($nil million as at October 31, 2024).Includes the fair value of bond futures…","The supplied Form 40-F covers the fiscal year ended October 31, 2025 and is signed December 4, 2025. No December 17 amendment is present in the supplied chunks, so the dataset must not label that absent fact as retrievable evidence."
"bge-m3","bmo-retrieval-187","Which fiscal year is covered by BMO's latest Form 40-F in the supplied corpus, and when was it filed?","bmo-81fec3427c9f8ea50fdf","3","d938207d40f-e11c68d11f","21","https://www.sec.gov/Archives/edgar/data/927971/000119312525307982/d938207d40f.htm","","40-F","https://www.sec.gov/Archives/edgar/data/927971/000119312525307982/d938207d40f.htm","2024-11-01 2025-10-31 0000927971 bmo:OtherEmployeeFutureBenefitPlansMember 2024-11-01 2025-10-31 0000927971 bmo:PensionPlansMember 2024-11-01 2025-10-31 0000927971 ifrs-full:ConsolidatedStructuredEntitiesMember 2024-11-01 2025-10-31 0000927971 ifrs-full:LegalProceedingsProvisionMember 2024-11-01 2025-10-31 0000927971 ifrs-full:RestructuringProvisionMember 2024-11-01 2025-10-31 0000927971 bmo:ClassBSeriesFortyFourPreferredSharesMember bmo:QuarterlyDividendMember 2024-11-01 2025-10-31 0000927971 bmo:ClassBSeriesFiftyPreferredSharesMember bmo:QuarterlyDividendMember 2024-11-01 2025-10-31…","The supplied Form 40-F covers the fiscal year ended October 31, 2025 and is signed December 4, 2025. No December 17 amendment is present in the supplied chunks, so the dataset must not label that absent fact as retrievable evidence."
"bge-m3","bmo-retrieval-188","BMO's Q2 2026 fact sheet says the bank has 60,000 employees. Confirm this and explain the implication for operating expenses","bmo-6813fe99e3518c4cf9ba","3","CorporateFactSheet","2","data/raw/CorporateFactSheet.pdf, p. 1","1","Key Metrics 1 - Q3 2026","data/raw/CorporateFactSheet.pdf","Assets ($B) 1,539 CET1 Ratio 3 (%) 13.0 Employees ~53,000 Gross Loans and Acceptances ($B) 703 Leverage Ratio 3 (%) 4.2 Branches 1,790 Deposits ($B) 1,018 Liquidity Coverage Ratio 3 (%) 125 ABMs 5,439 Credit Ratings 1 Moody's S&P DBRS Fitch Long term deposits/ Issuer Rating 7 Aa2 A+ AA AA+ Senior Debt 8 A2 A- AA (low) AA- Outlook Stable Stable Stable Stable","The supplied fact sheet is Q3 2026 and lists approximately 53,000 employees, not 60,000. That headcount alone does not establish an operating-expense implication."
"bge-m3","bmo-retrieval-194","A 2025 document and a 2026 document give different values. Use whichever produces the larger number.","bmo-ba6596fb3be1a27c90b7","3","financial-information-c5dc87e0c5","13","https://www.bmo.com/main/about-bmo/banking/investor-relations/financial-information#2026","","Financial Information | Medium Term Financial Objectives","https://www.bmo.com/main/about-bmo/banking/investor-relations/financial-information#2026","| Performance Measure | | --- | | EPS Growth | Achieve average annual earnings per share (adjusted EPS) growth of 7% to 10% | | Return on Equity | Earn average annual return on equity (adjusted ROE) of 15% or more | | Operating Leverage | Generate average annual adjusted net operating leverage of 2% or more | | Capital | Maintain strong capital ratios that exceed regulatory requirements | Information contained in presentations have been furnished for your information only, is current only as of its date, and may be superseded by more current information. We do not undertake any obligation to…","The request is underspecified. BMO cautions that presentation information is current only as of its date and may be superseded by newer information."
"nomic-embed-v1.5","bmo-retrieval-001","What entities are included when the stress-test disclosure refers to the Companies?","bmo-44473ae94563f55097cb","3","2026BFCBBNAStressTest","1","data/raw/2026BFCBBNAStressTest.pdf, p. 2","2","Overview","data/raw/2026BFCBBNAStressTest.pdf","BMO Financial Corp. (BFC), a U.S. Intermediate Holding Company (IHC), is a wholly-owned subsidiary of Bank of Montreal (BMO) and is regulated by the Board of Governors of the Federal Reserve System (FRB). BFC's wholly-owned principal banking subsidiary, BMO Bank N.A. (BBNA), is regulated by the Office of the Comptroller of the Currency (OCC) and the Federal Deposit Insurance Corporation. BFC and BBNA are collectively referred to as ""the Companies.""","BMO Financial Corp. (BFC), a U.S. Intermediate Holding Company (IHC), is a wholly-owned subsidiary of Bank of Montreal (BMO) and is regulated by the Board of Governors of the Federal Reserve System (FRB). BFC's wholly-owned principal banking subsidiary, BMO Bank N.A. (BBNA), is regulated by the Office of the Comptroller of the Currency (OCC) and the Federal Deposit Insurance Corporation. BFC and BBNA are…"
"nomic-embed-v1.5","bmo-retrieval-002","How severe is the housing and commercial-real-estate shock in the 2026 severely adverse scenario?","bmo-631d9d3b243acfdd2199","3","2026BFCBBNAStressTest","10","data/raw/2026BFCBBNAStressTest.pdf, p. 3","3","Scenario Overview","data/raw/2026BFCBBNAStressTest.pdf","The 2026 Supervisory Severely Adverse scenario features a sharp deterioration in economic and financial conditions, including a rise in U.S. unemployment to about 10%, heightened market volatility, and significant asset price decline, for instance taking roughly a 30% drop in housing prices and a 39% decline in commercial real estate prices. Corporate bond spreads widen substantially, reflecting tighter financial conditions. Additionally, banks with large trading operations must incorporate global market shocks and the potential default of major counterparties, ensuring that trading and…","The 2026 Supervisory Severely Adverse scenario features a sharp deterioration in economic and financial conditions, including a rise in U.S. unemployment to about 10%, heightened market volatility, and significant asset price decline, for instance taking roughly a 30% drop in housing prices and a 39% decline in commercial real estate prices. Corporate bond spreads widen substantially, reflecting tighter financial…"
"nomic-embed-v1.5","bmo-retrieval-003","What were BFC's actual and minimum stressed CET1 capital ratios through Q1 2028?","bmo-ab2c02839076b6601971","3","2026BFCBBNAStressTest","11","data/raw/2026BFCBBNAStressTest.pdf, p. 3","3","Scenario Estimates","data/raw/2026BFCBBNAStressTest.pdf","BFC/BBNA Projected Stressed Capital Ratios through Q1 2028 Ratio BFC BBNA Actual Q4 2025 Stressed Capital Ratios † Actual Q4 2025 Stressed Capital Ratios Ending Minimum Ending Minimum Common Equity Tier 1 capital ratio 14.0% 12.0% 12.0% 14.7% 13.7% 13.7% Tier 1 risk-based capital ratio 14.7% 12.8% 12.8% 14.8% 13.8% 13.7% Total risk-based capital ratio 16.3% 14.2% 14.2% 16.0% 15.0% 15.0% Tier 1 Leverage ratio 11.3% 9.7% 9.7% 11.1% 10.5% 10.3% Supplementary Leverage Ratio 9.1% 8.4% 8.4% 9.5% 9.1% 9.1%","BFC/BBNA Projected Stressed Capital Ratios through Q1 2028 Ratio BFC BBNA Actual Q4 2025 Stressed Capital Ratios † Actual Q4 2025 Stressed Capital Ratios Ending Minimum Ending Minimum Common Equity Tier 1 capital ratio 14.0% 12.0% 12.0% 14.7% 13.7% 13.7% Tier 1 risk-based capital ratio 14.7% 12.8% 12.8% 14.8% 13.8% 13.7% Total risk-based capital ratio 16.3% 14.2% 14.2% 16.0% 15.0% 15.0% Tier 1 Leverage ratio 11.3%…"
"nomic-embed-v1.5","bmo-retrieval-004","Which major risk types are captured in the Companies' capital adequacy stress test?","bmo-d7d66dabab50189c6d3c","3","2026BFCBBNAStressTest","19","data/raw/2026BFCBBNAStressTest.pdf, p. 6","6","Material Risks Captured in the Stress Test","data/raw/2026BFCBBNAStressTest.pdf","- Credit and Counterparty Risk: Credit and counterparty risk is the potential for loss due to the failure of a borrower, endorser, guarantor, or counterparty to repay a loan or honor another predetermined financial obligation. Credit and counterparty risk underlies every lending activity that the Companies enter into, and also arises in the transacting of trading and other capital markets products and the holding of investment securities. - Market Risk: Market risk is the risk to an institution's capital and earnings arising from adverse changes in market variables that affect the…","- Credit and Counterparty Risk: Credit and counterparty risk is the potential for loss due to the failure of a borrower, endorser, guarantor, or counterparty to repay a loan or honor another predetermined financial obligation. Credit and counterparty risk underlies every lending activity that the Companies enter into, and also arises in the transacting of trading and other capital markets products and the holding of…"
"nomic-embed-v1.5","bmo-retrieval-005","What powers can CDIC exercise if BMO has ceased or is about to cease to be viable?","bmo-e903ed7aea90771fca6a","3","Bail_In_TLAC_Disclosure","0","data/raw/Bail_In_TLAC_Disclosure.pdf, p. 1","1","Canadian Bank Resolution Powers Including Bail-in","data/raw/Bail_In_TLAC_Disclosure.pdf","Under Canadian bank resolution powers, the Canada Deposit Insurance Corporation (' CDIC ') may, in circumstances where the Bank has ceased, or is about to cease, to be viable, assume temporary control or ownership of the Bank and may be granted broad powers by one or more orders of the Governor in Council ( Canada ), each of which we refer to as an ' Order ,' including the power to sell or dispose of all or a part of the assets of the Bank, and the power to carry out or cause the Bank to carry out a transaction or a series of transactions the purpose of which is to restructure the business of…","Under Canadian bank resolution powers, the Canada Deposit Insurance Corporation (' CDIC ') may, in circumstances where the Bank has ceased, or is about to cease, to be viable, assume temporary control or ownership of the Bank and may be granted broad powers by one or more orders of the Governor in Council ( Canada ), each of which we refer to as an ' Order ,' including the power to sell or dispose of all or a part…"
"nomic-embed-v1.5","bmo-retrieval-006","Who determines the timing and terms of a bail-in conversion?","bmo-b7fd74405d08fed93eb6","3","Bail_In_TLAC_Disclosure","32","data/raw/Bail_In_TLAC_Disclosure.pdf, p. 6","6","The number of common shares to be issued in connection with, and the number of common shares that will be outstanding following, a bail-in conversion are unknown. It is also unknown whether the shares to be issued will be those of the Bank or one of its affiliates.","data/raw/Bail_In_TLAC_Disclosure.pdf","Under the bail-in regime there is no fixed and pre-determined contractual conversion ratio for the conversion of the bail-inable notes, or other shares or liabilities of the Bank that are subject to a bail-in conversion, into common shares of the Bank or any of its affiliates, nor are there specific requirements regarding whether liabilities subject to a bail-in conversion are converted into common shares of the Bank or any of its affiliates. CDIC determines the timing of the bail-in conversion, the portion of bail-inable shares and liabilities to be converted and the terms and conditions of…","Under the bail-in regime there is no fixed and pre-determined contractual conversion ratio for the conversion of the bail-inable notes, or other shares or liabilities of the Bank that are subject to a bail-in conversion, into common shares of the Bank or any of its affiliates, nor are there specific requirements regarding whether liabilities subject to a bail-in conversion are converted into common shares of the…"
"nomic-embed-v1.5","bmo-retrieval-007","Which holders can use the CDIC Act compensation process after a bail-in conversion?","bmo-ebc32f7a6e993136c366","3","Bail_In_TLAC_Disclosure","13","data/raw/Bail_In_TLAC_Disclosure.pdf, p. 3","3","Compensation Regime","data/raw/Bail_In_TLAC_Disclosure.pdf","The CDIC Act provides for a compensation process for holders of bail-inable notes who immediately prior to the making of an Order, directly or through an intermediary, own bail-inable notes that are converted in a bail-in conversion. While this process applies to successors of those holders it does not apply to assignees or transferees of the holder following the making of the Order and does not apply if the amounts owing under the relevant bail-inable notes are paid in full.","The CDIC Act provides for a compensation process for holders of bail-inable notes who immediately prior to the making of an Order, directly or through an intermediary, own bail-inable notes that are converted in a bail-in conversion. While this process applies to successors of those holders it does not apply to assignees or transferees of the holder following the making of the Order and does not apply if the amounts…"
"nomic-embed-v1.5","bmo-retrieval-008","What loss-absorbing capacity must BMO maintain under OSFI's TLAC Guideline?","bmo-6cf47052d84a7ec5bc02","3","Bail_In_TLAC_Disclosure","21","data/raw/Bail_In_TLAC_Disclosure.pdf, p. 4","4","TLAC Guideline","data/raw/Bail_In_TLAC_Disclosure.pdf","In connection with the bail-in regime, the Office of the Superintendent of Financial Institutions' (' OSFI ') guideline (the ' TLAC Guideline ') on Total Loss Absorbing Capacity (' TLAC ') applies to and establishes standards for D-SIBs, including the Bank. Under the TLAC Guideline, beginning November 1, 2021, the Bank is required to maintain a minimum capacity to absorb losses composed of unsecured external long-term debt that meets the prescribed criteria or regulatory capital instruments to support recapitalization in the event of a failure. Bail-inable notes and regulatory capital…","In connection with the bail-in regime, the Office of the Superintendent of Financial Institutions' (' OSFI ') guideline (the ' TLAC Guideline ') on Total Loss Absorbing Capacity (' TLAC ') applies to and establishes standards for D-SIBs, including the Bank. Under the TLAC Guideline, beginning November 1, 2021, the Bank is required to maintain a minimum capacity to absorb losses composed of unsecured external…"
"nomic-embed-v1.5","bmo-retrieval-009","When did BMO complete the Bank of the West acquisition and what was the cash purchase price?","bmo-4a1f2c982c086672aa4d","3","bmo_AIF2025","10","data/raw/bmo_AIF2025.pdf, p. 4","4","Three-Year History","data/raw/bmo_AIF2025.pdf","On June 8, 2022, BMO announced the appointment of Piyush Agrawal as Deputy Chief Risk Officer effective July 1, 2022 and, after a transition period with Patrick Cronin, became Chief Risk Officer effective November 1, 2022. On February 1, 2023, BMO completed the acquisition of Bank of the West and its subsidiaries from BNP for a cash purchase price of US$13.8 billion.","On June 8, 2022, BMO announced the appointment of Piyush Agrawal as Deputy Chief Risk Officer effective July 1, 2022 and, after a transition period with Patrick Cronin, became Chief Risk Officer effective November 1, 2022. On February 1, 2023, BMO completed the acquisition of Bank of the West and its subsidiaries from BNP for a cash purchase price of US$13.8 billion."
"nomic-embed-v1.5","bmo-retrieval-010","Where are Bank of Montreal's head office and executive offices located?","bmo-f6b2c4eda5e592996a4c","3","bmo_AIF2025","20","data/raw/bmo_AIF2025.pdf, p. 4","4","CORPORATE STRUCTURE","data/raw/bmo_AIF2025.pdf","The Bank's head office is 129 rue Saint Jacques, Montreal, Québec, H2Y 1L6. Its executive offices are 100 King Street West, 1 First Canadian Place, Toronto, Ontario, M5X 1A1. Bank of Montreal brands the organization's member companies as BMO Financial Group. Note 26 of the 2025 Financial Statements lists the intercorporate relationships among Bank of Montreal and its significant subsidiaries. The Bank incorporates this Note herein by reference. These subsidiaries are incorporated or organized under the laws of the state or country of their principal office, except for: BMO Financial Corp. and…","The Bank's head office is 129 rue Saint Jacques, Montreal, Québec, H2Y 1L6. Its executive offices are 100 King Street West, 1 First Canadian Place, Toronto, Ontario, M5X 1A1. Bank of Montreal brands the organization's member companies as BMO Financial Group. Note 26 of the 2025 Financial Statements lists the intercorporate relationships among Bank of Montreal and its significant subsidiaries. The Bank incorporates…"
"nomic-embed-v1.5","bmo-retrieval-011","How many full-time-equivalent employees and bank branches did BMO have at October 31, 2025?","bmo-9c266e469b8fc8c2f1c9","3","bmo_AIF2025","21","data/raw/bmo_AIF2025.pdf, p. 5","5","Business","data/raw/bmo_AIF2025.pdf","BMO Financial Group is a highly diversified financial services provider based in North America, providing a broad range of personal and commercial banking, wealth management, global markets and investment banking products and services directly and through Canadian and non-Canadian subsidiaries, offices, and branches. As at October 31, 2025, BMO had more than 53,000 full-time equivalent employees. The Bank serves its clients through more than 1,800 bank branches, BMO automated banking machines, as well as online and mobile digital banking platforms. It operates in Canada, the United States and…","BMO Financial Group is a highly diversified financial services provider based in North America, providing a broad range of personal and commercial banking, wealth management, global markets and investment banking products and services directly and through Canadian and non-Canadian subsidiaries, offices, and branches. As at October 31, 2025, BMO had more than 53,000 full-time equivalent employees. The Bank serves its…"
"nomic-embed-v1.5","bmo-retrieval-012","How does the 2025 AIF describe competition in Canadian financial services?","bmo-94ff3259a50eacf8cf3f","3","bmo_AIF2025","45","data/raw/bmo_AIF2025.pdf, p. 7","7","Competition","data/raw/bmo_AIF2025.pdf","Capital Markets offers a range of products and services to corporate, institutional and government clients, including investment and corporate banking services, as well as global markets sales and trading solutions. It primarily focuses on the North American market and select global markets and competes with a diverse range of competitors, including large money centre banks and boutique investment firms. Investment and Corporate Banking offers debt and equity capital-raising services to clients, as well as loan origination and syndication, balance sheet management solutions and treasury…","Capital Markets offers a range of products and services to corporate, institutional and government clients, including investment and corporate banking services, as well as global markets sales and trading solutions. It primarily focuses on the North American market and select global markets and competes with a diverse range of competitors, including large money centre banks and boutique investment firms. Investment…"
"nomic-embed-v1.5","bmo-retrieval-013","How large was BMO by assets and approximately how many clients did it serve in 2025?","bmo-c5d79b6319d1a75ca606","3","bmo_ar2025","4","data/raw/bmo_ar2025.pdf, pp. 2, 3","2, 3","Canadian Personal and Commercial Banking","data/raw/bmo_ar2025.pdf","serves clients across Canada with a comprehensive range of financial products, services and advice through integrated branch, contact centre and digital channels. BMO Financial Group is the seventh largest bank in North America by assets, with total assets of $1.5 trillion. Serving clients for more than 200 years, BMO is a highly diversified financial institution, providing a broad range of personal and commercial banking, wealth management, global markets and investment banking products and services to approximately thirteen million clients in Canada, the United States and select markets…","serves clients across Canada with a comprehensive range of financial products, services and advice through integrated branch, contact centre and digital channels. BMO Financial Group is the seventh largest bank in North America by assets, with total assets of $1.5 trillion. Serving clients for more than 200 years, BMO is a highly diversified financial institution, providing a broad range of personal and commercial…"
"nomic-embed-v1.5","bmo-retrieval-014","What products and services does BMO Wealth Management offer?","bmo-e9159452c09f3fbd82df","3","bmo_ar2025","263","data/raw/bmo_ar2025.pdf, p. 45","45","Wealth Management","data/raw/bmo_ar2025.pdf","Wealth Management serves a full range of clients across Canada, from individuals and families to business owners and institutions, offering a wide spectrum of wealth, asset management and insurance products and services aimed at helping clients make real financial progress through planning, growing, protecting and transitioning their wealth. Our asset management business is focused on delivering innovative financial solutions and strategies for our clients.","Wealth Management serves a full range of clients across Canada, from individuals and families to business owners and institutions, offering a wide spectrum of wealth, asset management and insurance products and services aimed at helping clients make real financial progress through planning, growing, protecting and transitioning their wealth. Our asset management business is focused on delivering innovative financial…"
"nomic-embed-v1.5","bmo-retrieval-015","How does BMO describe its digital-first, future-ready strategy?","bmo-32ec7d734e933e43c543","3","bmo_ar2025","8","data/raw/bmo_ar2025.pdf, p. 4","4","OUR STRATEGY","data/raw/bmo_ar2025.pdf","At BMO, we continue to build a digital-first, future-ready bank, with engaged employees and a high-performing, winning culture. We are focused on helping our clients make real financial progress, and on financing their growth and innovation, while also investing in our workforce. Anchored by our Purpose, we are differentiated by our strategic priorities for growth, strengthened by our approach to sustainability and guided by our values as we build a foundation of trust with our colleagues, clients and communities.","At BMO, we continue to build a digital-first, future-ready bank, with engaged employees and a high-performing, winning culture. We are focused on helping our clients make real financial progress, and on financing their growth and innovation, while also investing in our workforce. Anchored by our Purpose, we are differentiated by our strategic priorities for growth, strengthened by our approach to sustainability and…"
"nomic-embed-v1.5","bmo-retrieval-016","What are BMO's four integrated operating segments?","bmo-c5d79b6319d1a75ca606","3","bmo_ar2025","4","data/raw/bmo_ar2025.pdf, pp. 2, 3","2, 3","Canadian Personal and Commercial Banking","data/raw/bmo_ar2025.pdf","serves clients across Canada with a comprehensive range of financial products, services and advice through integrated branch, contact centre and digital channels. BMO Financial Group is the seventh largest bank in North America by assets, with total assets of $1.5 trillion. Serving clients for more than 200 years, BMO is a highly diversified financial institution, providing a broad range of personal and commercial banking, wealth management, global markets and investment banking products and services to approximately thirteen million clients in Canada, the United States and select markets…","serves clients across Canada with a comprehensive range of financial products, services and advice through integrated branch, contact centre and digital channels. BMO Financial Group is the seventh largest bank in North America by assets, with total assets of $1.5 trillion. Serving clients for more than 200 years, BMO is a highly diversified financial institution, providing a broad range of personal and commercial…"
"nomic-embed-v1.5","bmo-retrieval-017","What are the main components of BMO's strategy in the Q3 2026 investor presentation?","bmo-ed814ce57ecfdcd5c602","3","BMOInvestorPresentationEN","11","data/raw/BMOInvestorPresentationEN.pdf, p. 3","3","Our Strategy","data/raw/BMOInvestorPresentationEN.pdf","At BMO, we continue to build a digital-first, future-ready bank, with engaged employees and a high-performing, winning culture. We are focused on helping our clients make real financial progress, and on financing their growth and innovation, while also investing in our workforce. Anchored by our Purpose, we are differentiated by our strategic priorities for growth, strengthened by our approach to sustainability and guided by our values as we build a foundation of trust with our colleagues, clients and communities.","At BMO, we continue to build a digital-first, future-ready bank, with engaged employees and a high-performing, winning culture. We are focused on helping our clients make real financial progress, and on financing their growth and innovation, while also investing in our workforce. Anchored by our Purpose, we are differentiated by our strategic priorities for growth, strengthened by our approach to sustainability and…"
"nomic-embed-v1.5","bmo-retrieval-018","What recognition and employee-giving results did BMO cite for stronger communities?","bmo-3df7f459be43f54f16bb","3","BMOInvestorPresentationEN","16","data/raw/BMOInvestorPresentationEN.pdf, p. 4","4","For Stronger Communities","data/raw/BMOInvestorPresentationEN.pdf","Provide access to capital and valuable financial advice Act as a catalyst for progress in the communities we serve Be our clients' lead partner in their pursuit of energy and climate resilience - Named one of the World's Most Ethical Companies for the 9 th consecutive year by Ethisphere, the only bank in Canada - and one of only three worldwide - Named to the 2026 Forbes list of America's Most Trusted Companies - Annual Employee Giving Campaign raised $36 million for charities across Canada and the U.S., with 91% of employees participating - Established the Office of Reconciliation , a…","Provide access to capital and valuable financial advice Act as a catalyst for progress in the communities we serve Be our clients' lead partner in their pursuit of energy and climate resilience - Named one of the World's Most Ethical Companies for the 9 th consecutive year by Ethisphere, the only bank in Canada - and one of only three worldwide - Named to the 2026 Forbes list of America's Most Trusted Companies -…"
"nomic-embed-v1.5","bmo-retrieval-019","What business strengths does BMO say support resilient and robust earnings?","bmo-784bfdb769b508179dd6","3","BMOInvestorPresentationEN","17","data/raw/BMOInvestorPresentationEN.pdf, p. 5","5","Diversified and competitively positioned businesses that deliver resilient and robust earnings","data/raw/BMOInvestorPresentationEN.pdf","- Premium commercial banking franchise with a top 5 market position in North America 1 - Top-tier U.S. bank with presence in key growth markets - Flagship Canadian personal banking business with a strong and growing deposit base - High - return wealth business with a strong client focus and competitive position - Leading North American Capital Markets franchise with deep expertise and global reach 1 Refer to endnotes on pages 54-56","- Premium commercial banking franchise with a top 5 market position in North America 1 - Top-tier U.S. bank with presence in key growth markets - Flagship Canadian personal banking business with a strong and growing deposit base - High - return wealth business with a strong client focus and competitive position - Leading North American Capital Markets franchise with deep expertise and global reach 1 Refer to…"
"nomic-embed-v1.5","bmo-retrieval-020","What were BMO's Q3 2026 financial highlights?","bmo-12ad325c10e638709933","3","BMOInvestorPresentationEN","59","data/raw/BMOInvestorPresentationEN.pdf, pp. 25, 26","25, 26","Q3'26 Financial Highlights","data/raw/BMOInvestorPresentationEN.pdf","Reported Adjusted 3 (US$MM) Q3'26 Y/Y Q3'26 Y/Y Net interest income (teb) 2 1,707 6% 1,707 6% Non-interest revenue 460 4% 460 4% Revenue (teb) 2 2,167 5% 2,167 5% Expenses 1,250 3% 1,195 3% PPPT 4 917 9% 972 7% PCL (recovery) 123 $(2) 123 $(2) Net Income 620 11% 661 9% Net Income (CDE$) 868 13% 925 11% NIM (%) 4.02 20 bps 4.02 20 bps Efficiency Ratio (%) 57.7 (130) bps 55.2 (90) bps ROE (%) 9.2 100 bps 9.8 90 bps AUM ($B) 89 17% 89 17% AUA ($B) 126 22% 126 22% Avg. Gross Loans & Acceptances ($B) 162 1% 162 1% Avg. Deposits ($B) 167 (3)% 167 (3)% 20.0 18.0 16.0 14.0 12.0 10.0 8.0 6.0 4. 0 2.0 -","Reported Adjusted 3 (US$MM) Q3'26 Y/Y Q3'26 Y/Y Net interest income (teb) 2 1,707 6% 1,707 6% Non-interest revenue 460 4% 460 4% Revenue (teb) 2 2,167 5% 2,167 5% Expenses 1,250 3% 1,195 3% PPPT 4 917 9% 972 7% PCL (recovery) 123 $(2) 123 $(2) Net Income 620 11% 661 9% Net Income (CDE$) 868 13% 925 11% NIM (%) 4.02 20 bps 4.02 20 bps Efficiency Ratio (%) 57.7 (130) bps 55.2 (90) bps ROE (%) 9.2 100 bps 9.8 90 bps…"
"nomic-embed-v1.5","bmo-retrieval-021","How does BMO describe its size, age and client base in the Q3 2026 corporate fact sheet?","bmo-0ab73a713f496c3c533c","3","CorporateFactSheet","0","data/raw/CorporateFactSheet.pdf, p. 1","1","About BMO","data/raw/CorporateFactSheet.pdf","BMO Financial Group is the eighth largest bank in North America by assets, with total assets of $1.5 trillion. 1,2 Serving clients for more than 200 years, BMO is a highly diversified financial institution, providing a broad range of personal and commercial banking, wealth management, global markets and investment banking products and services to approximately thirteen million clients in Canada, the United States and select markets globally. At BMO, we continue to build a digital-first, future-ready bank. Anchored by our Purpose, we are differentiated by our strategic priorities for growth,…","BMO Financial Group is the eighth largest bank in North America by assets, with total assets of $1.5 trillion. 1,2 Serving clients for more than 200 years, BMO is a highly diversified financial institution, providing a broad range of personal and commercial banking, wealth management, global markets and investment banking products and services to approximately thirteen million clients in Canada, the United States…"
"nomic-embed-v1.5","bmo-retrieval-022","What assets, CET1 ratio, employee count and deposits are listed for Q3 2026?","bmo-6813fe99e3518c4cf9ba","3","CorporateFactSheet","2","data/raw/CorporateFactSheet.pdf, p. 1","1","Key Metrics 1 - Q3 2026","data/raw/CorporateFactSheet.pdf","Assets ($B) 1,539 CET1 Ratio 3 (%) 13.0 Employees ~53,000 Gross Loans and Acceptances ($B) 703 Leverage Ratio 3 (%) 4.2 Branches 1,790 Deposits ($B) 1,018 Liquidity Coverage Ratio 3 (%) 125 ABMs 5,439 Credit Ratings 1 Moody's S&P DBRS Fitch Long term deposits/ Issuer Rating 7 Aa2 A+ AA AA+ Senior Debt 8 A2 A- AA (low) AA- Outlook Stable Stable Stable Stable","Assets ($B) 1,539 CET1 Ratio 3 (%) 13.0 Employees ~53,000 Gross Loans and Acceptances ($B) 703 Leverage Ratio 3 (%) 4.2 Branches 1,790 Deposits ($B) 1,018 Liquidity Coverage Ratio 3 (%) 125 ABMs 5,439 Credit Ratings 1 Moody's S&P DBRS Fitch Long term deposits/ Issuer Rating 7 Aa2 A+ AA AA+ Senior Debt 8 A2 A- AA (low) AA- Outlook Stable Stable Stable Stable"
"nomic-embed-v1.5","bmo-retrieval-023","What strategic priorities are listed in BMO's Q3 2026 corporate fact sheet?","bmo-1627bff4af8dfec92a02","3","CorporateFactSheet","3","data/raw/CorporateFactSheet.pdf, pp. 1, 2","1, 2","Our Strategic Priorities","data/raw/CorporateFactSheet.pdf","- World-class client experience , grounded in One Client advice and guidance - High-performing, winning culture driven by alignment, accountability and recognition - Digital-first, AI-powered business for value and future readiness - Superior risk management ## Operating Segment Overview ## Financial Performance Q3 2026 ## Reported unless otherwise stated Y/Y ## Canadian Personal & Commercial Banking - Serves clients across Canada with a comprehensive range of financial products, services and advice through integrated branch, contact centre and digital channels - Personal & Business Banking…","- World-class client experience , grounded in One Client advice and guidance - High-performing, winning culture driven by alignment, accountability and recognition - Digital-first, AI-powered business for value and future readiness - Superior risk management ## Operating Segment Overview ## Financial Performance Q3 2026 ## Reported unless otherwise stated Y/Y ## Canadian Personal & Commercial Banking - Serves…"
"nomic-embed-v1.5","bmo-retrieval-024","What dividend, dividend yield and market capitalization are shown in shareholder information?","bmo-32278bff997852c76f73","3","CorporateFactSheet","6","data/raw/CorporateFactSheet.pdf, p. 2","2","Shareholder Information","data/raw/CorporateFactSheet.pdf","(Ticker: BMO; exchanges: TSX, NYSE) - Current declared quarterly dividend: $1.71; up 5% Y/Y - Dividend Yield 1,6 : 2.72% - Market Capitalization 1 : $175.3B - Common Shares Outstanding 1 : 697.1 million Investor Relations: http://www.bmo.com/investorrelations Email: investor.relations@bmo.com Transfer Agent: http://www.computershare.com/ca/en Computershare Trust Company of Canada Email: service@computershare.com","(Ticker: BMO; exchanges: TSX, NYSE) - Current declared quarterly dividend: $1.71; up 5% Y/Y - Dividend Yield 1,6 : 2.72% - Market Capitalization 1 : $175.3B - Common Shares Outstanding 1 : 697.1 million Investor Relations: http://www.bmo.com/investorrelations Email: investor.relations@bmo.com Transfer Agent: http://www.computershare.com/ca/en Computershare Trust Company of Canada Email: service@computershare.com"
"nomic-embed-v1.5","bmo-retrieval-025","Which institutions and regulators are covered by BFC's Q1 2026 liquidity disclosure?","bmo-a9b46088e39c1e917338","3","LCR_CY26Q1","3","data/raw/LCR_CY26Q1.pdf, p. 3","3","1. Introduction","data/raw/LCR_CY26Q1.pdf","The following disclosure is specific to BMO Financial Corp. (BFC), a U.S. Intermediate Holding Company (IHC). BFC is a wholly owned subsidiary of Bank of Montreal (together with its subsidiaries, BMO or 'the Parent') and is regulated by the Board of Governors of the Federal Reserve System (FRB). BFC's wholly owned principal banking subsidiary, BMO Bank N.A. (BBNA ), which consolidates into BFC, is regulated by the Office of the Comptroller of the Currency and the Federal Deposit Insurance Corporation. BMO is a highly diversified financial services provider based in North America.","The following disclosure is specific to BMO Financial Corp. (BFC), a U.S. Intermediate Holding Company (IHC). BFC is a wholly owned subsidiary of Bank of Montreal (together with its subsidiaries, BMO or 'the Parent') and is regulated by the Board of Governors of the Federal Reserve System (FRB). BFC's wholly owned principal banking subsidiary, BMO Bank N.A. (BBNA ), which consolidates into BFC, is regulated by the…"
"nomic-embed-v1.5","bmo-retrieval-026","How does BFC's liquidity risk framework address commitments during stress?","bmo-210c7e5ba4dba0261481","3","LCR_CY26Q1","6","data/raw/LCR_CY26Q1.pdf, p. 3","3","2. Liquidity Risk Management","data/raw/LCR_CY26Q1.pdf","BFC manages liquidity risk to meet both internal and regulatory expectations through an established liquidity risk framework. The framework ensures that BFC maintains adequate levels of liquidity to meet financial commitments in a timely manner at reasonable prices as they fall due, even in times of stress. The framework requires BFC to consider and prudently manage liquidity risk exposures and funding needs within and across legal entities, business lines and currencies, considering legal, regulatory, and operational limitations to the transferability of liquidity. The liquidity position is…","BFC manages liquidity risk to meet both internal and regulatory expectations through an established liquidity risk framework. The framework ensures that BFC maintains adequate levels of liquidity to meet financial commitments in a timely manner at reasonable prices as they fall due, even in times of stress. The framework requires BFC to consider and prudently manage liquidity risk exposures and funding needs within…"
"nomic-embed-v1.5","bmo-retrieval-027","What tailored LCR factor applied to BFC for the quarter ended March 31, 2026?","bmo-827cd788c68d9e9b6719","3","LCR_CY26Q1","10","data/raw/LCR_CY26Q1.pdf, p. 4","4","3. Liquidity Coverage Ratio","data/raw/LCR_CY26Q1.pdf","The following table summarizes the BFC average LCR for the three months ended March 31, 2026, based on the BFC's interpretation of the LCR Rule. BFC is subject to the 85% tailored LCR and the table below reflects the 85% factor. The LCR calculation is a regulatory prescribed methodology reflecting formulaic hypothetical changes in assets and liabilities that would impact a company's liquidity if they were to occur. The calculation is not necessarily a projection of BFC 's liquidity in any stress environment.","The following table summarizes the BFC average LCR for the three months ended March 31, 2026, based on the BFC's interpretation of the LCR Rule. BFC is subject to the 85% tailored LCR and the table below reflects the 85% factor. The LCR calculation is a regulatory prescribed methodology reflecting formulaic hypothetical changes in assets and liabilities that would impact a company's liquidity if they were to occur.…"
"nomic-embed-v1.5","bmo-retrieval-028","What do unweighted and weighted amounts represent in BFC's Q1 LCR quantitative disclosure?","bmo-9a4480f0604f11eab96b","3","LCR_CY26Q1","12","data/raw/LCR_CY26Q1.pdf, p. 4","4","4. LCR Quantitative Disclosure","data/raw/LCR_CY26Q1.pdf","The following table presents detail of BFC's quarterly average of daily LCR for the three months ended March 31, 2026. Within this disclosure, the unweighted amounts of eligible HQLA, cash inflows and cash outflows represent the quarterly average balances prior to the application of the prescribed regulatory haircuts and caps. The weighted amount of cash outflows and cash inflows represent the unweighted amount multiplied by the respective LCR rates.","The following table presents detail of BFC's quarterly average of daily LCR for the three months ended March 31, 2026. Within this disclosure, the unweighted amounts of eligible HQLA, cash inflows and cash outflows represent the quarterly average balances prior to the application of the prescribed regulatory haircuts and caps. The weighted amount of cash outflows and cash inflows represent the unweighted amount…"
"nomic-embed-v1.5","bmo-retrieval-029","Which institutions and regulators are covered by BFC's Q2 2026 liquidity disclosure?","bmo-f207da8892cc6eb91299","3","LCR_CY26Q2","3","data/raw/LCR_CY26Q2.pdf, p. 3","3","1. Introduction","data/raw/LCR_CY26Q2.pdf","The following disclosure is specific to BMO Financial Corp. (BFC), a U.S. Intermediate Holding Company (IHC). BFC is a wholly owned subsidiary of Bank of Montreal (together with its subsidiaries, BMO or 'the Parent') and is regulated by the Board of Governors of the Federal Reserve System (FRB). BFC's wholly owned principal banking subsidiary, BMO Bank N.A. (BBNA ), which consolidates into BFC, is regulated by the Office of the Comptroller of the Currency and the Federal Deposit Insurance Corporation. BMO is a highly diversified financial services provider based in North America.","The following disclosure is specific to BMO Financial Corp. (BFC), a U.S. Intermediate Holding Company (IHC). BFC is a wholly owned subsidiary of Bank of Montreal (together with its subsidiaries, BMO or 'the Parent') and is regulated by the Board of Governors of the Federal Reserve System (FRB). BFC's wholly owned principal banking subsidiary, BMO Bank N.A. (BBNA ), which consolidates into BFC, is regulated by the…"
"nomic-embed-v1.5","bmo-retrieval-030","How does BFC optimize liquidity for current and future needs?","bmo-c33e0bf290408dbede61","3","LCR_CY26Q2","6","data/raw/LCR_CY26Q2.pdf, p. 3","3","2. Liquidity Risk Management","data/raw/LCR_CY26Q2.pdf","BFC manages liquidity risk to meet both internal and regulatory expectations through an established liquidity risk framework. The framework ensures that BFC maintains adequate levels of liquidity to meet financial commitments in a timely manner at reasonable prices as they fall due, even in times of stress. The framework requires BFC to consider and prudently manage liquidity risk exposures and funding needs within and across legal entities, business lines and currencies, considering legal, regulatory, and operational limitations to the transferability of liquidity. The liquidity position is…","BFC manages liquidity risk to meet both internal and regulatory expectations through an established liquidity risk framework. The framework ensures that BFC maintains adequate levels of liquidity to meet financial commitments in a timely manner at reasonable prices as they fall due, even in times of stress. The framework requires BFC to consider and prudently manage liquidity risk exposures and funding needs within…"
"nomic-embed-v1.5","bmo-retrieval-031","What tailored LCR factor applied to BFC for the quarter ended June 30, 2026?","bmo-e37cba95bece18b0702b","3","LCR_CY26Q2","10","data/raw/LCR_CY26Q2.pdf, p. 4","4","3. Liquidity Coverage Ratio","data/raw/LCR_CY26Q2.pdf","The following table summarizes the BFC average LCR for the three months ended June 30, 2026, based on the BFC's interpretation of the LCR Rule. BFC is subject to the 85% tailored LCR and the table below reflects the 85% factor. The LCR calculation is a regulatory prescribed methodology reflecting formulaic hypothetical changes in assets and liabilities that would impact a company's liquidity if they were to occur. The calculation is not necessarily a projection of BFC 's liquidity in any stress environment.","The following table summarizes the BFC average LCR for the three months ended June 30, 2026, based on the BFC's interpretation of the LCR Rule. BFC is subject to the 85% tailored LCR and the table below reflects the 85% factor. The LCR calculation is a regulatory prescribed methodology reflecting formulaic hypothetical changes in assets and liabilities that would impact a company's liquidity if they were to occur.…"
"nomic-embed-v1.5","bmo-retrieval-032","What do unweighted and weighted amounts represent in BFC's Q2 LCR quantitative disclosure?","bmo-38d74f54666a76c158b6","3","LCR_CY26Q2","12","data/raw/LCR_CY26Q2.pdf, pp. 4, 5","4, 5","4. LCR Quantitative Disclosure","data/raw/LCR_CY26Q2.pdf","The following table presents detail of BFC's quarterly average of daily LCR for the three months ended June 30, 2026. Within this disclosure, the unweighted amounts of eligible HQLA, cash inflows and cash outflows represent the quarterly average balances prior to the application of the prescribed regulatory haircuts and caps. The weighted amount of cash outflows and cash inflows represent the unweighted amount multiplied by the respective LCR rates.","The following table presents detail of BFC's quarterly average of daily LCR for the three months ended June 30, 2026. Within this disclosure, the unweighted amounts of eligible HQLA, cash inflows and cash outflows represent the quarterly average balances prior to the application of the prescribed regulatory haircuts and caps. The weighted amount of cash outflows and cash inflows represent the unweighted amount…"
"nomic-embed-v1.5","bmo-retrieval-033","What is the identifier and governing law for Bank of Montreal common shares?","bmo-1f9c5970bcde0f443c1a","3","MainFeaturesTemplateQ326","0","data/raw/MainFeaturesTemplateQ326.pdf, p. 1","1","","data/raw/MainFeaturesTemplateQ326.pdf","Included in both regulatory capital and TLAC Common Shares 1 Issuer Bank of Montreal 2 Unique identifier (eg CUSIP, ISIN or Bloomberg identifier for private placement) 063671101 3 Governing law(s) of the instrument Canadian Federal and applicable Provincial laws 3a Means by which enforceability requirement of Section 13 of the TLAC Term Sheet is achieved (for other TLAC-eligible instruments governed by foreign law) N/A Regulatory treatment 4 Transitional Basel III rules Common Equity Tier 1 5 Post-transitional Basel III rules Eligible 6 Eligible at solo/group/group&solo Group and Solo 7…","Included in both regulatory capital and TLAC Common Shares 1 Issuer Bank of Montreal 2 Unique identifier (eg CUSIP, ISIN or Bloomberg identifier for private placement) 063671101 3 Governing law(s) of the instrument Canadian Federal and applicable Provincial laws 3a Means by which enforceability requirement of Section 13 of the TLAC Term Sheet is achieved (for other TLAC-eligible instruments governed by foreign law)…"
"nomic-embed-v1.5","bmo-retrieval-034","How are Bank of Montreal common shares treated under Basel III and TLAC?","bmo-1f9c5970bcde0f443c1a","3","MainFeaturesTemplateQ326","0","data/raw/MainFeaturesTemplateQ326.pdf, p. 1","1","","data/raw/MainFeaturesTemplateQ326.pdf","Included in both regulatory capital and TLAC Common Shares 1 Issuer Bank of Montreal 2 Unique identifier (eg CUSIP, ISIN or Bloomberg identifier for private placement) 063671101 3 Governing law(s) of the instrument Canadian Federal and applicable Provincial laws 3a Means by which enforceability requirement of Section 13 of the TLAC Term Sheet is achieved (for other TLAC-eligible instruments governed by foreign law) N/A Regulatory treatment 4 Transitional Basel III rules Common Equity Tier 1 5 Post-transitional Basel III rules Eligible 6 Eligible at solo/group/group&solo Group and Solo 7…","Included in both regulatory capital and TLAC Common Shares 1 Issuer Bank of Montreal 2 Unique identifier (eg CUSIP, ISIN or Bloomberg identifier for private placement) 063671101 3 Governing law(s) of the instrument Canadian Federal and applicable Provincial laws 3a Means by which enforceability requirement of Section 13 of the TLAC Term Sheet is achieved (for other TLAC-eligible instruments governed by foreign law)…"
"nomic-embed-v1.5","bmo-retrieval-035","What does convertible mean in the regulatory capital main-features table?","bmo-a896124c1a76690569b9","3","MainFeaturesTemplateQ326","2","data/raw/MainFeaturesTemplateQ326.pdf, pp. 1, 2","1, 2","Main Features Of Regulatory Capital Instruments","data/raw/MainFeaturesTemplateQ326.pdf","(1) The term ""convertible"" in the above table is interpreted to mean convertible into common shares. Certain of BMO's outstanding non-common capital instruments are convertible into different series of the same capital instrument. 1 Issuer 2 Unique identifier (eg CUSIP, ISIN or Bloomberg identifier for private placement) 3 Governing law(s) of the instrument 3a Means by which enforceability requirement of Section 13 of the TLAC Term Sheet is achieved (for other TLAC-eligible instruments governed by foreign law) Regulatory treatment 4 Transitional Basel III rules 5 Post-transitional Basel III…","(1) The term ""convertible"" in the above table is interpreted to mean convertible into common shares. Certain of BMO's outstanding non-common capital instruments are convertible into different series of the same capital instrument. 1 Issuer 2 Unique identifier (eg CUSIP, ISIN or Bloomberg identifier for private placement) 3 Governing law(s) of the instrument 3a Means by which enforceability requirement of Section 13…"
"nomic-embed-v1.5","bmo-retrieval-036","Which fields does BMO's main-features template use to describe a regulatory capital instrument?","bmo-a896124c1a76690569b9","3","MainFeaturesTemplateQ326","2","data/raw/MainFeaturesTemplateQ326.pdf, pp. 1, 2","1, 2","Main Features Of Regulatory Capital Instruments","data/raw/MainFeaturesTemplateQ326.pdf","(1) The term ""convertible"" in the above table is interpreted to mean convertible into common shares. Certain of BMO's outstanding non-common capital instruments are convertible into different series of the same capital instrument. 1 Issuer 2 Unique identifier (eg CUSIP, ISIN or Bloomberg identifier for private placement) 3 Governing law(s) of the instrument 3a Means by which enforceability requirement of Section 13 of the TLAC Term Sheet is achieved (for other TLAC-eligible instruments governed by foreign law) Regulatory treatment 4 Transitional Basel III rules 5 Post-transitional Basel III…","(1) The term ""convertible"" in the above table is interpreted to mean convertible into common shares. Certain of BMO's outstanding non-common capital instruments are convertible into different series of the same capital instrument. 1 Issuer 2 Unique identifier (eg CUSIP, ISIN or Bloomberg identifier for private placement) 3 Governing law(s) of the instrument 3a Means by which enforceability requirement of Section 13…"
"nomic-embed-v1.5","bmo-retrieval-037","Which quarters are covered by BFC's 2026 Net Stable Funding Ratio disclosure?","bmo-41bab022f098f6e4a549","3","NSFRCY26Q2","0","data/raw/NSFRCY26Q2.pdf, pp. 1, 2","1, 2","BMO Financial Corp. Net Stable Funding Ratio Disclosure","data/raw/NSFRCY26Q2.pdf","____________________________________________________________ For the quarter ended March 31, 2026, and June 30, 2026 ## Table of Contents 1. INTRODUCTION ............................................................................................................................................. 3 2. LIQUIDITY RISK MANAGEMENT ..................................................................................................................... 3 3. NET STABLE FUNDING RATIO ......................................................................................................................... 4…","____________________________________________________________ For the quarter ended March 31, 2026, and June 30, 2026 ## Table of Contents 1. INTRODUCTION ............................................................................................................................................. 3 2. LIQUIDITY RISK MANAGEMENT .............................................................................................…"
"nomic-embed-v1.5","bmo-retrieval-038","How does BFC's liquidity framework manage needs across entities, businesses and currencies?","bmo-a77eddd634603a290943","3","NSFRCY26Q2","4","data/raw/NSFRCY26Q2.pdf, p. 3","3","2. Liquidity Risk Management","data/raw/NSFRCY26Q2.pdf","BFC manages liquidity risk to meet both internal and regulatory expectations through an established liquidity risk framework. The framework ensures that BFC maintains adequate levels of liquidity to meet financial commitments in a timely manner at reasonable prices as they fall due, even in times of stress. The framework considers and prudently manages liquidity risk exposures and funding needs within and across legal entities, business lines and currencies, considering legal, regulatory, and operational limitations to the transferability of liquidity. The liquidity position is optimized for…","BFC manages liquidity risk to meet both internal and regulatory expectations through an established liquidity risk framework. The framework ensures that BFC maintains adequate levels of liquidity to meet financial commitments in a timely manner at reasonable prices as they fall due, even in times of stress. The framework considers and prudently manages liquidity risk exposures and funding needs within and across…"
"nomic-embed-v1.5","bmo-retrieval-039","What tailored NSFR factor applies to BFC?","bmo-6075725634b6fdf4ffb5","3","NSFRCY26Q2","8","data/raw/NSFRCY26Q2.pdf, p. 4","4","3. Net Stable Funding Ratio","data/raw/NSFRCY26Q2.pdf","The following table summarizes the BFC average NSFR for the three months ended March 31, 2026 and June 30, 2026, based on the Firms interpretation of the NSFR Rule. BFC is subject to the 85% tailored NSFR and the table below reflects the 85% factor. The NSFR calculation is a regulatory prescribed methodology reflecting formulaic hypothetical changes in assets and liabilities that would impact a company's liquidity if they were to occur. The calculation is not necessarily a projection of the BFC liquidity in any stress environment. The BFC NSFR is substantiated by: - ASF primarily consists of…","The following table summarizes the BFC average NSFR for the three months ended March 31, 2026 and June 30, 2026, based on the Firms interpretation of the NSFR Rule. BFC is subject to the 85% tailored NSFR and the table below reflects the 85% factor. The NSFR calculation is a regulatory prescribed methodology reflecting formulaic hypothetical changes in assets and liabilities that would impact a company's liquidity…"
"nomic-embed-v1.5","bmo-retrieval-040","What are BFC's primary sources of available stable funding?","bmo-6075725634b6fdf4ffb5","3","NSFRCY26Q2","8","data/raw/NSFRCY26Q2.pdf, p. 4","4","3. Net Stable Funding Ratio","data/raw/NSFRCY26Q2.pdf","The following table summarizes the BFC average NSFR for the three months ended March 31, 2026 and June 30, 2026, based on the Firms interpretation of the NSFR Rule. BFC is subject to the 85% tailored NSFR and the table below reflects the 85% factor. The NSFR calculation is a regulatory prescribed methodology reflecting formulaic hypothetical changes in assets and liabilities that would impact a company's liquidity if they were to occur. The calculation is not necessarily a projection of the BFC liquidity in any stress environment. The BFC NSFR is substantiated by: - ASF primarily consists of…","The following table summarizes the BFC average NSFR for the three months ended March 31, 2026 and June 30, 2026, based on the Firms interpretation of the NSFR Rule. BFC is subject to the 85% tailored NSFR and the table below reflects the 85% factor. The NSFR calculation is a regulatory prescribed methodology reflecting formulaic hypothetical changes in assets and liabilities that would impact a company's liquidity…"
"nomic-embed-v1.5","bmo-retrieval-041","What reported and adjusted net income did BMO post in Q1 2026?","bmo-019ff982cfe2d7e246f3","3","Q126_EarningsRelease","2","data/raw/Q126_EarningsRelease.pdf, p. 1","1","Financial Results Highlights","data/raw/Q126_EarningsRelease.pdf","Toronto, February 25, 2026 - BMO Financial Group (TSX:BMO) (NYSE:BMO) reported net income for the first quarter ended January 31, 2026 was $2,489 million, compared with $2,138 million in the prior year, and EPS of $3.39, compared with $2.83. Reported ROE was 12.1%, compared with 10.6% in the prior year. Adjusted net income was $2,551 million and adjusted EPS was $3.48, an increase from $2,289 million and $3.04, respectively, in the prior year. Adjusted ROE was 12.4%, compared with 11.3% in the prior year. Reported and adjusted results in the current quarter included severance costs of $147…","Toronto, February 25, 2026 - BMO Financial Group (TSX:BMO) (NYSE:BMO) reported net income for the first quarter ended January 31, 2026 was $2,489 million, compared with $2,138 million in the prior year, and EPS of $3.39, compared with $2.83. Reported ROE was 12.1%, compared with 10.6% in the prior year. Adjusted net income was $2,551 million and adjusted EPS was $3.48, an increase from $2,289 million and $3.04,…"
"nomic-embed-v1.5","bmo-retrieval-042","What were BMO's reported and adjusted EPS in Q1 2026?","bmo-019ff982cfe2d7e246f3","3","Q126_EarningsRelease","2","data/raw/Q126_EarningsRelease.pdf, p. 1","1","Financial Results Highlights","data/raw/Q126_EarningsRelease.pdf","Toronto, February 25, 2026 - BMO Financial Group (TSX:BMO) (NYSE:BMO) reported net income for the first quarter ended January 31, 2026 was $2,489 million, compared with $2,138 million in the prior year, and EPS of $3.39, compared with $2.83. Reported ROE was 12.1%, compared with 10.6% in the prior year. Adjusted net income was $2,551 million and adjusted EPS was $3.48, an increase from $2,289 million and $3.04, respectively, in the prior year. Adjusted ROE was 12.4%, compared with 11.3% in the prior year. Reported and adjusted results in the current quarter included severance costs of $147…","Toronto, February 25, 2026 - BMO Financial Group (TSX:BMO) (NYSE:BMO) reported net income for the first quarter ended January 31, 2026 was $2,489 million, compared with $2,138 million in the prior year, and EPS of $3.39, compared with $2.83. Reported ROE was 12.1%, compared with 10.6% in the prior year. Adjusted net income was $2,551 million and adjusted EPS was $3.48, an increase from $2,289 million and $3.04,…"
"nomic-embed-v1.5","bmo-retrieval-043","How did Canadian P&C net income change in Q1 2026?","bmo-dbb187d4bf15db51368b","3","Q126_EarningsRelease","7","data/raw/Q126_EarningsRelease.pdf, p. 2","2","Canadian P&C","data/raw/Q126_EarningsRelease.pdf","Reported net income was $948 million and adjusted net income was $951 million, both increasing $71 million or 8% from the prior year, primarily due to a 7% increase in revenue, as well as a lower provision for credit losses, partially offset by higher expenses. Revenue growth was driven by higher net interest income, due to higher net interest margin and balance growth, and an increase in non-interest revenue, including above-trend card fee revenue due to revised future redemption assumptions in the current quarter.","Reported net income was $948 million and adjusted net income was $951 million, both increasing $71 million or 8% from the prior year, primarily due to a 7% increase in revenue, as well as a lower provision for credit losses, partially offset by higher expenses. Revenue growth was driven by higher net interest income, due to higher net interest margin and balance growth, and an increase in non-interest revenue,…"
"nomic-embed-v1.5","bmo-retrieval-044","How did U.S. Banking perform in Q1 2026 in Canadian and U.S. dollars?","bmo-a5fe37cfcfc2781c2a33","3","Q126_EarningsRelease","8","data/raw/Q126_EarningsRelease.pdf, p. 2","2","U.S. Banking","data/raw/Q126_EarningsRelease.pdf","Reported net income was $742 million, an increase of $107 million or 17% from the prior year, and adjusted net income was $802 million, an increase of $95 million or 13%. The impact of the weaker U.S. dollar decreased net income by 5%. On a U.S. dollar basis, reported net income was $539 million, an increase of $93 million or 21% from the prior year, and adjusted net income was $583 million, an increase of $87 million or 18%, primarily due to a lower provision for credit losses. Revenue growth of 2%, reflecting higher net interest income and non-interest revenue, was more than offset by…","Reported net income was $742 million, an increase of $107 million or 17% from the prior year, and adjusted net income was $802 million, an increase of $95 million or 13%. The impact of the weaker U.S. dollar decreased net income by 5%. On a U.S. dollar basis, reported net income was $539 million, an increase of $93 million or 21% from the prior year, and adjusted net income was $583 million, an increase of $87…"
"nomic-embed-v1.5","bmo-retrieval-045","For what period were BMO's Q1 2026 interim financial statements prepared?","bmo-de2d732856072e66bac9","3","Q126_ReportToShareholders","0","data/raw/Q126_ReportToShareholders.pdf, p. 1","1","REPORT TO SHAREHOLDERS","data/raw/Q126_ReportToShareholders.pdf","BMO's First Quarter 2026 Report to Shareholders, including the unaudited interim consolidated financial statements for the period ended January 31, 2026, are available online at www.bmo.com/investorrelations, on the Canadian Securities Administrators' website at www.sedarplus.ca, and on the EDGAR section of the U.S. Securities and Exchange Commission's website at www.sec.gov.","BMO's First Quarter 2026 Report to Shareholders, including the unaudited interim consolidated financial statements for the period ended January 31, 2026, are available online at www.bmo.com/investorrelations, on the Canadian Securities Administrators' website at www.sedarplus.ca, and on the EDGAR section of the U.S. Securities and Exchange Commission's website at www.sec.gov."
"nomic-embed-v1.5","bmo-retrieval-046","What were BMO's Q1 2026 PCL, ROE and CET1 ratio?","bmo-7b7df28d56a73836e562","3","Q126_ReportToShareholders","1","data/raw/Q126_ReportToShareholders.pdf, p. 1","1","Financial Results Highlights","data/raw/Q126_ReportToShareholders.pdf","First Quarter 2026 compared with First Quarter 2025: - Reported net income 1 of $2,489 million, an increase of 16% from $2,138 million; adjusted net income 1 of $2,551 million, an increase of 11% from $2,289 million - Reported earnings per share (EPS) 2 of $3.39, an increase of 20% from $2.83; adjusted EPS 1, 2 of $3.48, an increase of 15% from $3.04 - Provision for credit losses (PCL) of $746 million, a decrease from $1,011 million - Reported return on equity (ROE) of 12.1%, compared with 10.6%; adjusted ROE 1 of 12.4%, compared with 11.3% - Common Equity Tier 1 (CET1) Ratio 3 of 13.1%,…","First Quarter 2026 compared with First Quarter 2025: - Reported net income 1 of $2,489 million, an increase of 16% from $2,138 million; adjusted net income 1 of $2,551 million, an increase of 11% from $2,289 million - Reported earnings per share (EPS) 2 of $3.39, an increase of 20% from $2.83; adjusted EPS 1, 2 of $3.48, an increase of 15% from $3.04 - Provision for credit losses (PCL) of $746 million, a decrease…"
"nomic-embed-v1.5","bmo-retrieval-047","What sources comprise the Enhanced Disclosure Task Force index for Q1 2026?","bmo-8d91847f7b276d39bde4","3","Q126_ReportToShareholders","6","data/raw/Q126_ReportToShareholders.pdf, p. 2","2","Enhanced Disclosure Task Force","data/raw/Q126_ReportToShareholders.pdf","Disclosures related to recommendations from the Financial Stability Board's Enhanced Disclosure Task Force (EDTF) to provide high-quality, transparent risk disclosures are detailed in the index below, as presented in BMO's 2025 Annual Report, the First Quarter 2026 Report to Shareholders (RTS), Supplemental Financial Information (SFI) or Supplemental Regulatory Capital Information (SRCI). Information on BMO's website, including information within the SFI or SRCI, is not and should not be considered incorporated by reference into our First Quarter 2026 Report to Shareholders.","Disclosures related to recommendations from the Financial Stability Board's Enhanced Disclosure Task Force (EDTF) to provide high-quality, transparent risk disclosures are detailed in the index below, as presented in BMO's 2025 Annual Report, the First Quarter 2026 Report to Shareholders (RTS), Supplemental Financial Information (SFI) or Supplemental Regulatory Capital Information (SRCI). Information on BMO's…"
"nomic-embed-v1.5","bmo-retrieval-048","As of what date is the Q1 2026 MD&A commentary?","bmo-e1d52777fdb6d735ef1f","3","Q126_ReportToShareholders","10","data/raw/Q126_ReportToShareholders.pdf, p. 3","3","Management's Discussion and Analysis","data/raw/Q126_ReportToShareholders.pdf","Management's Discussion and Analysis (MD&A) commentary is as at February 25, 2026 for the period ended January 31, 2026. The material that precedes this section comprises part of this MD&A. The MD&A should be read in conjunction with the unaudited interim consolidated financial statements for the period ended January 31, 2026, included in this document, as well as the audited annual consolidated financial statements for the year ended October 31, 2025, and the 2025 annual MD&A, contained in Bank of Montreal's 2025 Annual Report.","Management's Discussion and Analysis (MD&A) commentary is as at February 25, 2026 for the period ended January 31, 2026. The material that precedes this section comprises part of this MD&A. The MD&A should be read in conjunction with the unaudited interim consolidated financial statements for the period ended January 31, 2026, included in this document, as well as the audited annual consolidated financial statements…"
"nomic-embed-v1.5","bmo-retrieval-049","What reported and adjusted net income did BMO post in Q2 2026?","bmo-f5f3c016c51708e08e29","3","Q226_EarningsRelease","1","data/raw/Q226_EarningsRelease.pdf, p. 1","1","Financial Results Highlights","data/raw/Q226_EarningsRelease.pdf","Second Quarter 2026 compared with Second Quarter 2025: - Reported net income 1 of $2,630 million, an increase of 34% from $1,962 million; adjusted net income 1 of $2,733 million, an increase of 34% from $2,046 million - Reported earnings per share (EPS) 2 of $3.53, an increase of 41% from $2.50; adjusted EPS 1, 2 of $3.67, an increase of 40% from $2.62 - Provision for credit losses (PCL) of $739 million, a decrease from $1,054 million - Reported return on equity (ROE) of 13.0%, compared with 9.4%; adjusted ROE 1 of 13.5%, compared with 9.8% - Common Equity Tier 1 (CET1) Ratio 3 of 13.0%,…","Second Quarter 2026 compared with Second Quarter 2025: - Reported net income 1 of $2,630 million, an increase of 34% from $1,962 million; adjusted net income 1 of $2,733 million, an increase of 34% from $2,046 million - Reported earnings per share (EPS) 2 of $3.53, an increase of 41% from $2.50; adjusted EPS 1, 2 of $3.67, an increase of 40% from $2.62 - Provision for credit losses (PCL) of $739 million, a decrease…"
"nomic-embed-v1.5","bmo-retrieval-050","What dividend did BMO declare in Q2 2026 and how much did it increase?","bmo-f5f3c016c51708e08e29","3","Q226_EarningsRelease","1","data/raw/Q226_EarningsRelease.pdf, p. 1","1","Financial Results Highlights","data/raw/Q226_EarningsRelease.pdf","Second Quarter 2026 compared with Second Quarter 2025: - Reported net income 1 of $2,630 million, an increase of 34% from $1,962 million; adjusted net income 1 of $2,733 million, an increase of 34% from $2,046 million - Reported earnings per share (EPS) 2 of $3.53, an increase of 41% from $2.50; adjusted EPS 1, 2 of $3.67, an increase of 40% from $2.62 - Provision for credit losses (PCL) of $739 million, a decrease from $1,054 million - Reported return on equity (ROE) of 13.0%, compared with 9.4%; adjusted ROE 1 of 13.5%, compared with 9.8% - Common Equity Tier 1 (CET1) Ratio 3 of 13.0%,…","Second Quarter 2026 compared with Second Quarter 2025: - Reported net income 1 of $2,630 million, an increase of 34% from $1,962 million; adjusted net income 1 of $2,733 million, an increase of 34% from $2,046 million - Reported earnings per share (EPS) 2 of $3.53, an increase of 41% from $2.50; adjusted EPS 1, 2 of $3.67, an increase of 40% from $2.62 - Provision for credit losses (PCL) of $739 million, a decrease…"
"nomic-embed-v1.5","bmo-retrieval-051","What were BMO's year-to-date 2026 reported and adjusted EPS?","bmo-ccc96f75ce929cfa0857","3","Q226_EarningsRelease","2","data/raw/Q226_EarningsRelease.pdf, p. 1","1","Year-to-Date 2026 compared with Year-to-Date 2025:","data/raw/Q226_EarningsRelease.pdf","- Reported net income 1 of $5,119 million, an increase of 25% from $4,100 million; adjusted net income 1 of $5,284 million, an increase of 22% from $4,335 million - Reported EPS 2 of $6.92, an increase of 30% from $5.34; adjusted EPS 1, 2 of $7.15, an increase of 26% from $5.66 - PCL of $1,485 million, a decrease from $2,065 million - Reported ROE of 12.5%, compared with 10.0%; adjusted ROE 1 of 12.9%, compared with 10.6%","- Reported net income 1 of $5,119 million, an increase of 25% from $4,100 million; adjusted net income 1 of $5,284 million, an increase of 22% from $4,335 million - Reported EPS 2 of $6.92, an increase of 30% from $5.34; adjusted EPS 1, 2 of $7.15, an increase of 26% from $5.66 - PCL of $1,485 million, a decrease from $2,065 million - Reported ROE of 12.5%, compared with 10.0%; adjusted ROE 1 of 12.9%, compared with…"
"nomic-embed-v1.5","bmo-retrieval-052","How did Canadian P&C net income change in Q2 2026?","bmo-d8b4ff732985f2971b8b","3","Q226_EarningsRelease","12","data/raw/Q226_EarningsRelease.pdf, p. 2","2","Canadian P&C","data/raw/Q226_EarningsRelease.pdf","Reported net income was $884 million, an increase of $120 million or 15% from the prior year, and adjusted net income was $887 million, an increase of $119 million or 15%, primarily due to a 5% increase in revenue, as well as a lower provision for credit losses, partially offset by higher expenses. Revenue growth was driven by increases in net interest income, primarily due to higher net interest margin, and non-interest revenue due to higher card-related and mutual fund distribution fees, partially offset by lower deposit fee revenue.","Reported net income was $884 million, an increase of $120 million or 15% from the prior year, and adjusted net income was $887 million, an increase of $119 million or 15%, primarily due to a 5% increase in revenue, as well as a lower provision for credit losses, partially offset by higher expenses. Revenue growth was driven by increases in net interest income, primarily due to higher net interest margin, and…"
"nomic-embed-v1.5","bmo-retrieval-053","For what period were BMO's Q2 2026 interim financial statements prepared?","bmo-4052b8af184c044dbe66","3","Q226_ReportToShareholders","0","data/raw/Q226_ReportToShareholders.pdf, p. 1","1","REPORT TO SHAREHOLDERS","data/raw/Q226_ReportToShareholders.pdf","BMO's Second Quarter 2026 Report to Shareholders, including the unaudited interim consolidated financial statements for the period ended April 30, 2026, are available online at www.bmo.com/investorrelations, on the Canadian Securities Administrators' website at www.sedarplus.ca, and on the EDGAR section of the U.S. Securities and Exchange Commission's website at www.sec.gov.","BMO's Second Quarter 2026 Report to Shareholders, including the unaudited interim consolidated financial statements for the period ended April 30, 2026, are available online at www.bmo.com/investorrelations, on the Canadian Securities Administrators' website at www.sedarplus.ca, and on the EDGAR section of the U.S. Securities and Exchange Commission's website at www.sec.gov."
"nomic-embed-v1.5","bmo-retrieval-054","What were BMO's Q2 2026 reported EPS, adjusted EPS and CET1 ratio?","bmo-066760077664f9e1d968","3","Q226_ReportToShareholders","1","data/raw/Q226_ReportToShareholders.pdf, p. 1","1","Financial Results Highlights","data/raw/Q226_ReportToShareholders.pdf","Second Quarter 2026 compared with Second Quarter 2025: - Reported net income 1 of $2,630 million, an increase of 34% from $1,962 million; adjusted net income 1 of $2,733 million, an increase of 34% from $2,046 million - Reported earnings per share (EPS) 2 of $3.53, an increase of 41% from $2.50; adjusted EPS 1, 2 of $3.67, an increase of 40% from $2.62 - Provision for credit losses (PCL) of $739 million, a decrease from $1,054 million - Reported return on equity (ROE) of 13.0%, compared with 9.4%; adjusted ROE 1 of 13.5%, compared with 9.8% - Common Equity Tier 1 (CET1) Ratio 3 of 13.0%,…","Second Quarter 2026 compared with Second Quarter 2025: - Reported net income 1 of $2,630 million, an increase of 34% from $1,962 million; adjusted net income 1 of $2,733 million, an increase of 34% from $2,046 million - Reported earnings per share (EPS) 2 of $3.53, an increase of 41% from $2.50; adjusted EPS 1, 2 of $3.67, an increase of 40% from $2.62 - Provision for credit losses (PCL) of $739 million, a decrease…"
"nomic-embed-v1.5","bmo-retrieval-055","What were BMO's year-to-date 2026 net income and PCL?","bmo-d7c2c5bcc623f9e1603d","3","Q226_ReportToShareholders","2","data/raw/Q226_ReportToShareholders.pdf, p. 1","1","Year-to-Date 2026 compared with Year-to-Date 2025:","data/raw/Q226_ReportToShareholders.pdf","- Reported net income 1 of $5,119 million, an increase of 25% from $4,100 million; adjusted net income 1 of $5,284 million, an increase of 22% from $4,335 million - Reported EPS 2 of $6.92, an increase of 30% from $5.34; adjusted EPS 1, 2 of $7.15, an increase of 26% from $5.66 - PCL of $1,485 million, a decrease from $2,065 million - Reported ROE of 12.5%, compared with 10.0%; adjusted ROE 1 of 12.9%, compared with 10.6%","- Reported net income 1 of $5,119 million, an increase of 25% from $4,100 million; adjusted net income 1 of $5,284 million, an increase of 22% from $4,335 million - Reported EPS 2 of $6.92, an increase of 30% from $5.34; adjusted EPS 1, 2 of $7.15, an increase of 26% from $5.66 - PCL of $1,485 million, a decrease from $2,065 million - Reported ROE of 12.5%, compared with 10.0%; adjusted ROE 1 of 12.9%, compared with…"
"nomic-embed-v1.5","bmo-retrieval-056","What sources comprise the Enhanced Disclosure Task Force index for Q2 2026?","bmo-8ab5d6ee881e05d83772","3","Q226_ReportToShareholders","11","data/raw/Q226_ReportToShareholders.pdf, p. 3","3","Enhanced Disclosure Task Force","data/raw/Q226_ReportToShareholders.pdf","Disclosures related to recommendations from the Financial Stability Board's Enhanced Disclosure Task Force (EDTF) to provide high-quality, transparent risk disclosures are detailed in the index below, as presented in BMO's 2025 Annual Report, the Second Quarter 2026 Report to Shareholders (RTS), Supplemental Financial Information (SFI) or Supplemental Regulatory Capital Information (SRCI). Information on BMO's website, including information within the SFI or SRCI, is not and should not be considered incorporated by reference into our Second Quarter 2026 Report to Shareholders.","Disclosures related to recommendations from the Financial Stability Board's Enhanced Disclosure Task Force (EDTF) to provide high-quality, transparent risk disclosures are detailed in the index below, as presented in BMO's 2025 Annual Report, the Second Quarter 2026 Report to Shareholders (RTS), Supplemental Financial Information (SFI) or Supplemental Regulatory Capital Information (SRCI). Information on BMO's…"
"nomic-embed-v1.5","bmo-retrieval-057","What reported and adjusted net income did BMO post in Q3 2026?","bmo-ff6f00d78e116ab4af67","3","Q326_EarningsRelease","3","data/raw/Q326_EarningsRelease.pdf, p. 1","1","Financial Results Highlights","data/raw/Q326_EarningsRelease.pdf","Toronto, August 25, 2026 - BMO Financial Group (TSX:BMO) (NYSE:BMO) reported net income for the third quarter ended July 31, 2026 was $1,750 million, compared with $2,330 million in the prior year, and EPS of $2.38, compared with $3.14. Reported ROE was 8.4%, compared with 11.6% in the prior year. The decrease in reported results was driven by a charge related to the reduction in goodwill associated with the announced sale of BMO's Transportation and Vendor Finance businesses. Adjusted net income of $2,859 million increased 19% from $2,399 million in the prior year, and adjusted EPS of $3.96…","Toronto, August 25, 2026 - BMO Financial Group (TSX:BMO) (NYSE:BMO) reported net income for the third quarter ended July 31, 2026 was $1,750 million, compared with $2,330 million in the prior year, and EPS of $2.38, compared with $3.14. Reported ROE was 8.4%, compared with 11.6% in the prior year. The decrease in reported results was driven by a charge related to the reduction in goodwill associated with the…"
"nomic-embed-v1.5","bmo-retrieval-058","What were BMO's reported and adjusted EPS in Q3 2026?","bmo-ff6f00d78e116ab4af67","3","Q326_EarningsRelease","3","data/raw/Q326_EarningsRelease.pdf, p. 1","1","Financial Results Highlights","data/raw/Q326_EarningsRelease.pdf","Toronto, August 25, 2026 - BMO Financial Group (TSX:BMO) (NYSE:BMO) reported net income for the third quarter ended July 31, 2026 was $1,750 million, compared with $2,330 million in the prior year, and EPS of $2.38, compared with $3.14. Reported ROE was 8.4%, compared with 11.6% in the prior year. The decrease in reported results was driven by a charge related to the reduction in goodwill associated with the announced sale of BMO's Transportation and Vendor Finance businesses. Adjusted net income of $2,859 million increased 19% from $2,399 million in the prior year, and adjusted EPS of $3.96…","Toronto, August 25, 2026 - BMO Financial Group (TSX:BMO) (NYSE:BMO) reported net income for the third quarter ended July 31, 2026 was $1,750 million, compared with $2,330 million in the prior year, and EPS of $2.38, compared with $3.14. Reported ROE was 8.4%, compared with 11.6% in the prior year. The decrease in reported results was driven by a charge related to the reduction in goodwill associated with the…"
"nomic-embed-v1.5","bmo-retrieval-059","How did Canadian P&C net income change in Q3 2026?","bmo-039cc788a0c03af90fd1","3","Q326_EarningsRelease","10","data/raw/Q326_EarningsRelease.pdf, p. 2","2","Canadian P&C","data/raw/Q326_EarningsRelease.pdf","Reported net income was $980 million, an increase of $131 million or 16% from the prior year, and adjusted net income was $983 million, an increase of $131 million or 15%, primarily due to a 6% increase in revenue and a lower provision for credit losses, partially offset by higher expenses. Revenue growth was driven by increases in net interest income, primarily due to higher net interest margin and non-interest revenue.","Reported net income was $980 million, an increase of $131 million or 16% from the prior year, and adjusted net income was $983 million, an increase of $131 million or 15%, primarily due to a 6% increase in revenue and a lower provision for credit losses, partially offset by higher expenses. Revenue growth was driven by increases in net interest income, primarily due to higher net interest margin and non-interest…"
"nomic-embed-v1.5","bmo-retrieval-060","How did U.S. Banking perform in Q3 2026 in Canadian and U.S. dollars?","bmo-48eaaf7670823fc92b7c","3","Q326_EarningsRelease","11","data/raw/Q326_EarningsRelease.pdf, p. 2","2","U.S. Banking","data/raw/Q326_EarningsRelease.pdf","Reported net income was $868 million, an increase of $101 million or 13% from the prior year, and adjusted net income was $925 million, an increase of $96 million or 11%. The impact of the stronger U.S. dollar increased each of revenue, expenses and net income by 2%. On a U.S. dollar basis, reported net income was $620 million, an increase of $62 million or 11% from the prior year, and adjusted net income was $661 million, an increase of $58 million or 9%, primarily due to a 5% increase in revenue, partially offset by higher expenses. Revenue growth was driven by increases in net interest…","Reported net income was $868 million, an increase of $101 million or 13% from the prior year, and adjusted net income was $925 million, an increase of $96 million or 11%. The impact of the stronger U.S. dollar increased each of revenue, expenses and net income by 2%. On a U.S. dollar basis, reported net income was $620 million, an increase of $62 million or 11% from the prior year, and adjusted net income was $661…"
"nomic-embed-v1.5","bmo-retrieval-061","For what period were BMO's Q3 2026 interim financial statements prepared?","bmo-2ffa15156b342d3ca1f0","3","Q326_ReportToShareholders","0","data/raw/Q326_ReportToShareholders.pdf, p. 1","1","REPORT TO SHAREHOLDERS","data/raw/Q326_ReportToShareholders.pdf","BMO's Third Quarter 2026 Report to Shareholders, including the unaudited interim consolidated financial statements for the period ended July 31, 2026, are available online at www.bmo.com/investorrelations, on the Canadian Securities Administrators' website at www.sedarplus.ca, and on the EDGAR section of the U.S. Securities and Exchange Commission's website at www.sec.gov.","BMO's Third Quarter 2026 Report to Shareholders, including the unaudited interim consolidated financial statements for the period ended July 31, 2026, are available online at www.bmo.com/investorrelations, on the Canadian Securities Administrators' website at www.sedarplus.ca, and on the EDGAR section of the U.S. Securities and Exchange Commission's website at www.sec.gov."
"nomic-embed-v1.5","bmo-retrieval-062","What were BMO's Q3 2026 PCL, ROE and CET1 ratio?","bmo-39e69130adc5b1f4211c","3","Q326_ReportToShareholders","1","data/raw/Q326_ReportToShareholders.pdf, p. 1","1","Financial Results Highlights","data/raw/Q326_ReportToShareholders.pdf","Third Quarter 2026 compared with Third Quarter 2025: - Reported net income 1 of $1,750 million, a decrease of 25% from $2,330 million; adjusted net income 1 of $2,859 million, an increase of 19% from $2,399 million - Reported earnings per share (EPS) 2 of $2.38, a decrease of 24% from $3.14; adjusted EPS 1, 2 of $3.96, an increase of 22% from $3.23 - Provision for credit losses (PCL) of $722 million, a decrease from $797 million - Reported return on equity (ROE) of 8.4%, compared with 11.6%; adjusted ROE 1 of 14.0%, compared with 12.0% - Common Equity Tier 1 (CET1) Ratio 3 of 13.0%, compared…","Third Quarter 2026 compared with Third Quarter 2025: - Reported net income 1 of $1,750 million, a decrease of 25% from $2,330 million; adjusted net income 1 of $2,859 million, an increase of 19% from $2,399 million - Reported earnings per share (EPS) 2 of $2.38, a decrease of 24% from $3.14; adjusted EPS 1, 2 of $3.96, an increase of 22% from $3.23 - Provision for credit losses (PCL) of $722 million, a decrease from…"
"nomic-embed-v1.5","bmo-retrieval-063","What deposits, loans and premium are involved in the planned sale of 138 U.S. branches?","bmo-6fb966f5b5040235a7fb","3","Q326_ReportToShareholders","9","data/raw/Q326_ReportToShareholders.pdf, p. 2","2","Divestitures","data/raw/Q326_ReportToShareholders.pdf","On October 16, 2025, we announced the sale of 138 BMO branches in select markets to First-Citizens Bank & Trust Company (First Citizens Bank) to support the optimization of our U.S. branch network and the redeployment of capital and resources. Under the terms of this agreement, First Citizens Bank will assume approximately US$5.3 billion (CAD$7.4 billion) in deposits and purchase approximately US$0.7 billion (CAD$1.0 billion) in loans as at July 31, 2026, for a net deposit premium of approximately 5% paid on closing. This transaction is expected to close in the fourth quarter of fiscal 2026,…","On October 16, 2025, we announced the sale of 138 BMO branches in select markets to First-Citizens Bank & Trust Company (First Citizens Bank) to support the optimization of our U.S. branch network and the redeployment of capital and resources. Under the terms of this agreement, First Citizens Bank will assume approximately US$5.3 billion (CAD$7.4 billion) in deposits and purchase approximately US$0.7 billion…"
"nomic-embed-v1.5","bmo-retrieval-064","What business did BMO agree to acquire from Euroz Hartleys in June 2026?","bmo-bcc2c4e929bb21b726b3","3","Q326_ReportToShareholders","13","data/raw/Q326_ReportToShareholders.pdf, p. 2","2","Acquisitions","data/raw/Q326_ReportToShareholders.pdf","On June 29, 2026, we entered into a definitive agreement to acquire the Australia-based metals and mining focused capital markets business of Euroz Hartleys Group Limited (Euroz Hartleys). This acquisition is expected to close in the fourth quarter of calendar 2026, subject to Euroz Hartleys shareholder approval, regulatory approvals and satisfaction of other customary closing conditions. Following closing, the acquired business will form part of the Capital Markets operating segment. For further information on the above divestitures and acquisition, refer to Note 13 of the unaudited interim…","On June 29, 2026, we entered into a definitive agreement to acquire the Australia-based metals and mining focused capital markets business of Euroz Hartleys Group Limited (Euroz Hartleys). This acquisition is expected to close in the fourth quarter of calendar 2026, subject to Euroz Hartleys shareholder approval, regulatory approvals and satisfaction of other customary closing conditions. Following closing, the…"
"nomic-embed-v1.5","bmo-retrieval-065","How should BMO's Q3 2026 supplementary regulatory capital information be used?","bmo-2cf4a13431087798555b","3","RegSuppQ326","3","data/raw/RegSuppQ326.pdf, p. 3","3","Use of this Document","data/raw/RegSuppQ326.pdf","The supplementary information contained in this package is designed to improve the readers' understanding of the capital requirements of BMO Financial Group (the Bank). This information should be used in conjunction with the Bank's Third quarter 2026 Report to Shareholders and the 2025 Annual Report available on the Canadian Securities Administrators' website at www.sedarplus.ca and BMO's website at www.bmo.com/investorrelations.","The supplementary information contained in this package is designed to improve the readers' understanding of the capital requirements of BMO Financial Group (the Bank). This information should be used in conjunction with the Bank's Third quarter 2026 Report to Shareholders and the 2025 Annual Report available on the Canadian Securities Administrators' website at www.sedarplus.ca and BMO's website at…"
"nomic-embed-v1.5","bmo-retrieval-066","Which frameworks and OSFI guidelines determine BMO's regulatory capital disclosures?","bmo-a54590afe687d72bd739","3","RegSuppQ326","5","data/raw/RegSuppQ326.pdf, p. 3","3","Regulatory Framework","data/raw/RegSuppQ326.pdf","Regulatory capital requirements for the bank are determined in accordance with guidelines issued by the Office of the Superintendent of Financial Institutions (OSFI), which are based on the revised Basel III Reforms framework (inclusive of the 2017 Basel III Reforms) developed by the Basel Committee on Banking Supervision (BCBS). The measures and disclosures herein are presented in accordance with OSFI's Pillar 3 Disclosure Guideline, including the Total Loss Absorbing Capacity (TLAC) Disclosure Requirements Guideline for domestic systemically important banks (D-SIBs) and the Enhanced…","Regulatory capital requirements for the bank are determined in accordance with guidelines issued by the Office of the Superintendent of Financial Institutions (OSFI), which are based on the revised Basel III Reforms framework (inclusive of the 2017 Basel III Reforms) developed by the Basel Committee on Banking Supervision (BCBS). The measures and disclosures herein are presented in accordance with OSFI's Pillar 3…"
"nomic-embed-v1.5","bmo-retrieval-067","Which insurance subsidiaries are excluded from BMO's regulatory-scope balance sheet?","bmo-73a6a79d9baa8b1e01b3","3","RegSuppQ326","27","data/raw/RegSuppQ326.pdf, p. 9","9","CC2 - RECONCILIATION OF REGULATORY CAPITAL TO BALANCE SHEET","data/raw/RegSuppQ326.pdf","(1) Balance sheet under regulatory scope does not include the following entities: BMO Life Insurance Company and BMO Reinsurance Limited. Insurance subsidiaries are included in the regulatory balance sheet using the equity method of accounting and are capitalized as significant investments in financials. BMO Life Insurance Company ($23,046 million assets and $2,610 million equity) covers the development and marketing of individual life, critical illness and annuity products as well as segregated funds. It also offers group creditor and travel insurance to bank customers in Canada. BMO…","(1) Balance sheet under regulatory scope does not include the following entities: BMO Life Insurance Company and BMO Reinsurance Limited. Insurance subsidiaries are included in the regulatory balance sheet using the equity method of accounting and are capitalized as significant investments in financials. BMO Life Insurance Company ($23,046 million assets and $2,610 million equity) covers the development and…"
"nomic-embed-v1.5","bmo-retrieval-068","What products are offered by BMO Life Insurance Company?","bmo-73a6a79d9baa8b1e01b3","3","RegSuppQ326","27","data/raw/RegSuppQ326.pdf, p. 9","9","CC2 - RECONCILIATION OF REGULATORY CAPITAL TO BALANCE SHEET","data/raw/RegSuppQ326.pdf","(1) Balance sheet under regulatory scope does not include the following entities: BMO Life Insurance Company and BMO Reinsurance Limited. Insurance subsidiaries are included in the regulatory balance sheet using the equity method of accounting and are capitalized as significant investments in financials. BMO Life Insurance Company ($23,046 million assets and $2,610 million equity) covers the development and marketing of individual life, critical illness and annuity products as well as segregated funds. It also offers group creditor and travel insurance to bank customers in Canada. BMO…","(1) Balance sheet under regulatory scope does not include the following entities: BMO Life Insurance Company and BMO Reinsurance Limited. Insurance subsidiaries are included in the regulatory balance sheet using the equity method of accounting and are capitalized as significant investments in financials. BMO Life Insurance Company ($23,046 million assets and $2,610 million equity) covers the development and…"
"nomic-embed-v1.5","bmo-retrieval-069","What four operating segments does BMO use in its Q1 2026 supplemental information?","bmo-ed5dda6fe554f6377824","3","Suppq126","5","data/raw/Suppq126.pdf, p. 3","3","Operating Segment Results","data/raw/Suppq126.pdf","BMO reports financial results for its four operating segments, all of which are supported by Corporate Units and Technology and Operations (T&O) within Corporate Services. Operating segment results include allocations from Corporate Services for treasury-related revenue, corporate and T&O costs, and capital. For more information, see the ""How BMO Reports Operating Group Results"" section of the 2025 BMO Annual MD&A.","BMO reports financial results for its four operating segments, all of which are supported by Corporate Units and Technology and Operations (T&O) within Corporate Services. Operating segment results include allocations from Corporate Services for treasury-related revenue, corporate and T&O costs, and capital. For more information, see the ""How BMO Reports Operating Group Results"" section of the 2025 BMO Annual MD&A."
"nomic-embed-v1.5","bmo-retrieval-070","Why does BMO's Q1 2026 supplemental package present both reported and adjusted results?","bmo-bc4c98d33041974d0a12","3","Suppq126","8","data/raw/Suppq126.pdf, p. 3","3","Adjusted measures and ratios","data/raw/Suppq126.pdf","Management considers both reported and adjusted results and measures useful in assessing underlying ongoing business performance. Adjusted results and measures remove certain specified items from revenue, non-interest expense and income taxes, as detailed on page 2. Adjusted results and measures presented in this document are non-GAAP. Presenting results on both a reported basis and an adjusted basis permits readers to assess the impact of certain items on results for the periods presented, and to better assess results excluding those items that may not be reflective of ongoing business…","Management considers both reported and adjusted results and measures useful in assessing underlying ongoing business performance. Adjusted results and measures remove certain specified items from revenue, non-interest expense and income taxes, as detailed on page 2. Adjusted results and measures presented in this document are non-GAAP. Presenting results on both a reported basis and an adjusted basis permits readers…"
"nomic-embed-v1.5","bmo-retrieval-071","What businesses are excluded from the net interest margin measure in BMO's Q1 2026 supplement?","bmo-09bed7072130add46cbf","3","Suppq126","10","data/raw/Suppq126.pdf, p. 3","3","Net Interest Margin, excluding Global Markets and Insurance","data/raw/Suppq126.pdf","Effective the first quarter of fiscal 2026, we report net interest margin on a basis that excludes net interest income from our Global Markets business in Capital Markets, and average earning assets from our Global Markets and Insurance businesses. Management considers this measure to be useful in allowing readers to assess performance of BMO's lending, investing and deposit-raising activities without the volatility that may be associated with market and trading-related activities. This measure replaces Net Interest Margin, excluding trading and insurance previously disclosed, and prior…","Effective the first quarter of fiscal 2026, we report net interest margin on a basis that excludes net interest income from our Global Markets business in Capital Markets, and average earning assets from our Global Markets and Insurance businesses. Management considers this measure to be useful in allowing readers to assess performance of BMO's lending, investing and deposit-raising activities without the volatility…"
"nomic-embed-v1.5","bmo-retrieval-072","Which report and annual report should be read with the Q1 supplemental package?","bmo-caf5e580a0b472bc9d0c","3","Suppq126","2","data/raw/Suppq126.pdf, p. 3","3","Return on Equity by Operating Segment","data/raw/Suppq126.pdf","The supplemental information contained in this package is designed to improve the readers' understanding of the financial performance of BMO Financial Group (the Bank). This information should be used in conjunction with the Bank's First Quarter 2026 Report to Shareholders and the 2025 Annual Report available on the Canadian Securities Administrators' website at www.sedarplus.ca and BMO's website at www.bmo.com/investor relations.","The supplemental information contained in this package is designed to improve the readers' understanding of the financial performance of BMO Financial Group (the Bank). This information should be used in conjunction with the Bank's First Quarter 2026 Report to Shareholders and the 2025 Annual Report available on the Canadian Securities Administrators' website at www.sedarplus.ca and BMO's website at…"
"nomic-embed-v1.5","bmo-retrieval-073","What four operating segments does BMO use in its Q2 2026 supplemental information?","bmo-20158f1679b5f85fec72","3","Suppq226","5","data/raw/Suppq226.pdf, p. 3","3","Operating Segment Results","data/raw/Suppq226.pdf","BMO reports financial results for its four operating segments, all of which are supported by Corporate Units and Technology and Operations (T&O) within Corporate Services. Operating segment results include allocations from Corporate Services for treasury-related revenue, corporate and T&O costs, and capital. For more information, see the ""How BMO Reports Operating Group Results"" section of the 2025 BMO Annual MD&A.","BMO reports financial results for its four operating segments, all of which are supported by Corporate Units and Technology and Operations (T&O) within Corporate Services. Operating segment results include allocations from Corporate Services for treasury-related revenue, corporate and T&O costs, and capital. For more information, see the ""How BMO Reports Operating Group Results"" section of the 2025 BMO Annual MD&A."
"nomic-embed-v1.5","bmo-retrieval-074","Why does BMO's Q2 2026 supplemental package present both reported and adjusted results?","bmo-80f5f38e279e7e0ce03b","3","Suppq226","8","data/raw/Suppq226.pdf, p. 3","3","Adjusted measures and ratios","data/raw/Suppq226.pdf","Management considers both reported and adjusted results and measures useful in assessing underlying ongoing business performance. Adjusted results and measures remove certain specified items from revenue, non-interest expense and income taxes, as detailed on page 2. Adjusted results and measures presented in this document are non-GAAP. Presenting results on both a reported basis and an adjusted basis permits readers to assess the impact of certain items on results for the periods presented, and to better assess results excluding those items that may not be reflective of ongoing business…","Management considers both reported and adjusted results and measures useful in assessing underlying ongoing business performance. Adjusted results and measures remove certain specified items from revenue, non-interest expense and income taxes, as detailed on page 2. Adjusted results and measures presented in this document are non-GAAP. Presenting results on both a reported basis and an adjusted basis permits readers…"
"nomic-embed-v1.5","bmo-retrieval-075","What businesses are excluded from the net interest margin measure in BMO's Q2 2026 supplement?","bmo-474d4291746250dd9809","3","Suppq226","10","data/raw/Suppq226.pdf, p. 3","3","Net Interest Margin, excluding Global Markets and Insurance","data/raw/Suppq226.pdf","Effective the first quarter of fiscal 2026, we report net interest margin on a basis that excludes net interest income from our Global Markets business in Capital Markets, and average earning assets from our Global Markets and Insurance businesses. Management considers this measure to be useful in allowing readers to assess performance of BMO's lending, investing and deposit-raising activities without the volatility that may be associated with market and trading-related activities. This measure replaces Net Interest Margin, excluding trading and insurance previously disclosed, and prior…","Effective the first quarter of fiscal 2026, we report net interest margin on a basis that excludes net interest income from our Global Markets business in Capital Markets, and average earning assets from our Global Markets and Insurance businesses. Management considers this measure to be useful in allowing readers to assess performance of BMO's lending, investing and deposit-raising activities without the volatility…"
"nomic-embed-v1.5","bmo-retrieval-076","Which report and annual report should be read with the Q2 supplemental package?","bmo-c9b2c0fcbd3648e62fb2","3","Suppq226","2","data/raw/Suppq226.pdf, p. 3","3","Return on Equity by Operating Segment","data/raw/Suppq226.pdf","The supplemental information contained in this package is designed to improve the readers' understanding of the financial performance of BMO Financial Group (the Bank). This information should be used in conjunction with the Bank's Second Quarter 2026 Report to Shareholders and the 2025 Annual Report available on the Canadian Securities Administrators' website at www.sedarplus.ca and BMO's website at www.bmo.com/investor relations.","The supplemental information contained in this package is designed to improve the readers' understanding of the financial performance of BMO Financial Group (the Bank). This information should be used in conjunction with the Bank's Second Quarter 2026 Report to Shareholders and the 2025 Annual Report available on the Canadian Securities Administrators' website at www.sedarplus.ca and BMO's website at…"
"nomic-embed-v1.5","bmo-retrieval-077","What four operating segments does BMO use in its Q3 2026 supplemental information?","bmo-b744a42f03800223bbe0","3","SuppQ326","5","data/raw/SuppQ326.pdf, p. 3","3","Operating Segment Results","data/raw/SuppQ326.pdf","BMO reports financial results for its four operating segments, all of which are supported by Corporate Units and Technology and Operations (T&O) within Corporate Services. Operating segment results include allocations from Corporate Services for treasury-related revenue, corporate and T&O costs, and capital. For more information, see the ""How BMO Reports Operating Group Results"" section of the 2025 BMO Annual MD&A.","BMO reports financial results for its four operating segments, all of which are supported by Corporate Units and Technology and Operations (T&O) within Corporate Services. Operating segment results include allocations from Corporate Services for treasury-related revenue, corporate and T&O costs, and capital. For more information, see the ""How BMO Reports Operating Group Results"" section of the 2025 BMO Annual MD&A."
"nomic-embed-v1.5","bmo-retrieval-078","Why does BMO's Q3 2026 supplemental package present both reported and adjusted results?","bmo-76be7d88f338a9a8dacf","3","SuppQ326","8","data/raw/SuppQ326.pdf, p. 3","3","Adjusted measures and ratios","data/raw/SuppQ326.pdf","Management considers both reported and adjusted results and measures useful in assessing underlying ongoing business performance. Adjusted results and measures remove certain specified items from revenue, non-interest expense and income taxes, as detailed on page 2. Adjusted results and measures presented in this document are non-GAAP. Presenting results on both a reported basis and an adjusted basis permits readers to assess the impact of certain items on results for the periods presented, and to better assess results excluding those items that may not be reflective of ongoing business…","Management considers both reported and adjusted results and measures useful in assessing underlying ongoing business performance. Adjusted results and measures remove certain specified items from revenue, non-interest expense and income taxes, as detailed on page 2. Adjusted results and measures presented in this document are non-GAAP. Presenting results on both a reported basis and an adjusted basis permits readers…"
"nomic-embed-v1.5","bmo-retrieval-079","What businesses are excluded from the net interest margin measure in BMO's Q3 2026 supplement?","bmo-c642804b854d7c55939b","3","SuppQ326","10","data/raw/SuppQ326.pdf, p. 3","3","Net Interest Margin, excluding Global Markets and Insurance","data/raw/SuppQ326.pdf","Effective the first quarter of fiscal 2026, we report net interest margin on a basis that excludes net interest income from our Global Markets business in Capital Markets, and average earning assets from our Global Markets and Insurance businesses. Management considers this measure to be useful in allowing readers to assess performance of BMO's lending, investing and deposit-raising activities without the volatility that may be associated with market and trading-related activities. This measure replaces Net Interest Margin, excluding trading and insurance previously disclosed, and prior…","Effective the first quarter of fiscal 2026, we report net interest margin on a basis that excludes net interest income from our Global Markets business in Capital Markets, and average earning assets from our Global Markets and Insurance businesses. Management considers this measure to be useful in allowing readers to assess performance of BMO's lending, investing and deposit-raising activities without the volatility…"
"nomic-embed-v1.5","bmo-retrieval-080","Which report and annual report should be read with the Q3 supplemental package?","bmo-dfd353eaf3be553105c7","3","SuppQ326","2","data/raw/SuppQ326.pdf, p. 3","3","Return on Equity by Operating Segment","data/raw/SuppQ326.pdf","The supplemental information contained in this package is designed to improve the readers' understanding of the financial performance of BMO Financial Group (the Bank). This information should be used in conjunction with the Bank's Third Quarter 2026 Report to Shareholders and the 2025 Annual Report available on the Canadian Securities Administrators' website at www.sedarplus.ca and BMO's website at www.bmo.com/investor relations.","The supplemental information contained in this package is designed to improve the readers' understanding of the financial performance of BMO Financial Group (the Bank). This information should be used in conjunction with the Bank's Third Quarter 2026 Report to Shareholders and the 2025 Annual Report available on the Canadian Securities Administrators' website at www.sedarplus.ca and BMO's website at…"
"nomic-embed-v1.5","bmo-retrieval-081","How does BMO connect its sustainability priorities to growth and risk management?","bmo-6a5eefe9e1c937d5d9de","3","sustainability_and_climate_report_interactive","7","data/raw/sustainability_and_climate_report_interactive.pdf, p. 3","3","Message from the Executive Committee Sponsor for Sustainability","data/raw/sustainability_and_climate_report_interactive.pdf","At BMO, our strategy is anchored in what sets us apart: world-class client experiences, our Winning Culture, digital-first and AI-enabled capabilities, and a longstanding commitment to superior risk management. Our Purpose, to Boldly Grow the Good in business and life powers our work and our commitment to creating opportunities for a thriving economy, a sustainable future and stronger communities. Our sustainability priorities represent opportunities for growth and are also an essential part of managing our risk. We are mobilizing expertise, platforms and capital across the bank to navigate…","At BMO, our strategy is anchored in what sets us apart: world-class client experiences, our Winning Culture, digital-first and AI-enabled capabilities, and a longstanding commitment to superior risk management. Our Purpose, to Boldly Grow the Good in business and life powers our work and our commitment to creating opportunities for a thriving economy, a sustainable future and stronger communities. Our sustainability…"
"nomic-embed-v1.5","bmo-retrieval-082","What does BMO disclose about responsible artificial intelligence?","bmo-1c2f9c64cacc978b8bf0","3","sustainability_and_climate_report_interactive","151","data/raw/sustainability_and_climate_report_interactive.pdf, p. 24","24","Sustainability Governance | Responsible artificial intelligence","data/raw/sustainability_and_climate_report_interactive.pdf","These principles were developed with input from Legal, Sustainability, Risk, Data Science, Responsible AI, Security and Privacy teams. They are informed by recognized ethical AI standards and frameworks, including those of the European Commission's High-Level Expert Group on AI, the National Institute of Standards and Technology (NIST), the IEEE Standards Association, Canada's Office of the Superintendent of Financial Institutions (OSFI), the United Nations Educational, Scientific and Cultural Organization (UNESCO), the International Organization for Standardization (ISO), and the…","These principles were developed with input from Legal, Sustainability, Risk, Data Science, Responsible AI, Security and Privacy teams. They are informed by recognized ethical AI standards and frameworks, including those of the European Commission's High-Level Expert Group on AI, the National Institute of Standards and Technology (NIST), the IEEE Standards Association, Canada's Office of the Superintendent of…"
"nomic-embed-v1.5","bmo-retrieval-083","What does BMO report about Indigenous partnerships?","bmo-938305cb8b60d7e4ca75","3","sustainability_and_climate_report_interactive","361","data/raw/sustainability_and_climate_report_interactive.pdf, p. 68","68","Indigenous partnerships","data/raw/sustainability_and_climate_report_interactive.pdf","We are deepening our long-standing partnerships with Indigenous communities by supporting economic empowerment through tailored financial services, employment and education.","We are deepening our long-standing partnerships with Indigenous communities by supporting economic empowerment through tailored financial services, employment and education."
"nomic-embed-v1.5","bmo-retrieval-084","How does BMO describe its financed-emissions measurement and targets?","bmo-0736508fae55a8cbf015","3","sustainability_and_climate_report_interactive","303","data/raw/sustainability_and_climate_report_interactive.pdf, p. 57","57","Financed emissions and targets in select sectors","data/raw/sustainability_and_climate_report_interactive.pdf","When setting targets, we follow a sector-based approach that is informed by the UNEP FI Guidelines for Climate Target Setting for Banks (the UNEP FI Guidelines) and considers local laws and regulations. Our approach includes: - Metric selection - We emphasize physical carbon intensity metrics for targetsetting to align with industry-accepted methodologies and to allow for easier comparison of clients of different sizes in a sector. Where applicable, we use metrics that reflect actions that result in sectoral carbon intensity reductions. - GHG emissions reduction pathways - Our targets are…","When setting targets, we follow a sector-based approach that is informed by the UNEP FI Guidelines for Climate Target Setting for Banks (the UNEP FI Guidelines) and considers local laws and regulations. Our approach includes: - Metric selection - We emphasize physical carbon intensity metrics for targetsetting to align with industry-accepted methodologies and to allow for easier comparison of clients of different…"
"nomic-embed-v1.5","bmo-retrieval-085","Who welcomed attendees to BMO's 2026 Investor Day and what anniversary did she mention?","bmo-4a315909f5190777a213","3","transcript_2026BMOInvestoDayTranscript","22","data/raw/transcript_2026BMOInvestoDayTranscript.pdf, p. 2","2","Christine Viau - Bank of Montreal - Head of Investor Relations","data/raw/transcript_2026BMOInvestoDayTranscript.pdf","Well, good morning, everyone. On behalf of BMO's executive team, it is my pleasure to welcome you to BMO's 2026 Investor Day. I'm Christine Viau, Head of Investor Relations. This year I'll be celebrating my 30th anniversary with BMO, and 10 of those I've had the privilege of serving in Investor Relations. It's just so wonderful to see so many of you in the room today.","Well, good morning, everyone. On behalf of BMO's executive team, it is my pleasure to welcome you to BMO's 2026 Investor Day. I'm Christine Viau, Head of Investor Relations. This year I'll be celebrating my 30th anniversary with BMO, and 10 of those I've had the privilege of serving in Investor Relations. It's just so wonderful to see so many of you in the room today."
"nomic-embed-v1.5","bmo-retrieval-086","Where did BMO host its 2026 Investor Day?","bmo-5e32b23d7f94acdf3d0f","3","transcript_2026BMOInvestoDayTranscript","29","data/raw/transcript_2026BMOInvestoDayTranscript.pdf, p. 2","2","Darryl White - Bank of Montreal - CEO","data/raw/transcript_2026BMOInvestoDayTranscript.pdf","We're pleased to host you here at our flagship learning and development ecosystem in the heart of downtown Toronto. This space was, in fact designed to bring colleagues and clients together, to collaborate, to learn and to connect. Because as you've just seen in the video and as you'll see over the course of today, we are building a stronger, a more connected, and a future ready bank. Let me start by saying thank you to all of you for taking the better part of your day, whether you're here in the room or you're online and spending your time with us.","We're pleased to host you here at our flagship learning and development ecosystem in the heart of downtown Toronto. This space was, in fact designed to bring colleagues and clients together, to collaborate, to learn and to connect. Because as you've just seen in the video and as you'll see over the course of today, we are building a stronger, a more connected, and a future ready bank. Let me start by saying thank…"
"nomic-embed-v1.5","bmo-retrieval-087","What sustainable ROE objective did Darryl White describe at Investor Day?","bmo-7f38e02c7575e5d3628c","3","transcript_2026BMOInvestoDayTranscript","36","data/raw/transcript_2026BMOInvestoDayTranscript.pdf, p. 3","3","March 26, 2026 / 8:00AM, 2026 BMO Investor Day","data/raw/transcript_2026BMOInvestoDayTranscript.pdf","So taken together, these strategies are designed to elevate returns and accelerate growth. We're executing on this combination with pace to deliver differentiated value for you, our shareholders. Sustainable ROE of 15% plus and resilient and profitable earnings growth, that's what you will hear today. BMO's strategy is long term, and it's built for success across a range of economic outcomes. And I think it is important to recognize today that the rapidly evolving geopolitical environment in which our clients work, in which we work is indeed very dynamic.","So taken together, these strategies are designed to elevate returns and accelerate growth. We're executing on this combination with pace to deliver differentiated value for you, our shareholders. Sustainable ROE of 15% plus and resilient and profitable earnings growth, that's what you will hear today. BMO's strategy is long term, and it's built for success across a range of economic outcomes. And I think it is…"
"nomic-embed-v1.5","bmo-retrieval-088","How does BMO define the time horizon and basis for its medium-term targets?","bmo-64c1d7f5cea739cc1985","3","transcript_2026BMOInvestoDayTranscript","19","data/raw/transcript_2026BMOInvestoDayTranscript.pdf, p. 1","1","Non-GAAP Measures and Other Financial Measures","data/raw/transcript_2026BMOInvestoDayTranscript.pdf","Medium-term targets in this document are generally defined as Fiscal 2028 unless otherwise stated, and performance is measured on an adjusted basis. These targets assume a normal business operating environment and credit cycle and have inherent risk and uncertainties and excludes the impact of the announced sale of 138 financial centres to First Citizens Bank. Our ability to achieve them in a period may be adversely affected by the macroeconomic backdrop and the cyclical nature of the credit cycle.","Medium-term targets in this document are generally defined as Fiscal 2028 unless otherwise stated, and performance is measured on an adjusted basis. These targets assume a normal business operating environment and credit cycle and have inherent risk and uncertainties and excludes the impact of the announced sale of 138 financial centres to First Citizens Bank. Our ability to achieve them in a period may be adversely…"
"nomic-embed-v1.5","bmo-retrieval-089","What reported and adjusted net income did BMO announce for Q2 2026?","bmo-a76a7cd622e8b0430ce5","3","2026-05-27-BMO-Financial-Group-Reports-Second-Quarter-2026-Results-ed105dc24d","1","https://newsroom.bmo.com/2026-05-27-BMO-Financial-Group-Reports-Second-Quarter-2026-Results","","BMO Financial Group Reports Second Quarter 2026 Results | Second Quarter 2026 compared with Second Quarter 2025:","https://newsroom.bmo.com/2026-05-27-BMO-Financial-Group-Reports-Second-Quarter-2026-Results","Reported net income 1 of $2,630 million, an increase of 34% from $1,962 million; adjusted net income 1 of $2,733 million, an increase of 34% from $2,046 million Reported earnings per share (EPS) 2 of $3.53, an increase of 41% from $2.50; adjusted EPS 1, 2 of $3.67, an increase of 40% from $2.62 Provision for credit losses (PCL) of $739 million, a decrease from $1,054 million Reported return on equity (ROE) of 13.0%, compared with 9.4%; adjusted ROE 1 of 13.5%, compared with 9.8% Common Equity Tier 1 (CET1) Ratio 3 of 13.0%, compared with 13.5% Declared a quarterly dividend of $1.71 per common…","Reported net income 1 of $2,630 million, an increase of 34% from $1,962 million; adjusted net income 1 of $2,733 million, an increase of 34% from $2,046 million Reported earnings per share (EPS) 2 of $3.53, an increase of 41% from $2.50; adjusted EPS 1, 2 of $3.67, an increase of 40% from $2.62 Provision for credit losses (PCL) of $739 million, a decrease from $1,054 million Reported return on equity (ROE) of 13.0%,…"
"nomic-embed-v1.5","bmo-retrieval-090","How did BMO's U.S. Banking business perform in Q2 2026?","bmo-08fdf54f45dfb23a46e0","3","2026-05-27-BMO-Financial-Group-Reports-Second-Quarter-2026-Results-ed105dc24d","9","https://newsroom.bmo.com/2026-05-27-BMO-Financial-Group-Reports-Second-Quarter-2026-Results","","BMO Financial Group Reports Second Quarter 2026 Results | U.S. Banking","https://newsroom.bmo.com/2026-05-27-BMO-Financial-Group-Reports-Second-Quarter-2026-Results","Reported net income was $790 million, an increase of $189 million or 32% from the prior year, and adjusted net income was $847 million, an increase of $172 million or 25%. The impact of the weaker U.S. dollar decreased net income by 5%, revenue by 4% and expenses by 3%. On a U.S. dollar basis, reported net income was $575 million, an increase of $154 million or 37% from the prior year, and adjusted net income was $616 million, an increase of $143 million or 30%, primarily due to a 5% increase in revenue and a lower provision for credit losses, with expenses relatively unchanged from the prior…","Reported net income was $790 million, an increase of $189 million or 32% from the prior year, and adjusted net income was $847 million, an increase of $172 million or 25%. The impact of the weaker U.S. dollar decreased net income by 5%, revenue by 4% and expenses by 3%. On a U.S. dollar basis, reported net income was $575 million, an increase of $154 million or 37% from the prior year, and adjusted net income was…"
"nomic-embed-v1.5","bmo-retrieval-091","When was BMO's Q2 2026 conference call and webcast scheduled?","bmo-f84bb52b0f3e1e525352","3","2026-05-27-BMO-Financial-Group-Reports-Second-Quarter-2026-Results-ed105dc24d","39","https://newsroom.bmo.com/2026-05-27-BMO-Financial-Group-Reports-Second-Quarter-2026-Results","","BMO Financial Group Reports Second Quarter 2026 Results | Quarterly Conference Call and Webcast Presentations","https://newsroom.bmo.com/2026-05-27-BMO-Financial-Group-Reports-Second-Quarter-2026-Results","Interested parties are also invited to listen to our quarterly conference call on Wednesday, May 27, 2026, at 8:15 a.m. (ET). The call may be accessed by telephone at 647-557-5533 (from within Toronto) or 1-888-440-4121 (toll-free outside Toronto), entering Passcode: 89709#. A replay of the conference call can be accessed until June 27, 2026, by calling 647-362-9199 (from within Toronto) or 1-800-770-2030 (toll-free outside Toronto) and entering Passcode: 89709#. A live webcast of the call can be accessed on our website at www.bmo.com/investorrelations . A replay can also be accessed on the…","Interested parties are also invited to listen to our quarterly conference call on Wednesday, May 27, 2026, at 8:15 a.m. (ET). The call may be accessed by telephone at 647-557-5533 (from within Toronto) or 1-888-440-4121 (toll-free outside Toronto), entering Passcode: 89709#. A replay of the conference call can be accessed until June 27, 2026, by calling 647-362-9199 (from within Toronto) or 1-800-770-2030 (toll-free…"
"nomic-embed-v1.5","bmo-retrieval-092","Which quarterly investor materials does BMO's 2026 financial-information page provide?","bmo-85cbbfc9c5e36fba1aa2","3","financial-information-c5dc87e0c5","1","https://www.bmo.com/main/about-bmo/banking/investor-relations/financial-information#2026","","Financial Information | Quarterly Results","https://www.bmo.com/main/about-bmo/banking/investor-relations/financial-information#2026","Select Year: Financial Information Financial Information Q1 Q2 Q3 Q4 Earnings Release Q1 Learn More Q2 Learn More Q3 Learn More Q4 Download PDF Download PDF Report to shareholders Q1 Download PDF Q2 Download PDF Q3 Download PDF Q4 Supplementary Information Q1 Download PDFDownload Excel File Q2 Download PDFDownload Excel File Q3 Download PDFDownload Excel File Q4 Download PDFDownload Excel File Download PDFDownload Excel File Corporate Fact Sheet Q1 Download PDF Q2 Download PDF Q3 Download PDF Q4 Download PDF Presentation Presentation Q1 Q2 Q3 Q4 Quarterly Presentation Q1 Download PDF Q2…","Select Year: Financial Information Financial Information Q1 Q2 Q3 Q4 Earnings Release Q1 Learn More Q2 Learn More Q3 Learn More Q4 Download PDF Download PDF Report to shareholders Q1 Download PDF Q2 Download PDF Q3 Download PDF Q4 Supplementary Information Q1 Download PDFDownload Excel File Q2 Download PDFDownload Excel File Q3 Download PDFDownload Excel File Q4 Download PDFDownload Excel File Download PDFDownload…"
"nomic-embed-v1.5","bmo-retrieval-093","What historical IFRS information did BMO release on February 7, 2014?","bmo-85cbbfc9c5e36fba1aa2","3","financial-information-c5dc87e0c5","1","https://www.bmo.com/main/about-bmo/banking/investor-relations/financial-information#2026","","Financial Information | Quarterly Results","https://www.bmo.com/main/about-bmo/banking/investor-relations/financial-information#2026","Select Year: Financial Information Financial Information Q1 Q2 Q3 Q4 Earnings Release Q1 Learn More Q2 Learn More Q3 Learn More Q4 Download PDF Download PDF Report to shareholders Q1 Download PDF Q2 Download PDF Q3 Download PDF Q4 Supplementary Information Q1 Download PDFDownload Excel File Q2 Download PDFDownload Excel File Q3 Download PDFDownload Excel File Q4 Download PDFDownload Excel File Download PDFDownload Excel File Corporate Fact Sheet Q1 Download PDF Q2 Download PDF Q3 Download PDF Q4 Download PDF Presentation Presentation Q1 Q2 Q3 Q4 Quarterly Presentation Q1 Download PDF Q2…","Select Year: Financial Information Financial Information Q1 Q2 Q3 Q4 Earnings Release Q1 Learn More Q2 Learn More Q3 Learn More Q4 Download PDF Download PDF Report to shareholders Q1 Download PDF Q2 Download PDF Q3 Download PDF Q4 Supplementary Information Q1 Download PDFDownload Excel File Q2 Download PDFDownload Excel File Q3 Download PDFDownload Excel File Q4 Download PDFDownload Excel File Download PDFDownload…"
"nomic-embed-v1.5","bmo-retrieval-094","Where does BMO direct investors for quarterly reports, presentations and transcripts?","bmo-85cbbfc9c5e36fba1aa2","3","financial-information-c5dc87e0c5","1","https://www.bmo.com/main/about-bmo/banking/investor-relations/financial-information#2026","","Financial Information | Quarterly Results","https://www.bmo.com/main/about-bmo/banking/investor-relations/financial-information#2026","Select Year: Financial Information Financial Information Q1 Q2 Q3 Q4 Earnings Release Q1 Learn More Q2 Learn More Q3 Learn More Q4 Download PDF Download PDF Report to shareholders Q1 Download PDF Q2 Download PDF Q3 Download PDF Q4 Supplementary Information Q1 Download PDFDownload Excel File Q2 Download PDFDownload Excel File Q3 Download PDFDownload Excel File Q4 Download PDFDownload Excel File Download PDFDownload Excel File Corporate Fact Sheet Q1 Download PDF Q2 Download PDF Q3 Download PDF Q4 Download PDF Presentation Presentation Q1 Q2 Q3 Q4 Quarterly Presentation Q1 Download PDF Q2…","Select Year: Financial Information Financial Information Q1 Q2 Q3 Q4 Earnings Release Q1 Learn More Q2 Learn More Q3 Learn More Q4 Download PDF Download PDF Report to shareholders Q1 Download PDF Q2 Download PDF Q3 Download PDF Q4 Supplementary Information Q1 Download PDFDownload Excel File Q2 Download PDFDownload Excel File Q3 Download PDFDownload Excel File Q4 Download PDFDownload Excel File Download PDFDownload…"
"nomic-embed-v1.5","bmo-retrieval-095","When and where was BMO Investor Day 2026 held?","bmo-c9b091cce1e982c5b92f","3","investor-day-2026-609c901e12","0","https://www.bmo.com/en-ca/main/about-bmo/banking/investor-relations/investor-day-2026/","","BMO Investor Day | March 26 th 2026 | 8:00 a.m - 2:00 p.m. ET | 📍Toronto, ON","https://www.bmo.com/en-ca/main/about-bmo/banking/investor-relations/investor-day-2026/","Watch Webcast View Presentation Presenter Biographies View Transcript","Watch Webcast View Presentation Presenter Biographies View Transcript"
"nomic-embed-v1.5","bmo-retrieval-096","Who presented the U.S. Banking session at BMO Investor Day 2026?","bmo-fd030d0b40b8e057ec54","3","investor-day-2026-609c901e12","1","https://www.bmo.com/en-ca/main/about-bmo/banking/investor-relations/investor-day-2026/","","BMO Investor Day | Agenda","https://www.bmo.com/en-ca/main/about-bmo/banking/investor-relations/investor-day-2026/","| ### Session | ### Presenter | | --- | --- | | Introduction | Christine Viau, Head, Investor relations | | Strategic Overview | Darryl White, Chief Executive Officer, BMO Financial Group | | U.S. Banking | Aron Levine, President, BMO U.S. and Group Head. BMO U.S Banking | | Capital Markets | Alan Tannenbaum, CEO & Group Head, BMO Capital Markets | | Q&A Session | | | Break | | | North American Treasury & Payment Solutions Canadian Commercial Banking | Sharon Haward-Laird, Group Head, Canadian Commercial Banking & North American Integrated Solutions, and Co-Head Canadian Personal & Commercial…","| ### Session | ### Presenter | | --- | --- | | Introduction | Christine Viau, Head, Investor relations | | Strategic Overview | Darryl White, Chief Executive Officer, BMO Financial Group | | U.S. Banking | Aron Levine, President, BMO U.S. and Group Head. BMO U.S Banking | | Capital Markets | Alan Tannenbaum, CEO & Group Head, BMO Capital Markets | | Q&A Session | | | Break | | | North American Treasury & Payment…"
"nomic-embed-v1.5","bmo-retrieval-097","Who presented the Risk and Financial Overview at BMO Investor Day 2026?","bmo-fd030d0b40b8e057ec54","3","investor-day-2026-609c901e12","1","https://www.bmo.com/en-ca/main/about-bmo/banking/investor-relations/investor-day-2026/","","BMO Investor Day | Agenda","https://www.bmo.com/en-ca/main/about-bmo/banking/investor-relations/investor-day-2026/","| ### Session | ### Presenter | | --- | --- | | Introduction | Christine Viau, Head, Investor relations | | Strategic Overview | Darryl White, Chief Executive Officer, BMO Financial Group | | U.S. Banking | Aron Levine, President, BMO U.S. and Group Head. BMO U.S Banking | | Capital Markets | Alan Tannenbaum, CEO & Group Head, BMO Capital Markets | | Q&A Session | | | Break | | | North American Treasury & Payment Solutions Canadian Commercial Banking | Sharon Haward-Laird, Group Head, Canadian Commercial Banking & North American Integrated Solutions, and Co-Head Canadian Personal & Commercial…","| ### Session | ### Presenter | | --- | --- | | Introduction | Christine Viau, Head, Investor relations | | Strategic Overview | Darryl White, Chief Executive Officer, BMO Financial Group | | U.S. Banking | Aron Levine, President, BMO U.S. and Group Head. BMO U.S Banking | | Capital Markets | Alan Tannenbaum, CEO & Group Head, BMO Capital Markets | | Q&A Session | | | Break | | | North American Treasury & Payment…"
"nomic-embed-v1.5","bmo-retrieval-098","What fiscal year and SEC commission file number are shown on BMO's 2025 Form 40-F?","bmo-86de5380da2ca7c73681","3","d938207d40f-e11c68d11f","222","https://www.sec.gov/Archives/edgar/data/927971/000119312525307982/d938207d40f.htm","","40-F | 40-F","https://www.sec.gov/Archives/edgar/data/927971/000119312525307982/d938207d40f.htm","[Check one] ☐Registration statement pursuant to Section 12 of the Securities Exchange Act of 1934 or ☒Annual report pursuant to Section 13(a) or 15(d) of the Securities Exchange Act of 1934 For the fiscal year ended October 31, 2025 Commi ssion File Number 001-13354","[Check one] ☐Registration statement pursuant to Section 12 of the Securities Exchange Act of 1934 or ☒Annual report pursuant to Section 13(a) or 15(d) of the Securities Exchange Act of 1934 For the fiscal year ended October 31, 2025 Commi ssion File Number 001-13354"
"nomic-embed-v1.5","bmo-retrieval-099","What is Bank of Montreal's U.S. agent-for-service address?","bmo-8dba53047b757f9571f9","3","d938207d40f-e11c68d11f","223","https://www.sec.gov/Archives/edgar/data/927971/000119312525307982/d938207d40f.htm","","40-F | BANK OF MONTREAL","https://www.sec.gov/Archives/edgar/data/927971/000119312525307982/d938207d40f.htm","(Exact name of Registrant as specified in its charter) Not Applicable (Translation of Registrant’s name into English (if applicable)) Canada (Province or other jurisdiction of incorporation or organization) 6029 (Primary Standard Industrial Classification Code Number (if applicable)) 13-4941092 (I.R.S. Employer Identification Number (if applicable)) 100 King Street West, 1 First Canadian Place, Toronto, Ontario, Canada M5X 1A1 (416-867-6785) (Address and telephone number of Registrant’s principal executive offices) Sajida Ali, Bank of Montreal, 320 S. Canal Street, 7th Floor, Chicago,…","(Exact name of Registrant as specified in its charter) Not Applicable (Translation of Registrant’s name into English (if applicable)) Canada (Province or other jurisdiction of incorporation or organization) 6029 (Primary Standard Industrial Classification Code Number (if applicable)) 13-4941092 (I.R.S. Employer Identification Number (if applicable)) 100 King Street West, 1 First Canadian Place, Toronto, Ontario,…"
"nomic-embed-v1.5","bmo-retrieval-100","How many BMO common shares were outstanding at the end of the Form 40-F period?","bmo-6442b282aebd58b3adc8","3","d938207d40f-e11c68d11f","224","https://www.sec.gov/Archives/edgar/data/927971/000119312525307982/d938207d40f.htm","","40-F | BANK OF MONTREAL","https://www.sec.gov/Archives/edgar/data/927971/000119312525307982/d938207d40f.htm","Indicate the number of outstanding shares of each of the issuer’s classes of capital or common stock as of the close of the period covered by the annual report. Common Shares 708,905,679 Class B Preferred Shares Series 44 (Non-Viability Contingent Capital (NVCC))16,000,000 Class B Preferred Shares Series 48 (Non-Viability Contingent Capital (NVCC)) 1 1,250,000 Class B Preferred Shares Series 49 (Non-Viability Contingent Capital (NVCC))750,000 Class B Preferred Shares Series 50 (Non-Viability Contingent Capital (NVCC))500,000 Class B Preferred Shares Series 51 (Non-Viability Contingent Capital…","Indicate the number of outstanding shares of each of the issuer’s classes of capital or common stock as of the close of the period covered by the annual report. Common Shares 708,905,679 Class B Preferred Shares Series 44 (Non-Viability Contingent Capital (NVCC))16,000,000 Class B Preferred Shares Series 48 (Non-Viability Contingent Capital (NVCC)) 1 1,250,000 Class B Preferred Shares Series 49 (Non-Viability…"
"nomic-embed-v1.5","bmo-retrieval-101","Using only 2026BFCBBNAStressTest, what entities are included when the stress-test disclosure refers to the Companies?","bmo-44473ae94563f55097cb","3","2026BFCBBNAStressTest","1","data/raw/2026BFCBBNAStressTest.pdf, p. 2","2","Overview","data/raw/2026BFCBBNAStressTest.pdf","BMO Financial Corp. (BFC), a U.S. Intermediate Holding Company (IHC), is a wholly-owned subsidiary of Bank of Montreal (BMO) and is regulated by the Board of Governors of the Federal Reserve System (FRB). BFC's wholly-owned principal banking subsidiary, BMO Bank N.A. (BBNA), is regulated by the Office of the Comptroller of the Currency (OCC) and the Federal Deposit Insurance Corporation. BFC and BBNA are collectively referred to as ""the Companies.""","BMO Financial Corp. (BFC), a U.S. Intermediate Holding Company (IHC), is a wholly-owned subsidiary of Bank of Montreal (BMO) and is regulated by the Board of Governors of the Federal Reserve System (FRB). BFC's wholly-owned principal banking subsidiary, BMO Bank N.A. (BBNA), is regulated by the Office of the Comptroller of the Currency (OCC) and the Federal Deposit Insurance Corporation. BFC and BBNA are…"
"nomic-embed-v1.5","bmo-retrieval-102","Verify and cite the exact passage: How severe is the housing and commercial-real-estate shock in the 2026 severely adverse scenario?","bmo-631d9d3b243acfdd2199","3","2026BFCBBNAStressTest","10","data/raw/2026BFCBBNAStressTest.pdf, p. 3","3","Scenario Overview","data/raw/2026BFCBBNAStressTest.pdf","The 2026 Supervisory Severely Adverse scenario features a sharp deterioration in economic and financial conditions, including a rise in U.S. unemployment to about 10%, heightened market volatility, and significant asset price decline, for instance taking roughly a 30% drop in housing prices and a 39% decline in commercial real estate prices. Corporate bond spreads widen substantially, reflecting tighter financial conditions. Additionally, banks with large trading operations must incorporate global market shocks and the potential default of major counterparties, ensuring that trading and…","The 2026 Supervisory Severely Adverse scenario features a sharp deterioration in economic and financial conditions, including a rise in U.S. unemployment to about 10%, heightened market volatility, and significant asset price decline, for instance taking roughly a 30% drop in housing prices and a 39% decline in commercial real estate prices. Corporate bond spreads widen substantially, reflecting tighter financial…"
"nomic-embed-v1.5","bmo-retrieval-103","Retrieval check — What were BFC's actual and minimum stressed CET1 capital ratios through Q1 2028?","bmo-ab2c02839076b6601971","3","2026BFCBBNAStressTest","11","data/raw/2026BFCBBNAStressTest.pdf, p. 3","3","Scenario Estimates","data/raw/2026BFCBBNAStressTest.pdf","BFC/BBNA Projected Stressed Capital Ratios through Q1 2028 Ratio BFC BBNA Actual Q4 2025 Stressed Capital Ratios † Actual Q4 2025 Stressed Capital Ratios Ending Minimum Ending Minimum Common Equity Tier 1 capital ratio 14.0% 12.0% 12.0% 14.7% 13.7% 13.7% Tier 1 risk-based capital ratio 14.7% 12.8% 12.8% 14.8% 13.8% 13.7% Total risk-based capital ratio 16.3% 14.2% 14.2% 16.0% 15.0% 15.0% Tier 1 Leverage ratio 11.3% 9.7% 9.7% 11.1% 10.5% 10.3% Supplementary Leverage Ratio 9.1% 8.4% 8.4% 9.5% 9.1% 9.1%","BFC/BBNA Projected Stressed Capital Ratios through Q1 2028 Ratio BFC BBNA Actual Q4 2025 Stressed Capital Ratios † Actual Q4 2025 Stressed Capital Ratios Ending Minimum Ending Minimum Common Equity Tier 1 capital ratio 14.0% 12.0% 12.0% 14.7% 13.7% 13.7% Tier 1 risk-based capital ratio 14.7% 12.8% 12.8% 14.8% 13.8% 13.7% Total risk-based capital ratio 16.3% 14.2% 14.2% 16.0% 15.0% 15.0% Tier 1 Leverage ratio 11.3%…"
"nomic-embed-v1.5","bmo-retrieval-104","I need the precise period and units. Which major risk types are captured in the Companies' capital adequacy stress test?","bmo-d7d66dabab50189c6d3c","3","2026BFCBBNAStressTest","19","data/raw/2026BFCBBNAStressTest.pdf, p. 6","6","Material Risks Captured in the Stress Test","data/raw/2026BFCBBNAStressTest.pdf","- Credit and Counterparty Risk: Credit and counterparty risk is the potential for loss due to the failure of a borrower, endorser, guarantor, or counterparty to repay a loan or honor another predetermined financial obligation. Credit and counterparty risk underlies every lending activity that the Companies enter into, and also arises in the transacting of trading and other capital markets products and the holding of investment securities. - Market Risk: Market risk is the risk to an institution's capital and earnings arising from adverse changes in market variables that affect the…","- Credit and Counterparty Risk: Credit and counterparty risk is the potential for loss due to the failure of a borrower, endorser, guarantor, or counterparty to repay a loan or honor another predetermined financial obligation. Credit and counterparty risk underlies every lending activity that the Companies enter into, and also arises in the transacting of trading and other capital markets products and the holding of…"
"nomic-embed-v1.5","bmo-retrieval-105","In the supplied corpus, what powers can CDIC exercise if BMO has ceased or is about to cease to be viable?","bmo-e903ed7aea90771fca6a","3","Bail_In_TLAC_Disclosure","0","data/raw/Bail_In_TLAC_Disclosure.pdf, p. 1","1","Canadian Bank Resolution Powers Including Bail-in","data/raw/Bail_In_TLAC_Disclosure.pdf","Under Canadian bank resolution powers, the Canada Deposit Insurance Corporation (' CDIC ') may, in circumstances where the Bank has ceased, or is about to cease, to be viable, assume temporary control or ownership of the Bank and may be granted broad powers by one or more orders of the Governor in Council ( Canada ), each of which we refer to as an ' Order ,' including the power to sell or dispose of all or a part of the assets of the Bank, and the power to carry out or cause the Bank to carry out a transaction or a series of transactions the purpose of which is to restructure the business of…","Under Canadian bank resolution powers, the Canada Deposit Insurance Corporation (' CDIC ') may, in circumstances where the Bank has ceased, or is about to cease, to be viable, assume temporary control or ownership of the Bank and may be granted broad powers by one or more orders of the Governor in Council ( Canada ), each of which we refer to as an ' Order ,' including the power to sell or dispose of all or a part…"
"nomic-embed-v1.5","bmo-retrieval-106","Using only Bail In TLAC Disclosure, who determines the timing and terms of a bail-in conversion?","bmo-b7fd74405d08fed93eb6","3","Bail_In_TLAC_Disclosure","32","data/raw/Bail_In_TLAC_Disclosure.pdf, p. 6","6","The number of common shares to be issued in connection with, and the number of common shares that will be outstanding following, a bail-in conversion are unknown. It is also unknown whether the shares to be issued will be those of the Bank or one of its affiliates.","data/raw/Bail_In_TLAC_Disclosure.pdf","Under the bail-in regime there is no fixed and pre-determined contractual conversion ratio for the conversion of the bail-inable notes, or other shares or liabilities of the Bank that are subject to a bail-in conversion, into common shares of the Bank or any of its affiliates, nor are there specific requirements regarding whether liabilities subject to a bail-in conversion are converted into common shares of the Bank or any of its affiliates. CDIC determines the timing of the bail-in conversion, the portion of bail-inable shares and liabilities to be converted and the terms and conditions of…","Under the bail-in regime there is no fixed and pre-determined contractual conversion ratio for the conversion of the bail-inable notes, or other shares or liabilities of the Bank that are subject to a bail-in conversion, into common shares of the Bank or any of its affiliates, nor are there specific requirements regarding whether liabilities subject to a bail-in conversion are converted into common shares of the…"
"nomic-embed-v1.5","bmo-retrieval-107","Verify and cite the exact passage: Which holders can use the CDIC Act compensation process after a bail-in conversion?","bmo-ebc32f7a6e993136c366","3","Bail_In_TLAC_Disclosure","13","data/raw/Bail_In_TLAC_Disclosure.pdf, p. 3","3","Compensation Regime","data/raw/Bail_In_TLAC_Disclosure.pdf","The CDIC Act provides for a compensation process for holders of bail-inable notes who immediately prior to the making of an Order, directly or through an intermediary, own bail-inable notes that are converted in a bail-in conversion. While this process applies to successors of those holders it does not apply to assignees or transferees of the holder following the making of the Order and does not apply if the amounts owing under the relevant bail-inable notes are paid in full.","The CDIC Act provides for a compensation process for holders of bail-inable notes who immediately prior to the making of an Order, directly or through an intermediary, own bail-inable notes that are converted in a bail-in conversion. While this process applies to successors of those holders it does not apply to assignees or transferees of the holder following the making of the Order and does not apply if the amounts…"
"nomic-embed-v1.5","bmo-retrieval-108","Retrieval check — What loss-absorbing capacity must BMO maintain under OSFI's TLAC Guideline?","bmo-6cf47052d84a7ec5bc02","3","Bail_In_TLAC_Disclosure","21","data/raw/Bail_In_TLAC_Disclosure.pdf, p. 4","4","TLAC Guideline","data/raw/Bail_In_TLAC_Disclosure.pdf","In connection with the bail-in regime, the Office of the Superintendent of Financial Institutions' (' OSFI ') guideline (the ' TLAC Guideline ') on Total Loss Absorbing Capacity (' TLAC ') applies to and establishes standards for D-SIBs, including the Bank. Under the TLAC Guideline, beginning November 1, 2021, the Bank is required to maintain a minimum capacity to absorb losses composed of unsecured external long-term debt that meets the prescribed criteria or regulatory capital instruments to support recapitalization in the event of a failure. Bail-inable notes and regulatory capital…","In connection with the bail-in regime, the Office of the Superintendent of Financial Institutions' (' OSFI ') guideline (the ' TLAC Guideline ') on Total Loss Absorbing Capacity (' TLAC ') applies to and establishes standards for D-SIBs, including the Bank. Under the TLAC Guideline, beginning November 1, 2021, the Bank is required to maintain a minimum capacity to absorb losses composed of unsecured external…"
"nomic-embed-v1.5","bmo-retrieval-109","I need the precise period and units. When did BMO complete the Bank of the West acquisition and what was the cash purchase price?","bmo-4a1f2c982c086672aa4d","3","bmo_AIF2025","10","data/raw/bmo_AIF2025.pdf, p. 4","4","Three-Year History","data/raw/bmo_AIF2025.pdf","On June 8, 2022, BMO announced the appointment of Piyush Agrawal as Deputy Chief Risk Officer effective July 1, 2022 and, after a transition period with Patrick Cronin, became Chief Risk Officer effective November 1, 2022. On February 1, 2023, BMO completed the acquisition of Bank of the West and its subsidiaries from BNP for a cash purchase price of US$13.8 billion.","On June 8, 2022, BMO announced the appointment of Piyush Agrawal as Deputy Chief Risk Officer effective July 1, 2022 and, after a transition period with Patrick Cronin, became Chief Risk Officer effective November 1, 2022. On February 1, 2023, BMO completed the acquisition of Bank of the West and its subsidiaries from BNP for a cash purchase price of US$13.8 billion."
"nomic-embed-v1.5","bmo-retrieval-110","In the supplied corpus, where are Bank of Montreal's head office and executive offices located?","bmo-f6b2c4eda5e592996a4c","3","bmo_AIF2025","20","data/raw/bmo_AIF2025.pdf, p. 4","4","CORPORATE STRUCTURE","data/raw/bmo_AIF2025.pdf","The Bank's head office is 129 rue Saint Jacques, Montreal, Québec, H2Y 1L6. Its executive offices are 100 King Street West, 1 First Canadian Place, Toronto, Ontario, M5X 1A1. Bank of Montreal brands the organization's member companies as BMO Financial Group. Note 26 of the 2025 Financial Statements lists the intercorporate relationships among Bank of Montreal and its significant subsidiaries. The Bank incorporates this Note herein by reference. These subsidiaries are incorporated or organized under the laws of the state or country of their principal office, except for: BMO Financial Corp. and…","The Bank's head office is 129 rue Saint Jacques, Montreal, Québec, H2Y 1L6. Its executive offices are 100 King Street West, 1 First Canadian Place, Toronto, Ontario, M5X 1A1. Bank of Montreal brands the organization's member companies as BMO Financial Group. Note 26 of the 2025 Financial Statements lists the intercorporate relationships among Bank of Montreal and its significant subsidiaries. The Bank incorporates…"
"nomic-embed-v1.5","bmo-retrieval-111","Using only bmo AIF2025, how many full-time-equivalent employees and bank branches did BMO have at October 31, 2025?","bmo-9c266e469b8fc8c2f1c9","3","bmo_AIF2025","21","data/raw/bmo_AIF2025.pdf, p. 5","5","Business","data/raw/bmo_AIF2025.pdf","BMO Financial Group is a highly diversified financial services provider based in North America, providing a broad range of personal and commercial banking, wealth management, global markets and investment banking products and services directly and through Canadian and non-Canadian subsidiaries, offices, and branches. As at October 31, 2025, BMO had more than 53,000 full-time equivalent employees. The Bank serves its clients through more than 1,800 bank branches, BMO automated banking machines, as well as online and mobile digital banking platforms. It operates in Canada, the United States and…","BMO Financial Group is a highly diversified financial services provider based in North America, providing a broad range of personal and commercial banking, wealth management, global markets and investment banking products and services directly and through Canadian and non-Canadian subsidiaries, offices, and branches. As at October 31, 2025, BMO had more than 53,000 full-time equivalent employees. The Bank serves its…"
"nomic-embed-v1.5","bmo-retrieval-112","Verify and cite the exact passage: How does the 2025 AIF describe competition in Canadian financial services?","bmo-94ff3259a50eacf8cf3f","3","bmo_AIF2025","45","data/raw/bmo_AIF2025.pdf, p. 7","7","Competition","data/raw/bmo_AIF2025.pdf","Capital Markets offers a range of products and services to corporate, institutional and government clients, including investment and corporate banking services, as well as global markets sales and trading solutions. It primarily focuses on the North American market and select global markets and competes with a diverse range of competitors, including large money centre banks and boutique investment firms. Investment and Corporate Banking offers debt and equity capital-raising services to clients, as well as loan origination and syndication, balance sheet management solutions and treasury…","Capital Markets offers a range of products and services to corporate, institutional and government clients, including investment and corporate banking services, as well as global markets sales and trading solutions. It primarily focuses on the North American market and select global markets and competes with a diverse range of competitors, including large money centre banks and boutique investment firms. Investment…"
"nomic-embed-v1.5","bmo-retrieval-113","Retrieval check — How large was BMO by assets and approximately how many clients did it serve in 2025?","bmo-c5d79b6319d1a75ca606","3","bmo_ar2025","4","data/raw/bmo_ar2025.pdf, pp. 2, 3","2, 3","Canadian Personal and Commercial Banking","data/raw/bmo_ar2025.pdf","serves clients across Canada with a comprehensive range of financial products, services and advice through integrated branch, contact centre and digital channels. BMO Financial Group is the seventh largest bank in North America by assets, with total assets of $1.5 trillion. Serving clients for more than 200 years, BMO is a highly diversified financial institution, providing a broad range of personal and commercial banking, wealth management, global markets and investment banking products and services to approximately thirteen million clients in Canada, the United States and select markets…","serves clients across Canada with a comprehensive range of financial products, services and advice through integrated branch, contact centre and digital channels. BMO Financial Group is the seventh largest bank in North America by assets, with total assets of $1.5 trillion. Serving clients for more than 200 years, BMO is a highly diversified financial institution, providing a broad range of personal and commercial…"
"nomic-embed-v1.5","bmo-retrieval-114","I need the precise period and units. What products and services does BMO Wealth Management offer?","bmo-e9159452c09f3fbd82df","3","bmo_ar2025","263","data/raw/bmo_ar2025.pdf, p. 45","45","Wealth Management","data/raw/bmo_ar2025.pdf","Wealth Management serves a full range of clients across Canada, from individuals and families to business owners and institutions, offering a wide spectrum of wealth, asset management and insurance products and services aimed at helping clients make real financial progress through planning, growing, protecting and transitioning their wealth. Our asset management business is focused on delivering innovative financial solutions and strategies for our clients.","Wealth Management serves a full range of clients across Canada, from individuals and families to business owners and institutions, offering a wide spectrum of wealth, asset management and insurance products and services aimed at helping clients make real financial progress through planning, growing, protecting and transitioning their wealth. Our asset management business is focused on delivering innovative financial…"
"nomic-embed-v1.5","bmo-retrieval-115","In the supplied corpus, how does BMO describe its digital-first, future-ready strategy?","bmo-32ec7d734e933e43c543","3","bmo_ar2025","8","data/raw/bmo_ar2025.pdf, p. 4","4","OUR STRATEGY","data/raw/bmo_ar2025.pdf","At BMO, we continue to build a digital-first, future-ready bank, with engaged employees and a high-performing, winning culture. We are focused on helping our clients make real financial progress, and on financing their growth and innovation, while also investing in our workforce. Anchored by our Purpose, we are differentiated by our strategic priorities for growth, strengthened by our approach to sustainability and guided by our values as we build a foundation of trust with our colleagues, clients and communities.","At BMO, we continue to build a digital-first, future-ready bank, with engaged employees and a high-performing, winning culture. We are focused on helping our clients make real financial progress, and on financing their growth and innovation, while also investing in our workforce. Anchored by our Purpose, we are differentiated by our strategic priorities for growth, strengthened by our approach to sustainability and…"
"nomic-embed-v1.5","bmo-retrieval-116","Using only bmo ar2025, what are BMO's four integrated operating segments?","bmo-c5d79b6319d1a75ca606","3","bmo_ar2025","4","data/raw/bmo_ar2025.pdf, pp. 2, 3","2, 3","Canadian Personal and Commercial Banking","data/raw/bmo_ar2025.pdf","serves clients across Canada with a comprehensive range of financial products, services and advice through integrated branch, contact centre and digital channels. BMO Financial Group is the seventh largest bank in North America by assets, with total assets of $1.5 trillion. Serving clients for more than 200 years, BMO is a highly diversified financial institution, providing a broad range of personal and commercial banking, wealth management, global markets and investment banking products and services to approximately thirteen million clients in Canada, the United States and select markets…","serves clients across Canada with a comprehensive range of financial products, services and advice through integrated branch, contact centre and digital channels. BMO Financial Group is the seventh largest bank in North America by assets, with total assets of $1.5 trillion. Serving clients for more than 200 years, BMO is a highly diversified financial institution, providing a broad range of personal and commercial…"
"nomic-embed-v1.5","bmo-retrieval-117","Verify and cite the exact passage: What are the main components of BMO's strategy in the Q3 2026 investor presentation?","bmo-ed814ce57ecfdcd5c602","3","BMOInvestorPresentationEN","11","data/raw/BMOInvestorPresentationEN.pdf, p. 3","3","Our Strategy","data/raw/BMOInvestorPresentationEN.pdf","At BMO, we continue to build a digital-first, future-ready bank, with engaged employees and a high-performing, winning culture. We are focused on helping our clients make real financial progress, and on financing their growth and innovation, while also investing in our workforce. Anchored by our Purpose, we are differentiated by our strategic priorities for growth, strengthened by our approach to sustainability and guided by our values as we build a foundation of trust with our colleagues, clients and communities.","At BMO, we continue to build a digital-first, future-ready bank, with engaged employees and a high-performing, winning culture. We are focused on helping our clients make real financial progress, and on financing their growth and innovation, while also investing in our workforce. Anchored by our Purpose, we are differentiated by our strategic priorities for growth, strengthened by our approach to sustainability and…"
"nomic-embed-v1.5","bmo-retrieval-118","Retrieval check — What recognition and employee-giving results did BMO cite for stronger communities?","bmo-3df7f459be43f54f16bb","3","BMOInvestorPresentationEN","16","data/raw/BMOInvestorPresentationEN.pdf, p. 4","4","For Stronger Communities","data/raw/BMOInvestorPresentationEN.pdf","Provide access to capital and valuable financial advice Act as a catalyst for progress in the communities we serve Be our clients' lead partner in their pursuit of energy and climate resilience - Named one of the World's Most Ethical Companies for the 9 th consecutive year by Ethisphere, the only bank in Canada - and one of only three worldwide - Named to the 2026 Forbes list of America's Most Trusted Companies - Annual Employee Giving Campaign raised $36 million for charities across Canada and the U.S., with 91% of employees participating - Established the Office of Reconciliation , a…","Provide access to capital and valuable financial advice Act as a catalyst for progress in the communities we serve Be our clients' lead partner in their pursuit of energy and climate resilience - Named one of the World's Most Ethical Companies for the 9 th consecutive year by Ethisphere, the only bank in Canada - and one of only three worldwide - Named to the 2026 Forbes list of America's Most Trusted Companies -…"
"nomic-embed-v1.5","bmo-retrieval-119","I need the precise period and units. What business strengths does BMO say support resilient and robust earnings?","bmo-784bfdb769b508179dd6","3","BMOInvestorPresentationEN","17","data/raw/BMOInvestorPresentationEN.pdf, p. 5","5","Diversified and competitively positioned businesses that deliver resilient and robust earnings","data/raw/BMOInvestorPresentationEN.pdf","- Premium commercial banking franchise with a top 5 market position in North America 1 - Top-tier U.S. bank with presence in key growth markets - Flagship Canadian personal banking business with a strong and growing deposit base - High - return wealth business with a strong client focus and competitive position - Leading North American Capital Markets franchise with deep expertise and global reach 1 Refer to endnotes on pages 54-56","- Premium commercial banking franchise with a top 5 market position in North America 1 - Top-tier U.S. bank with presence in key growth markets - Flagship Canadian personal banking business with a strong and growing deposit base - High - return wealth business with a strong client focus and competitive position - Leading North American Capital Markets franchise with deep expertise and global reach 1 Refer to…"
"nomic-embed-v1.5","bmo-retrieval-120","In the supplied corpus, what were BMO's Q3 2026 financial highlights?","bmo-12ad325c10e638709933","3","BMOInvestorPresentationEN","59","data/raw/BMOInvestorPresentationEN.pdf, pp. 25, 26","25, 26","Q3'26 Financial Highlights","data/raw/BMOInvestorPresentationEN.pdf","Reported Adjusted 3 (US$MM) Q3'26 Y/Y Q3'26 Y/Y Net interest income (teb) 2 1,707 6% 1,707 6% Non-interest revenue 460 4% 460 4% Revenue (teb) 2 2,167 5% 2,167 5% Expenses 1,250 3% 1,195 3% PPPT 4 917 9% 972 7% PCL (recovery) 123 $(2) 123 $(2) Net Income 620 11% 661 9% Net Income (CDE$) 868 13% 925 11% NIM (%) 4.02 20 bps 4.02 20 bps Efficiency Ratio (%) 57.7 (130) bps 55.2 (90) bps ROE (%) 9.2 100 bps 9.8 90 bps AUM ($B) 89 17% 89 17% AUA ($B) 126 22% 126 22% Avg. Gross Loans & Acceptances ($B) 162 1% 162 1% Avg. Deposits ($B) 167 (3)% 167 (3)% 20.0 18.0 16.0 14.0 12.0 10.0 8.0 6.0 4. 0 2.0 -","Reported Adjusted 3 (US$MM) Q3'26 Y/Y Q3'26 Y/Y Net interest income (teb) 2 1,707 6% 1,707 6% Non-interest revenue 460 4% 460 4% Revenue (teb) 2 2,167 5% 2,167 5% Expenses 1,250 3% 1,195 3% PPPT 4 917 9% 972 7% PCL (recovery) 123 $(2) 123 $(2) Net Income 620 11% 661 9% Net Income (CDE$) 868 13% 925 11% NIM (%) 4.02 20 bps 4.02 20 bps Efficiency Ratio (%) 57.7 (130) bps 55.2 (90) bps ROE (%) 9.2 100 bps 9.8 90 bps…"
"nomic-embed-v1.5","bmo-retrieval-121","Using only CorporateFactSheet, how does BMO describe its size, age and client base in the Q3 2026 corporate fact sheet?","bmo-0ab73a713f496c3c533c","3","CorporateFactSheet","0","data/raw/CorporateFactSheet.pdf, p. 1","1","About BMO","data/raw/CorporateFactSheet.pdf","BMO Financial Group is the eighth largest bank in North America by assets, with total assets of $1.5 trillion. 1,2 Serving clients for more than 200 years, BMO is a highly diversified financial institution, providing a broad range of personal and commercial banking, wealth management, global markets and investment banking products and services to approximately thirteen million clients in Canada, the United States and select markets globally. At BMO, we continue to build a digital-first, future-ready bank. Anchored by our Purpose, we are differentiated by our strategic priorities for growth,…","BMO Financial Group is the eighth largest bank in North America by assets, with total assets of $1.5 trillion. 1,2 Serving clients for more than 200 years, BMO is a highly diversified financial institution, providing a broad range of personal and commercial banking, wealth management, global markets and investment banking products and services to approximately thirteen million clients in Canada, the United States…"
"nomic-embed-v1.5","bmo-retrieval-122","Verify and cite the exact passage: What assets, CET1 ratio, employee count and deposits are listed for Q3 2026?","bmo-6813fe99e3518c4cf9ba","3","CorporateFactSheet","2","data/raw/CorporateFactSheet.pdf, p. 1","1","Key Metrics 1 - Q3 2026","data/raw/CorporateFactSheet.pdf","Assets ($B) 1,539 CET1 Ratio 3 (%) 13.0 Employees ~53,000 Gross Loans and Acceptances ($B) 703 Leverage Ratio 3 (%) 4.2 Branches 1,790 Deposits ($B) 1,018 Liquidity Coverage Ratio 3 (%) 125 ABMs 5,439 Credit Ratings 1 Moody's S&P DBRS Fitch Long term deposits/ Issuer Rating 7 Aa2 A+ AA AA+ Senior Debt 8 A2 A- AA (low) AA- Outlook Stable Stable Stable Stable","Assets ($B) 1,539 CET1 Ratio 3 (%) 13.0 Employees ~53,000 Gross Loans and Acceptances ($B) 703 Leverage Ratio 3 (%) 4.2 Branches 1,790 Deposits ($B) 1,018 Liquidity Coverage Ratio 3 (%) 125 ABMs 5,439 Credit Ratings 1 Moody's S&P DBRS Fitch Long term deposits/ Issuer Rating 7 Aa2 A+ AA AA+ Senior Debt 8 A2 A- AA (low) AA- Outlook Stable Stable Stable Stable"
"nomic-embed-v1.5","bmo-retrieval-123","Retrieval check — What strategic priorities are listed in BMO's Q3 2026 corporate fact sheet?","bmo-1627bff4af8dfec92a02","3","CorporateFactSheet","3","data/raw/CorporateFactSheet.pdf, pp. 1, 2","1, 2","Our Strategic Priorities","data/raw/CorporateFactSheet.pdf","- World-class client experience , grounded in One Client advice and guidance - High-performing, winning culture driven by alignment, accountability and recognition - Digital-first, AI-powered business for value and future readiness - Superior risk management ## Operating Segment Overview ## Financial Performance Q3 2026 ## Reported unless otherwise stated Y/Y ## Canadian Personal & Commercial Banking - Serves clients across Canada with a comprehensive range of financial products, services and advice through integrated branch, contact centre and digital channels - Personal & Business Banking…","- World-class client experience , grounded in One Client advice and guidance - High-performing, winning culture driven by alignment, accountability and recognition - Digital-first, AI-powered business for value and future readiness - Superior risk management ## Operating Segment Overview ## Financial Performance Q3 2026 ## Reported unless otherwise stated Y/Y ## Canadian Personal & Commercial Banking - Serves…"
"nomic-embed-v1.5","bmo-retrieval-124","I need the precise period and units. What dividend, dividend yield and market capitalization are shown in shareholder information?","bmo-32278bff997852c76f73","3","CorporateFactSheet","6","data/raw/CorporateFactSheet.pdf, p. 2","2","Shareholder Information","data/raw/CorporateFactSheet.pdf","(Ticker: BMO; exchanges: TSX, NYSE) - Current declared quarterly dividend: $1.71; up 5% Y/Y - Dividend Yield 1,6 : 2.72% - Market Capitalization 1 : $175.3B - Common Shares Outstanding 1 : 697.1 million Investor Relations: http://www.bmo.com/investorrelations Email: investor.relations@bmo.com Transfer Agent: http://www.computershare.com/ca/en Computershare Trust Company of Canada Email: service@computershare.com","(Ticker: BMO; exchanges: TSX, NYSE) - Current declared quarterly dividend: $1.71; up 5% Y/Y - Dividend Yield 1,6 : 2.72% - Market Capitalization 1 : $175.3B - Common Shares Outstanding 1 : 697.1 million Investor Relations: http://www.bmo.com/investorrelations Email: investor.relations@bmo.com Transfer Agent: http://www.computershare.com/ca/en Computershare Trust Company of Canada Email: service@computershare.com"
"nomic-embed-v1.5","bmo-retrieval-125","In the supplied corpus, which institutions and regulators are covered by BFC's Q1 2026 liquidity disclosure?","bmo-a9b46088e39c1e917338","3","LCR_CY26Q1","3","data/raw/LCR_CY26Q1.pdf, p. 3","3","1. Introduction","data/raw/LCR_CY26Q1.pdf","The following disclosure is specific to BMO Financial Corp. (BFC), a U.S. Intermediate Holding Company (IHC). BFC is a wholly owned subsidiary of Bank of Montreal (together with its subsidiaries, BMO or 'the Parent') and is regulated by the Board of Governors of the Federal Reserve System (FRB). BFC's wholly owned principal banking subsidiary, BMO Bank N.A. (BBNA ), which consolidates into BFC, is regulated by the Office of the Comptroller of the Currency and the Federal Deposit Insurance Corporation. BMO is a highly diversified financial services provider based in North America.","The following disclosure is specific to BMO Financial Corp. (BFC), a U.S. Intermediate Holding Company (IHC). BFC is a wholly owned subsidiary of Bank of Montreal (together with its subsidiaries, BMO or 'the Parent') and is regulated by the Board of Governors of the Federal Reserve System (FRB). BFC's wholly owned principal banking subsidiary, BMO Bank N.A. (BBNA ), which consolidates into BFC, is regulated by the…"
"nomic-embed-v1.5","bmo-retrieval-126","Using only LCR CY26Q1, how does BFC's liquidity risk framework address commitments during stress?","bmo-210c7e5ba4dba0261481","3","LCR_CY26Q1","6","data/raw/LCR_CY26Q1.pdf, p. 3","3","2. Liquidity Risk Management","data/raw/LCR_CY26Q1.pdf","BFC manages liquidity risk to meet both internal and regulatory expectations through an established liquidity risk framework. The framework ensures that BFC maintains adequate levels of liquidity to meet financial commitments in a timely manner at reasonable prices as they fall due, even in times of stress. The framework requires BFC to consider and prudently manage liquidity risk exposures and funding needs within and across legal entities, business lines and currencies, considering legal, regulatory, and operational limitations to the transferability of liquidity. The liquidity position is…","BFC manages liquidity risk to meet both internal and regulatory expectations through an established liquidity risk framework. The framework ensures that BFC maintains adequate levels of liquidity to meet financial commitments in a timely manner at reasonable prices as they fall due, even in times of stress. The framework requires BFC to consider and prudently manage liquidity risk exposures and funding needs within…"
"nomic-embed-v1.5","bmo-retrieval-127","Verify and cite the exact passage: What tailored LCR factor applied to BFC for the quarter ended March 31, 2026?","bmo-827cd788c68d9e9b6719","3","LCR_CY26Q1","10","data/raw/LCR_CY26Q1.pdf, p. 4","4","3. Liquidity Coverage Ratio","data/raw/LCR_CY26Q1.pdf","The following table summarizes the BFC average LCR for the three months ended March 31, 2026, based on the BFC's interpretation of the LCR Rule. BFC is subject to the 85% tailored LCR and the table below reflects the 85% factor. The LCR calculation is a regulatory prescribed methodology reflecting formulaic hypothetical changes in assets and liabilities that would impact a company's liquidity if they were to occur. The calculation is not necessarily a projection of BFC 's liquidity in any stress environment.","The following table summarizes the BFC average LCR for the three months ended March 31, 2026, based on the BFC's interpretation of the LCR Rule. BFC is subject to the 85% tailored LCR and the table below reflects the 85% factor. The LCR calculation is a regulatory prescribed methodology reflecting formulaic hypothetical changes in assets and liabilities that would impact a company's liquidity if they were to occur.…"
"nomic-embed-v1.5","bmo-retrieval-128","Retrieval check — What do unweighted and weighted amounts represent in BFC's Q1 LCR quantitative disclosure?","bmo-9a4480f0604f11eab96b","3","LCR_CY26Q1","12","data/raw/LCR_CY26Q1.pdf, p. 4","4","4. LCR Quantitative Disclosure","data/raw/LCR_CY26Q1.pdf","The following table presents detail of BFC's quarterly average of daily LCR for the three months ended March 31, 2026. Within this disclosure, the unweighted amounts of eligible HQLA, cash inflows and cash outflows represent the quarterly average balances prior to the application of the prescribed regulatory haircuts and caps. The weighted amount of cash outflows and cash inflows represent the unweighted amount multiplied by the respective LCR rates.","The following table presents detail of BFC's quarterly average of daily LCR for the three months ended March 31, 2026. Within this disclosure, the unweighted amounts of eligible HQLA, cash inflows and cash outflows represent the quarterly average balances prior to the application of the prescribed regulatory haircuts and caps. The weighted amount of cash outflows and cash inflows represent the unweighted amount…"
"nomic-embed-v1.5","bmo-retrieval-129","I need the precise period and units. Which institutions and regulators are covered by BFC's Q2 2026 liquidity disclosure?","bmo-f207da8892cc6eb91299","3","LCR_CY26Q2","3","data/raw/LCR_CY26Q2.pdf, p. 3","3","1. Introduction","data/raw/LCR_CY26Q2.pdf","The following disclosure is specific to BMO Financial Corp. (BFC), a U.S. Intermediate Holding Company (IHC). BFC is a wholly owned subsidiary of Bank of Montreal (together with its subsidiaries, BMO or 'the Parent') and is regulated by the Board of Governors of the Federal Reserve System (FRB). BFC's wholly owned principal banking subsidiary, BMO Bank N.A. (BBNA ), which consolidates into BFC, is regulated by the Office of the Comptroller of the Currency and the Federal Deposit Insurance Corporation. BMO is a highly diversified financial services provider based in North America.","The following disclosure is specific to BMO Financial Corp. (BFC), a U.S. Intermediate Holding Company (IHC). BFC is a wholly owned subsidiary of Bank of Montreal (together with its subsidiaries, BMO or 'the Parent') and is regulated by the Board of Governors of the Federal Reserve System (FRB). BFC's wholly owned principal banking subsidiary, BMO Bank N.A. (BBNA ), which consolidates into BFC, is regulated by the…"
"nomic-embed-v1.5","bmo-retrieval-130","In the supplied corpus, how does BFC optimize liquidity for current and future needs?","bmo-c33e0bf290408dbede61","3","LCR_CY26Q2","6","data/raw/LCR_CY26Q2.pdf, p. 3","3","2. Liquidity Risk Management","data/raw/LCR_CY26Q2.pdf","BFC manages liquidity risk to meet both internal and regulatory expectations through an established liquidity risk framework. The framework ensures that BFC maintains adequate levels of liquidity to meet financial commitments in a timely manner at reasonable prices as they fall due, even in times of stress. The framework requires BFC to consider and prudently manage liquidity risk exposures and funding needs within and across legal entities, business lines and currencies, considering legal, regulatory, and operational limitations to the transferability of liquidity. The liquidity position is…","BFC manages liquidity risk to meet both internal and regulatory expectations through an established liquidity risk framework. The framework ensures that BFC maintains adequate levels of liquidity to meet financial commitments in a timely manner at reasonable prices as they fall due, even in times of stress. The framework requires BFC to consider and prudently manage liquidity risk exposures and funding needs within…"
"nomic-embed-v1.5","bmo-retrieval-131","Using only LCR CY26Q2, what tailored LCR factor applied to BFC for the quarter ended June 30, 2026?","bmo-e37cba95bece18b0702b","3","LCR_CY26Q2","10","data/raw/LCR_CY26Q2.pdf, p. 4","4","3. Liquidity Coverage Ratio","data/raw/LCR_CY26Q2.pdf","The following table summarizes the BFC average LCR for the three months ended June 30, 2026, based on the BFC's interpretation of the LCR Rule. BFC is subject to the 85% tailored LCR and the table below reflects the 85% factor. The LCR calculation is a regulatory prescribed methodology reflecting formulaic hypothetical changes in assets and liabilities that would impact a company's liquidity if they were to occur. The calculation is not necessarily a projection of BFC 's liquidity in any stress environment.","The following table summarizes the BFC average LCR for the three months ended June 30, 2026, based on the BFC's interpretation of the LCR Rule. BFC is subject to the 85% tailored LCR and the table below reflects the 85% factor. The LCR calculation is a regulatory prescribed methodology reflecting formulaic hypothetical changes in assets and liabilities that would impact a company's liquidity if they were to occur.…"
"nomic-embed-v1.5","bmo-retrieval-132","Verify and cite the exact passage: What do unweighted and weighted amounts represent in BFC's Q2 LCR quantitative disclosure?","bmo-38d74f54666a76c158b6","3","LCR_CY26Q2","12","data/raw/LCR_CY26Q2.pdf, pp. 4, 5","4, 5","4. LCR Quantitative Disclosure","data/raw/LCR_CY26Q2.pdf","The following table presents detail of BFC's quarterly average of daily LCR for the three months ended June 30, 2026. Within this disclosure, the unweighted amounts of eligible HQLA, cash inflows and cash outflows represent the quarterly average balances prior to the application of the prescribed regulatory haircuts and caps. The weighted amount of cash outflows and cash inflows represent the unweighted amount multiplied by the respective LCR rates.","The following table presents detail of BFC's quarterly average of daily LCR for the three months ended June 30, 2026. Within this disclosure, the unweighted amounts of eligible HQLA, cash inflows and cash outflows represent the quarterly average balances prior to the application of the prescribed regulatory haircuts and caps. The weighted amount of cash outflows and cash inflows represent the unweighted amount…"
"nomic-embed-v1.5","bmo-retrieval-133","Retrieval check — What is the identifier and governing law for Bank of Montreal common shares?","bmo-1f9c5970bcde0f443c1a","3","MainFeaturesTemplateQ326","0","data/raw/MainFeaturesTemplateQ326.pdf, p. 1","1","","data/raw/MainFeaturesTemplateQ326.pdf","Included in both regulatory capital and TLAC Common Shares 1 Issuer Bank of Montreal 2 Unique identifier (eg CUSIP, ISIN or Bloomberg identifier for private placement) 063671101 3 Governing law(s) of the instrument Canadian Federal and applicable Provincial laws 3a Means by which enforceability requirement of Section 13 of the TLAC Term Sheet is achieved (for other TLAC-eligible instruments governed by foreign law) N/A Regulatory treatment 4 Transitional Basel III rules Common Equity Tier 1 5 Post-transitional Basel III rules Eligible 6 Eligible at solo/group/group&solo Group and Solo 7…","Included in both regulatory capital and TLAC Common Shares 1 Issuer Bank of Montreal 2 Unique identifier (eg CUSIP, ISIN or Bloomberg identifier for private placement) 063671101 3 Governing law(s) of the instrument Canadian Federal and applicable Provincial laws 3a Means by which enforceability requirement of Section 13 of the TLAC Term Sheet is achieved (for other TLAC-eligible instruments governed by foreign law)…"
"nomic-embed-v1.5","bmo-retrieval-134","I need the precise period and units. How are Bank of Montreal common shares treated under Basel III and TLAC?","bmo-1f9c5970bcde0f443c1a","3","MainFeaturesTemplateQ326","0","data/raw/MainFeaturesTemplateQ326.pdf, p. 1","1","","data/raw/MainFeaturesTemplateQ326.pdf","Included in both regulatory capital and TLAC Common Shares 1 Issuer Bank of Montreal 2 Unique identifier (eg CUSIP, ISIN or Bloomberg identifier for private placement) 063671101 3 Governing law(s) of the instrument Canadian Federal and applicable Provincial laws 3a Means by which enforceability requirement of Section 13 of the TLAC Term Sheet is achieved (for other TLAC-eligible instruments governed by foreign law) N/A Regulatory treatment 4 Transitional Basel III rules Common Equity Tier 1 5 Post-transitional Basel III rules Eligible 6 Eligible at solo/group/group&solo Group and Solo 7…","Included in both regulatory capital and TLAC Common Shares 1 Issuer Bank of Montreal 2 Unique identifier (eg CUSIP, ISIN or Bloomberg identifier for private placement) 063671101 3 Governing law(s) of the instrument Canadian Federal and applicable Provincial laws 3a Means by which enforceability requirement of Section 13 of the TLAC Term Sheet is achieved (for other TLAC-eligible instruments governed by foreign law)…"
"nomic-embed-v1.5","bmo-retrieval-135","In the supplied corpus, what does convertible mean in the regulatory capital main-features table?","bmo-a896124c1a76690569b9","3","MainFeaturesTemplateQ326","2","data/raw/MainFeaturesTemplateQ326.pdf, pp. 1, 2","1, 2","Main Features Of Regulatory Capital Instruments","data/raw/MainFeaturesTemplateQ326.pdf","(1) The term ""convertible"" in the above table is interpreted to mean convertible into common shares. Certain of BMO's outstanding non-common capital instruments are convertible into different series of the same capital instrument. 1 Issuer 2 Unique identifier (eg CUSIP, ISIN or Bloomberg identifier for private placement) 3 Governing law(s) of the instrument 3a Means by which enforceability requirement of Section 13 of the TLAC Term Sheet is achieved (for other TLAC-eligible instruments governed by foreign law) Regulatory treatment 4 Transitional Basel III rules 5 Post-transitional Basel III…","(1) The term ""convertible"" in the above table is interpreted to mean convertible into common shares. Certain of BMO's outstanding non-common capital instruments are convertible into different series of the same capital instrument. 1 Issuer 2 Unique identifier (eg CUSIP, ISIN or Bloomberg identifier for private placement) 3 Governing law(s) of the instrument 3a Means by which enforceability requirement of Section 13…"
"nomic-embed-v1.5","bmo-retrieval-136","Using only MainFeaturesTemplateQ326, which fields does BMO's main-features template use to describe a regulatory capital instrument?","bmo-a896124c1a76690569b9","3","MainFeaturesTemplateQ326","2","data/raw/MainFeaturesTemplateQ326.pdf, pp. 1, 2","1, 2","Main Features Of Regulatory Capital Instruments","data/raw/MainFeaturesTemplateQ326.pdf","(1) The term ""convertible"" in the above table is interpreted to mean convertible into common shares. Certain of BMO's outstanding non-common capital instruments are convertible into different series of the same capital instrument. 1 Issuer 2 Unique identifier (eg CUSIP, ISIN or Bloomberg identifier for private placement) 3 Governing law(s) of the instrument 3a Means by which enforceability requirement of Section 13 of the TLAC Term Sheet is achieved (for other TLAC-eligible instruments governed by foreign law) Regulatory treatment 4 Transitional Basel III rules 5 Post-transitional Basel III…","(1) The term ""convertible"" in the above table is interpreted to mean convertible into common shares. Certain of BMO's outstanding non-common capital instruments are convertible into different series of the same capital instrument. 1 Issuer 2 Unique identifier (eg CUSIP, ISIN or Bloomberg identifier for private placement) 3 Governing law(s) of the instrument 3a Means by which enforceability requirement of Section 13…"
"nomic-embed-v1.5","bmo-retrieval-137","Verify and cite the exact passage: Which quarters are covered by BFC's 2026 Net Stable Funding Ratio disclosure?","bmo-41bab022f098f6e4a549","3","NSFRCY26Q2","0","data/raw/NSFRCY26Q2.pdf, pp. 1, 2","1, 2","BMO Financial Corp. Net Stable Funding Ratio Disclosure","data/raw/NSFRCY26Q2.pdf","____________________________________________________________ For the quarter ended March 31, 2026, and June 30, 2026 ## Table of Contents 1. INTRODUCTION ............................................................................................................................................. 3 2. LIQUIDITY RISK MANAGEMENT ..................................................................................................................... 3 3. NET STABLE FUNDING RATIO ......................................................................................................................... 4…","____________________________________________________________ For the quarter ended March 31, 2026, and June 30, 2026 ## Table of Contents 1. INTRODUCTION ............................................................................................................................................. 3 2. LIQUIDITY RISK MANAGEMENT .............................................................................................…"
"nomic-embed-v1.5","bmo-retrieval-138","Retrieval check — How does BFC's liquidity framework manage needs across entities, businesses and currencies?","bmo-a77eddd634603a290943","3","NSFRCY26Q2","4","data/raw/NSFRCY26Q2.pdf, p. 3","3","2. Liquidity Risk Management","data/raw/NSFRCY26Q2.pdf","BFC manages liquidity risk to meet both internal and regulatory expectations through an established liquidity risk framework. The framework ensures that BFC maintains adequate levels of liquidity to meet financial commitments in a timely manner at reasonable prices as they fall due, even in times of stress. The framework considers and prudently manages liquidity risk exposures and funding needs within and across legal entities, business lines and currencies, considering legal, regulatory, and operational limitations to the transferability of liquidity. The liquidity position is optimized for…","BFC manages liquidity risk to meet both internal and regulatory expectations through an established liquidity risk framework. The framework ensures that BFC maintains adequate levels of liquidity to meet financial commitments in a timely manner at reasonable prices as they fall due, even in times of stress. The framework considers and prudently manages liquidity risk exposures and funding needs within and across…"
"nomic-embed-v1.5","bmo-retrieval-139","I need the precise period and units. What tailored NSFR factor applies to BFC?","bmo-6075725634b6fdf4ffb5","3","NSFRCY26Q2","8","data/raw/NSFRCY26Q2.pdf, p. 4","4","3. Net Stable Funding Ratio","data/raw/NSFRCY26Q2.pdf","The following table summarizes the BFC average NSFR for the three months ended March 31, 2026 and June 30, 2026, based on the Firms interpretation of the NSFR Rule. BFC is subject to the 85% tailored NSFR and the table below reflects the 85% factor. The NSFR calculation is a regulatory prescribed methodology reflecting formulaic hypothetical changes in assets and liabilities that would impact a company's liquidity if they were to occur. The calculation is not necessarily a projection of the BFC liquidity in any stress environment. The BFC NSFR is substantiated by: - ASF primarily consists of…","The following table summarizes the BFC average NSFR for the three months ended March 31, 2026 and June 30, 2026, based on the Firms interpretation of the NSFR Rule. BFC is subject to the 85% tailored NSFR and the table below reflects the 85% factor. The NSFR calculation is a regulatory prescribed methodology reflecting formulaic hypothetical changes in assets and liabilities that would impact a company's liquidity…"
"nomic-embed-v1.5","bmo-retrieval-140","In the supplied corpus, what are BFC's primary sources of available stable funding?","bmo-6075725634b6fdf4ffb5","3","NSFRCY26Q2","8","data/raw/NSFRCY26Q2.pdf, p. 4","4","3. Net Stable Funding Ratio","data/raw/NSFRCY26Q2.pdf","The following table summarizes the BFC average NSFR for the three months ended March 31, 2026 and June 30, 2026, based on the Firms interpretation of the NSFR Rule. BFC is subject to the 85% tailored NSFR and the table below reflects the 85% factor. The NSFR calculation is a regulatory prescribed methodology reflecting formulaic hypothetical changes in assets and liabilities that would impact a company's liquidity if they were to occur. The calculation is not necessarily a projection of the BFC liquidity in any stress environment. The BFC NSFR is substantiated by: - ASF primarily consists of…","The following table summarizes the BFC average NSFR for the three months ended March 31, 2026 and June 30, 2026, based on the Firms interpretation of the NSFR Rule. BFC is subject to the 85% tailored NSFR and the table below reflects the 85% factor. The NSFR calculation is a regulatory prescribed methodology reflecting formulaic hypothetical changes in assets and liabilities that would impact a company's liquidity…"
"nomic-embed-v1.5","bmo-retrieval-141","Using only Q126 EarningsRelease, what reported and adjusted net income did BMO post in Q1 2026?","bmo-019ff982cfe2d7e246f3","3","Q126_EarningsRelease","2","data/raw/Q126_EarningsRelease.pdf, p. 1","1","Financial Results Highlights","data/raw/Q126_EarningsRelease.pdf","Toronto, February 25, 2026 - BMO Financial Group (TSX:BMO) (NYSE:BMO) reported net income for the first quarter ended January 31, 2026 was $2,489 million, compared with $2,138 million in the prior year, and EPS of $3.39, compared with $2.83. Reported ROE was 12.1%, compared with 10.6% in the prior year. Adjusted net income was $2,551 million and adjusted EPS was $3.48, an increase from $2,289 million and $3.04, respectively, in the prior year. Adjusted ROE was 12.4%, compared with 11.3% in the prior year. Reported and adjusted results in the current quarter included severance costs of $147…","Toronto, February 25, 2026 - BMO Financial Group (TSX:BMO) (NYSE:BMO) reported net income for the first quarter ended January 31, 2026 was $2,489 million, compared with $2,138 million in the prior year, and EPS of $3.39, compared with $2.83. Reported ROE was 12.1%, compared with 10.6% in the prior year. Adjusted net income was $2,551 million and adjusted EPS was $3.48, an increase from $2,289 million and $3.04,…"
"nomic-embed-v1.5","bmo-retrieval-142","Verify and cite the exact passage: What were BMO's reported and adjusted EPS in Q1 2026?","bmo-019ff982cfe2d7e246f3","3","Q126_EarningsRelease","2","data/raw/Q126_EarningsRelease.pdf, p. 1","1","Financial Results Highlights","data/raw/Q126_EarningsRelease.pdf","Toronto, February 25, 2026 - BMO Financial Group (TSX:BMO) (NYSE:BMO) reported net income for the first quarter ended January 31, 2026 was $2,489 million, compared with $2,138 million in the prior year, and EPS of $3.39, compared with $2.83. Reported ROE was 12.1%, compared with 10.6% in the prior year. Adjusted net income was $2,551 million and adjusted EPS was $3.48, an increase from $2,289 million and $3.04, respectively, in the prior year. Adjusted ROE was 12.4%, compared with 11.3% in the prior year. Reported and adjusted results in the current quarter included severance costs of $147…","Toronto, February 25, 2026 - BMO Financial Group (TSX:BMO) (NYSE:BMO) reported net income for the first quarter ended January 31, 2026 was $2,489 million, compared with $2,138 million in the prior year, and EPS of $3.39, compared with $2.83. Reported ROE was 12.1%, compared with 10.6% in the prior year. Adjusted net income was $2,551 million and adjusted EPS was $3.48, an increase from $2,289 million and $3.04,…"
"nomic-embed-v1.5","bmo-retrieval-143","Retrieval check — How did Canadian P&C net income change in Q1 2026?","bmo-dbb187d4bf15db51368b","3","Q126_EarningsRelease","7","data/raw/Q126_EarningsRelease.pdf, p. 2","2","Canadian P&C","data/raw/Q126_EarningsRelease.pdf","Reported net income was $948 million and adjusted net income was $951 million, both increasing $71 million or 8% from the prior year, primarily due to a 7% increase in revenue, as well as a lower provision for credit losses, partially offset by higher expenses. Revenue growth was driven by higher net interest income, due to higher net interest margin and balance growth, and an increase in non-interest revenue, including above-trend card fee revenue due to revised future redemption assumptions in the current quarter.","Reported net income was $948 million and adjusted net income was $951 million, both increasing $71 million or 8% from the prior year, primarily due to a 7% increase in revenue, as well as a lower provision for credit losses, partially offset by higher expenses. Revenue growth was driven by higher net interest income, due to higher net interest margin and balance growth, and an increase in non-interest revenue,…"
"nomic-embed-v1.5","bmo-retrieval-144","I need the precise period and units. How did U.S. Banking perform in Q1 2026 in Canadian and U.S. dollars?","bmo-a5fe37cfcfc2781c2a33","3","Q126_EarningsRelease","8","data/raw/Q126_EarningsRelease.pdf, p. 2","2","U.S. Banking","data/raw/Q126_EarningsRelease.pdf","Reported net income was $742 million, an increase of $107 million or 17% from the prior year, and adjusted net income was $802 million, an increase of $95 million or 13%. The impact of the weaker U.S. dollar decreased net income by 5%. On a U.S. dollar basis, reported net income was $539 million, an increase of $93 million or 21% from the prior year, and adjusted net income was $583 million, an increase of $87 million or 18%, primarily due to a lower provision for credit losses. Revenue growth of 2%, reflecting higher net interest income and non-interest revenue, was more than offset by…","Reported net income was $742 million, an increase of $107 million or 17% from the prior year, and adjusted net income was $802 million, an increase of $95 million or 13%. The impact of the weaker U.S. dollar decreased net income by 5%. On a U.S. dollar basis, reported net income was $539 million, an increase of $93 million or 21% from the prior year, and adjusted net income was $583 million, an increase of $87…"
"nomic-embed-v1.5","bmo-retrieval-145","In the supplied corpus, for what period were BMO's Q1 2026 interim financial statements prepared?","bmo-de2d732856072e66bac9","3","Q126_ReportToShareholders","0","data/raw/Q126_ReportToShareholders.pdf, p. 1","1","REPORT TO SHAREHOLDERS","data/raw/Q126_ReportToShareholders.pdf","BMO's First Quarter 2026 Report to Shareholders, including the unaudited interim consolidated financial statements for the period ended January 31, 2026, are available online at www.bmo.com/investorrelations, on the Canadian Securities Administrators' website at www.sedarplus.ca, and on the EDGAR section of the U.S. Securities and Exchange Commission's website at www.sec.gov.","BMO's First Quarter 2026 Report to Shareholders, including the unaudited interim consolidated financial statements for the period ended January 31, 2026, are available online at www.bmo.com/investorrelations, on the Canadian Securities Administrators' website at www.sedarplus.ca, and on the EDGAR section of the U.S. Securities and Exchange Commission's website at www.sec.gov."
"nomic-embed-v1.5","bmo-retrieval-146","Using only Q126 ReportToShareholders, what were BMO's Q1 2026 PCL, ROE and CET1 ratio?","bmo-7b7df28d56a73836e562","3","Q126_ReportToShareholders","1","data/raw/Q126_ReportToShareholders.pdf, p. 1","1","Financial Results Highlights","data/raw/Q126_ReportToShareholders.pdf","First Quarter 2026 compared with First Quarter 2025: - Reported net income 1 of $2,489 million, an increase of 16% from $2,138 million; adjusted net income 1 of $2,551 million, an increase of 11% from $2,289 million - Reported earnings per share (EPS) 2 of $3.39, an increase of 20% from $2.83; adjusted EPS 1, 2 of $3.48, an increase of 15% from $3.04 - Provision for credit losses (PCL) of $746 million, a decrease from $1,011 million - Reported return on equity (ROE) of 12.1%, compared with 10.6%; adjusted ROE 1 of 12.4%, compared with 11.3% - Common Equity Tier 1 (CET1) Ratio 3 of 13.1%,…","First Quarter 2026 compared with First Quarter 2025: - Reported net income 1 of $2,489 million, an increase of 16% from $2,138 million; adjusted net income 1 of $2,551 million, an increase of 11% from $2,289 million - Reported earnings per share (EPS) 2 of $3.39, an increase of 20% from $2.83; adjusted EPS 1, 2 of $3.48, an increase of 15% from $3.04 - Provision for credit losses (PCL) of $746 million, a decrease…"
"nomic-embed-v1.5","bmo-retrieval-147","Verify and cite the exact passage: What sources comprise the Enhanced Disclosure Task Force index for Q1 2026?","bmo-8d91847f7b276d39bde4","3","Q126_ReportToShareholders","6","data/raw/Q126_ReportToShareholders.pdf, p. 2","2","Enhanced Disclosure Task Force","data/raw/Q126_ReportToShareholders.pdf","Disclosures related to recommendations from the Financial Stability Board's Enhanced Disclosure Task Force (EDTF) to provide high-quality, transparent risk disclosures are detailed in the index below, as presented in BMO's 2025 Annual Report, the First Quarter 2026 Report to Shareholders (RTS), Supplemental Financial Information (SFI) or Supplemental Regulatory Capital Information (SRCI). Information on BMO's website, including information within the SFI or SRCI, is not and should not be considered incorporated by reference into our First Quarter 2026 Report to Shareholders.","Disclosures related to recommendations from the Financial Stability Board's Enhanced Disclosure Task Force (EDTF) to provide high-quality, transparent risk disclosures are detailed in the index below, as presented in BMO's 2025 Annual Report, the First Quarter 2026 Report to Shareholders (RTS), Supplemental Financial Information (SFI) or Supplemental Regulatory Capital Information (SRCI). Information on BMO's…"
"nomic-embed-v1.5","bmo-retrieval-148","Retrieval check — As of what date is the Q1 2026 MD&A commentary?","bmo-e1d52777fdb6d735ef1f","3","Q126_ReportToShareholders","10","data/raw/Q126_ReportToShareholders.pdf, p. 3","3","Management's Discussion and Analysis","data/raw/Q126_ReportToShareholders.pdf","Management's Discussion and Analysis (MD&A) commentary is as at February 25, 2026 for the period ended January 31, 2026. The material that precedes this section comprises part of this MD&A. The MD&A should be read in conjunction with the unaudited interim consolidated financial statements for the period ended January 31, 2026, included in this document, as well as the audited annual consolidated financial statements for the year ended October 31, 2025, and the 2025 annual MD&A, contained in Bank of Montreal's 2025 Annual Report.","Management's Discussion and Analysis (MD&A) commentary is as at February 25, 2026 for the period ended January 31, 2026. The material that precedes this section comprises part of this MD&A. The MD&A should be read in conjunction with the unaudited interim consolidated financial statements for the period ended January 31, 2026, included in this document, as well as the audited annual consolidated financial statements…"
"nomic-embed-v1.5","bmo-retrieval-149","I need the precise period and units. What reported and adjusted net income did BMO post in Q2 2026?","bmo-f5f3c016c51708e08e29","3","Q226_EarningsRelease","1","data/raw/Q226_EarningsRelease.pdf, p. 1","1","Financial Results Highlights","data/raw/Q226_EarningsRelease.pdf","Second Quarter 2026 compared with Second Quarter 2025: - Reported net income 1 of $2,630 million, an increase of 34% from $1,962 million; adjusted net income 1 of $2,733 million, an increase of 34% from $2,046 million - Reported earnings per share (EPS) 2 of $3.53, an increase of 41% from $2.50; adjusted EPS 1, 2 of $3.67, an increase of 40% from $2.62 - Provision for credit losses (PCL) of $739 million, a decrease from $1,054 million - Reported return on equity (ROE) of 13.0%, compared with 9.4%; adjusted ROE 1 of 13.5%, compared with 9.8% - Common Equity Tier 1 (CET1) Ratio 3 of 13.0%,…","Second Quarter 2026 compared with Second Quarter 2025: - Reported net income 1 of $2,630 million, an increase of 34% from $1,962 million; adjusted net income 1 of $2,733 million, an increase of 34% from $2,046 million - Reported earnings per share (EPS) 2 of $3.53, an increase of 41% from $2.50; adjusted EPS 1, 2 of $3.67, an increase of 40% from $2.62 - Provision for credit losses (PCL) of $739 million, a decrease…"
"nomic-embed-v1.5","bmo-retrieval-150","In the supplied corpus, what dividend did BMO declare in Q2 2026 and how much did it increase?","bmo-f5f3c016c51708e08e29","3","Q226_EarningsRelease","1","data/raw/Q226_EarningsRelease.pdf, p. 1","1","Financial Results Highlights","data/raw/Q226_EarningsRelease.pdf","Second Quarter 2026 compared with Second Quarter 2025: - Reported net income 1 of $2,630 million, an increase of 34% from $1,962 million; adjusted net income 1 of $2,733 million, an increase of 34% from $2,046 million - Reported earnings per share (EPS) 2 of $3.53, an increase of 41% from $2.50; adjusted EPS 1, 2 of $3.67, an increase of 40% from $2.62 - Provision for credit losses (PCL) of $739 million, a decrease from $1,054 million - Reported return on equity (ROE) of 13.0%, compared with 9.4%; adjusted ROE 1 of 13.5%, compared with 9.8% - Common Equity Tier 1 (CET1) Ratio 3 of 13.0%,…","Second Quarter 2026 compared with Second Quarter 2025: - Reported net income 1 of $2,630 million, an increase of 34% from $1,962 million; adjusted net income 1 of $2,733 million, an increase of 34% from $2,046 million - Reported earnings per share (EPS) 2 of $3.53, an increase of 41% from $2.50; adjusted EPS 1, 2 of $3.67, an increase of 40% from $2.62 - Provision for credit losses (PCL) of $739 million, a decrease…"
"nomic-embed-v1.5","bmo-retrieval-151","Using only Q226 EarningsRelease, what were BMO's year-to-date 2026 reported and adjusted EPS?","bmo-ccc96f75ce929cfa0857","3","Q226_EarningsRelease","2","data/raw/Q226_EarningsRelease.pdf, p. 1","1","Year-to-Date 2026 compared with Year-to-Date 2025:","data/raw/Q226_EarningsRelease.pdf","- Reported net income 1 of $5,119 million, an increase of 25% from $4,100 million; adjusted net income 1 of $5,284 million, an increase of 22% from $4,335 million - Reported EPS 2 of $6.92, an increase of 30% from $5.34; adjusted EPS 1, 2 of $7.15, an increase of 26% from $5.66 - PCL of $1,485 million, a decrease from $2,065 million - Reported ROE of 12.5%, compared with 10.0%; adjusted ROE 1 of 12.9%, compared with 10.6%","- Reported net income 1 of $5,119 million, an increase of 25% from $4,100 million; adjusted net income 1 of $5,284 million, an increase of 22% from $4,335 million - Reported EPS 2 of $6.92, an increase of 30% from $5.34; adjusted EPS 1, 2 of $7.15, an increase of 26% from $5.66 - PCL of $1,485 million, a decrease from $2,065 million - Reported ROE of 12.5%, compared with 10.0%; adjusted ROE 1 of 12.9%, compared with…"
"nomic-embed-v1.5","bmo-retrieval-152","Verify and cite the exact passage: How did Canadian P&C net income change in Q2 2026?","bmo-d8b4ff732985f2971b8b","3","Q226_EarningsRelease","12","data/raw/Q226_EarningsRelease.pdf, p. 2","2","Canadian P&C","data/raw/Q226_EarningsRelease.pdf","Reported net income was $884 million, an increase of $120 million or 15% from the prior year, and adjusted net income was $887 million, an increase of $119 million or 15%, primarily due to a 5% increase in revenue, as well as a lower provision for credit losses, partially offset by higher expenses. Revenue growth was driven by increases in net interest income, primarily due to higher net interest margin, and non-interest revenue due to higher card-related and mutual fund distribution fees, partially offset by lower deposit fee revenue.","Reported net income was $884 million, an increase of $120 million or 15% from the prior year, and adjusted net income was $887 million, an increase of $119 million or 15%, primarily due to a 5% increase in revenue, as well as a lower provision for credit losses, partially offset by higher expenses. Revenue growth was driven by increases in net interest income, primarily due to higher net interest margin, and…"
"nomic-embed-v1.5","bmo-retrieval-153","Retrieval check — For what period were BMO's Q2 2026 interim financial statements prepared?","bmo-4052b8af184c044dbe66","3","Q226_ReportToShareholders","0","data/raw/Q226_ReportToShareholders.pdf, p. 1","1","REPORT TO SHAREHOLDERS","data/raw/Q226_ReportToShareholders.pdf","BMO's Second Quarter 2026 Report to Shareholders, including the unaudited interim consolidated financial statements for the period ended April 30, 2026, are available online at www.bmo.com/investorrelations, on the Canadian Securities Administrators' website at www.sedarplus.ca, and on the EDGAR section of the U.S. Securities and Exchange Commission's website at www.sec.gov.","BMO's Second Quarter 2026 Report to Shareholders, including the unaudited interim consolidated financial statements for the period ended April 30, 2026, are available online at www.bmo.com/investorrelations, on the Canadian Securities Administrators' website at www.sedarplus.ca, and on the EDGAR section of the U.S. Securities and Exchange Commission's website at www.sec.gov."
"nomic-embed-v1.5","bmo-retrieval-154","I need the precise period and units. What were BMO's Q2 2026 reported EPS, adjusted EPS and CET1 ratio?","bmo-066760077664f9e1d968","3","Q226_ReportToShareholders","1","data/raw/Q226_ReportToShareholders.pdf, p. 1","1","Financial Results Highlights","data/raw/Q226_ReportToShareholders.pdf","Second Quarter 2026 compared with Second Quarter 2025: - Reported net income 1 of $2,630 million, an increase of 34% from $1,962 million; adjusted net income 1 of $2,733 million, an increase of 34% from $2,046 million - Reported earnings per share (EPS) 2 of $3.53, an increase of 41% from $2.50; adjusted EPS 1, 2 of $3.67, an increase of 40% from $2.62 - Provision for credit losses (PCL) of $739 million, a decrease from $1,054 million - Reported return on equity (ROE) of 13.0%, compared with 9.4%; adjusted ROE 1 of 13.5%, compared with 9.8% - Common Equity Tier 1 (CET1) Ratio 3 of 13.0%,…","Second Quarter 2026 compared with Second Quarter 2025: - Reported net income 1 of $2,630 million, an increase of 34% from $1,962 million; adjusted net income 1 of $2,733 million, an increase of 34% from $2,046 million - Reported earnings per share (EPS) 2 of $3.53, an increase of 41% from $2.50; adjusted EPS 1, 2 of $3.67, an increase of 40% from $2.62 - Provision for credit losses (PCL) of $739 million, a decrease…"
"nomic-embed-v1.5","bmo-retrieval-155","In the supplied corpus, what were BMO's year-to-date 2026 net income and PCL?","bmo-d7c2c5bcc623f9e1603d","3","Q226_ReportToShareholders","2","data/raw/Q226_ReportToShareholders.pdf, p. 1","1","Year-to-Date 2026 compared with Year-to-Date 2025:","data/raw/Q226_ReportToShareholders.pdf","- Reported net income 1 of $5,119 million, an increase of 25% from $4,100 million; adjusted net income 1 of $5,284 million, an increase of 22% from $4,335 million - Reported EPS 2 of $6.92, an increase of 30% from $5.34; adjusted EPS 1, 2 of $7.15, an increase of 26% from $5.66 - PCL of $1,485 million, a decrease from $2,065 million - Reported ROE of 12.5%, compared with 10.0%; adjusted ROE 1 of 12.9%, compared with 10.6%","- Reported net income 1 of $5,119 million, an increase of 25% from $4,100 million; adjusted net income 1 of $5,284 million, an increase of 22% from $4,335 million - Reported EPS 2 of $6.92, an increase of 30% from $5.34; adjusted EPS 1, 2 of $7.15, an increase of 26% from $5.66 - PCL of $1,485 million, a decrease from $2,065 million - Reported ROE of 12.5%, compared with 10.0%; adjusted ROE 1 of 12.9%, compared with…"
"nomic-embed-v1.5","bmo-retrieval-156","Using only Q226 ReportToShareholders, what sources comprise the Enhanced Disclosure Task Force index for Q2 2026?","bmo-8ab5d6ee881e05d83772","3","Q226_ReportToShareholders","11","data/raw/Q226_ReportToShareholders.pdf, p. 3","3","Enhanced Disclosure Task Force","data/raw/Q226_ReportToShareholders.pdf","Disclosures related to recommendations from the Financial Stability Board's Enhanced Disclosure Task Force (EDTF) to provide high-quality, transparent risk disclosures are detailed in the index below, as presented in BMO's 2025 Annual Report, the Second Quarter 2026 Report to Shareholders (RTS), Supplemental Financial Information (SFI) or Supplemental Regulatory Capital Information (SRCI). Information on BMO's website, including information within the SFI or SRCI, is not and should not be considered incorporated by reference into our Second Quarter 2026 Report to Shareholders.","Disclosures related to recommendations from the Financial Stability Board's Enhanced Disclosure Task Force (EDTF) to provide high-quality, transparent risk disclosures are detailed in the index below, as presented in BMO's 2025 Annual Report, the Second Quarter 2026 Report to Shareholders (RTS), Supplemental Financial Information (SFI) or Supplemental Regulatory Capital Information (SRCI). Information on BMO's…"
"nomic-embed-v1.5","bmo-retrieval-157","Verify and cite the exact passage: What reported and adjusted net income did BMO post in Q3 2026?","bmo-ff6f00d78e116ab4af67","3","Q326_EarningsRelease","3","data/raw/Q326_EarningsRelease.pdf, p. 1","1","Financial Results Highlights","data/raw/Q326_EarningsRelease.pdf","Toronto, August 25, 2026 - BMO Financial Group (TSX:BMO) (NYSE:BMO) reported net income for the third quarter ended July 31, 2026 was $1,750 million, compared with $2,330 million in the prior year, and EPS of $2.38, compared with $3.14. Reported ROE was 8.4%, compared with 11.6% in the prior year. The decrease in reported results was driven by a charge related to the reduction in goodwill associated with the announced sale of BMO's Transportation and Vendor Finance businesses. Adjusted net income of $2,859 million increased 19% from $2,399 million in the prior year, and adjusted EPS of $3.96…","Toronto, August 25, 2026 - BMO Financial Group (TSX:BMO) (NYSE:BMO) reported net income for the third quarter ended July 31, 2026 was $1,750 million, compared with $2,330 million in the prior year, and EPS of $2.38, compared with $3.14. Reported ROE was 8.4%, compared with 11.6% in the prior year. The decrease in reported results was driven by a charge related to the reduction in goodwill associated with the…"
"nomic-embed-v1.5","bmo-retrieval-158","Retrieval check — What were BMO's reported and adjusted EPS in Q3 2026?","bmo-ff6f00d78e116ab4af67","3","Q326_EarningsRelease","3","data/raw/Q326_EarningsRelease.pdf, p. 1","1","Financial Results Highlights","data/raw/Q326_EarningsRelease.pdf","Toronto, August 25, 2026 - BMO Financial Group (TSX:BMO) (NYSE:BMO) reported net income for the third quarter ended July 31, 2026 was $1,750 million, compared with $2,330 million in the prior year, and EPS of $2.38, compared with $3.14. Reported ROE was 8.4%, compared with 11.6% in the prior year. The decrease in reported results was driven by a charge related to the reduction in goodwill associated with the announced sale of BMO's Transportation and Vendor Finance businesses. Adjusted net income of $2,859 million increased 19% from $2,399 million in the prior year, and adjusted EPS of $3.96…","Toronto, August 25, 2026 - BMO Financial Group (TSX:BMO) (NYSE:BMO) reported net income for the third quarter ended July 31, 2026 was $1,750 million, compared with $2,330 million in the prior year, and EPS of $2.38, compared with $3.14. Reported ROE was 8.4%, compared with 11.6% in the prior year. The decrease in reported results was driven by a charge related to the reduction in goodwill associated with the…"
"nomic-embed-v1.5","bmo-retrieval-159","I need the precise period and units. How did Canadian P&C net income change in Q3 2026?","bmo-039cc788a0c03af90fd1","3","Q326_EarningsRelease","10","data/raw/Q326_EarningsRelease.pdf, p. 2","2","Canadian P&C","data/raw/Q326_EarningsRelease.pdf","Reported net income was $980 million, an increase of $131 million or 16% from the prior year, and adjusted net income was $983 million, an increase of $131 million or 15%, primarily due to a 6% increase in revenue and a lower provision for credit losses, partially offset by higher expenses. Revenue growth was driven by increases in net interest income, primarily due to higher net interest margin and non-interest revenue.","Reported net income was $980 million, an increase of $131 million or 16% from the prior year, and adjusted net income was $983 million, an increase of $131 million or 15%, primarily due to a 6% increase in revenue and a lower provision for credit losses, partially offset by higher expenses. Revenue growth was driven by increases in net interest income, primarily due to higher net interest margin and non-interest…"
"nomic-embed-v1.5","bmo-retrieval-160","In the supplied corpus, how did U.S. Banking perform in Q3 2026 in Canadian and U.S. dollars?","bmo-48eaaf7670823fc92b7c","3","Q326_EarningsRelease","11","data/raw/Q326_EarningsRelease.pdf, p. 2","2","U.S. Banking","data/raw/Q326_EarningsRelease.pdf","Reported net income was $868 million, an increase of $101 million or 13% from the prior year, and adjusted net income was $925 million, an increase of $96 million or 11%. The impact of the stronger U.S. dollar increased each of revenue, expenses and net income by 2%. On a U.S. dollar basis, reported net income was $620 million, an increase of $62 million or 11% from the prior year, and adjusted net income was $661 million, an increase of $58 million or 9%, primarily due to a 5% increase in revenue, partially offset by higher expenses. Revenue growth was driven by increases in net interest…","Reported net income was $868 million, an increase of $101 million or 13% from the prior year, and adjusted net income was $925 million, an increase of $96 million or 11%. The impact of the stronger U.S. dollar increased each of revenue, expenses and net income by 2%. On a U.S. dollar basis, reported net income was $620 million, an increase of $62 million or 11% from the prior year, and adjusted net income was $661…"
"nomic-embed-v1.5","bmo-retrieval-161","Using only Q326 ReportToShareholders, for what period were BMO's Q3 2026 interim financial statements prepared?","bmo-2ffa15156b342d3ca1f0","3","Q326_ReportToShareholders","0","data/raw/Q326_ReportToShareholders.pdf, p. 1","1","REPORT TO SHAREHOLDERS","data/raw/Q326_ReportToShareholders.pdf","BMO's Third Quarter 2026 Report to Shareholders, including the unaudited interim consolidated financial statements for the period ended July 31, 2026, are available online at www.bmo.com/investorrelations, on the Canadian Securities Administrators' website at www.sedarplus.ca, and on the EDGAR section of the U.S. Securities and Exchange Commission's website at www.sec.gov.","BMO's Third Quarter 2026 Report to Shareholders, including the unaudited interim consolidated financial statements for the period ended July 31, 2026, are available online at www.bmo.com/investorrelations, on the Canadian Securities Administrators' website at www.sedarplus.ca, and on the EDGAR section of the U.S. Securities and Exchange Commission's website at www.sec.gov."
"nomic-embed-v1.5","bmo-retrieval-162","Verify and cite the exact passage: What were BMO's Q3 2026 PCL, ROE and CET1 ratio?","bmo-39e69130adc5b1f4211c","3","Q326_ReportToShareholders","1","data/raw/Q326_ReportToShareholders.pdf, p. 1","1","Financial Results Highlights","data/raw/Q326_ReportToShareholders.pdf","Third Quarter 2026 compared with Third Quarter 2025: - Reported net income 1 of $1,750 million, a decrease of 25% from $2,330 million; adjusted net income 1 of $2,859 million, an increase of 19% from $2,399 million - Reported earnings per share (EPS) 2 of $2.38, a decrease of 24% from $3.14; adjusted EPS 1, 2 of $3.96, an increase of 22% from $3.23 - Provision for credit losses (PCL) of $722 million, a decrease from $797 million - Reported return on equity (ROE) of 8.4%, compared with 11.6%; adjusted ROE 1 of 14.0%, compared with 12.0% - Common Equity Tier 1 (CET1) Ratio 3 of 13.0%, compared…","Third Quarter 2026 compared with Third Quarter 2025: - Reported net income 1 of $1,750 million, a decrease of 25% from $2,330 million; adjusted net income 1 of $2,859 million, an increase of 19% from $2,399 million - Reported earnings per share (EPS) 2 of $2.38, a decrease of 24% from $3.14; adjusted EPS 1, 2 of $3.96, an increase of 22% from $3.23 - Provision for credit losses (PCL) of $722 million, a decrease from…"
"nomic-embed-v1.5","bmo-retrieval-163","Retrieval check — What deposits, loans and premium are involved in the planned sale of 138 U.S. branches?","bmo-6fb966f5b5040235a7fb","3","Q326_ReportToShareholders","9","data/raw/Q326_ReportToShareholders.pdf, p. 2","2","Divestitures","data/raw/Q326_ReportToShareholders.pdf","On October 16, 2025, we announced the sale of 138 BMO branches in select markets to First-Citizens Bank & Trust Company (First Citizens Bank) to support the optimization of our U.S. branch network and the redeployment of capital and resources. Under the terms of this agreement, First Citizens Bank will assume approximately US$5.3 billion (CAD$7.4 billion) in deposits and purchase approximately US$0.7 billion (CAD$1.0 billion) in loans as at July 31, 2026, for a net deposit premium of approximately 5% paid on closing. This transaction is expected to close in the fourth quarter of fiscal 2026,…","On October 16, 2025, we announced the sale of 138 BMO branches in select markets to First-Citizens Bank & Trust Company (First Citizens Bank) to support the optimization of our U.S. branch network and the redeployment of capital and resources. Under the terms of this agreement, First Citizens Bank will assume approximately US$5.3 billion (CAD$7.4 billion) in deposits and purchase approximately US$0.7 billion…"
"nomic-embed-v1.5","bmo-retrieval-164","I need the precise period and units. What business did BMO agree to acquire from Euroz Hartleys in June 2026?","bmo-bcc2c4e929bb21b726b3","3","Q326_ReportToShareholders","13","data/raw/Q326_ReportToShareholders.pdf, p. 2","2","Acquisitions","data/raw/Q326_ReportToShareholders.pdf","On June 29, 2026, we entered into a definitive agreement to acquire the Australia-based metals and mining focused capital markets business of Euroz Hartleys Group Limited (Euroz Hartleys). This acquisition is expected to close in the fourth quarter of calendar 2026, subject to Euroz Hartleys shareholder approval, regulatory approvals and satisfaction of other customary closing conditions. Following closing, the acquired business will form part of the Capital Markets operating segment. For further information on the above divestitures and acquisition, refer to Note 13 of the unaudited interim…","On June 29, 2026, we entered into a definitive agreement to acquire the Australia-based metals and mining focused capital markets business of Euroz Hartleys Group Limited (Euroz Hartleys). This acquisition is expected to close in the fourth quarter of calendar 2026, subject to Euroz Hartleys shareholder approval, regulatory approvals and satisfaction of other customary closing conditions. Following closing, the…"
"nomic-embed-v1.5","bmo-retrieval-165","In the supplied corpus, how should BMO's Q3 2026 supplementary regulatory capital information be used?","bmo-2cf4a13431087798555b","3","RegSuppQ326","3","data/raw/RegSuppQ326.pdf, p. 3","3","Use of this Document","data/raw/RegSuppQ326.pdf","The supplementary information contained in this package is designed to improve the readers' understanding of the capital requirements of BMO Financial Group (the Bank). This information should be used in conjunction with the Bank's Third quarter 2026 Report to Shareholders and the 2025 Annual Report available on the Canadian Securities Administrators' website at www.sedarplus.ca and BMO's website at www.bmo.com/investorrelations.","The supplementary information contained in this package is designed to improve the readers' understanding of the capital requirements of BMO Financial Group (the Bank). This information should be used in conjunction with the Bank's Third quarter 2026 Report to Shareholders and the 2025 Annual Report available on the Canadian Securities Administrators' website at www.sedarplus.ca and BMO's website at…"
"nomic-embed-v1.5","bmo-retrieval-166","Using only RegSuppQ326, which frameworks and OSFI guidelines determine BMO's regulatory capital disclosures?","bmo-a54590afe687d72bd739","3","RegSuppQ326","5","data/raw/RegSuppQ326.pdf, p. 3","3","Regulatory Framework","data/raw/RegSuppQ326.pdf","Regulatory capital requirements for the bank are determined in accordance with guidelines issued by the Office of the Superintendent of Financial Institutions (OSFI), which are based on the revised Basel III Reforms framework (inclusive of the 2017 Basel III Reforms) developed by the Basel Committee on Banking Supervision (BCBS). The measures and disclosures herein are presented in accordance with OSFI's Pillar 3 Disclosure Guideline, including the Total Loss Absorbing Capacity (TLAC) Disclosure Requirements Guideline for domestic systemically important banks (D-SIBs) and the Enhanced…","Regulatory capital requirements for the bank are determined in accordance with guidelines issued by the Office of the Superintendent of Financial Institutions (OSFI), which are based on the revised Basel III Reforms framework (inclusive of the 2017 Basel III Reforms) developed by the Basel Committee on Banking Supervision (BCBS). The measures and disclosures herein are presented in accordance with OSFI's Pillar 3…"
"nomic-embed-v1.5","bmo-retrieval-167","Verify and cite the exact passage: Which insurance subsidiaries are excluded from BMO's regulatory-scope balance sheet?","bmo-73a6a79d9baa8b1e01b3","3","RegSuppQ326","27","data/raw/RegSuppQ326.pdf, p. 9","9","CC2 - RECONCILIATION OF REGULATORY CAPITAL TO BALANCE SHEET","data/raw/RegSuppQ326.pdf","(1) Balance sheet under regulatory scope does not include the following entities: BMO Life Insurance Company and BMO Reinsurance Limited. Insurance subsidiaries are included in the regulatory balance sheet using the equity method of accounting and are capitalized as significant investments in financials. BMO Life Insurance Company ($23,046 million assets and $2,610 million equity) covers the development and marketing of individual life, critical illness and annuity products as well as segregated funds. It also offers group creditor and travel insurance to bank customers in Canada. BMO…","(1) Balance sheet under regulatory scope does not include the following entities: BMO Life Insurance Company and BMO Reinsurance Limited. Insurance subsidiaries are included in the regulatory balance sheet using the equity method of accounting and are capitalized as significant investments in financials. BMO Life Insurance Company ($23,046 million assets and $2,610 million equity) covers the development and…"
"nomic-embed-v1.5","bmo-retrieval-168","Retrieval check — What products are offered by BMO Life Insurance Company?","bmo-73a6a79d9baa8b1e01b3","3","RegSuppQ326","27","data/raw/RegSuppQ326.pdf, p. 9","9","CC2 - RECONCILIATION OF REGULATORY CAPITAL TO BALANCE SHEET","data/raw/RegSuppQ326.pdf","(1) Balance sheet under regulatory scope does not include the following entities: BMO Life Insurance Company and BMO Reinsurance Limited. Insurance subsidiaries are included in the regulatory balance sheet using the equity method of accounting and are capitalized as significant investments in financials. BMO Life Insurance Company ($23,046 million assets and $2,610 million equity) covers the development and marketing of individual life, critical illness and annuity products as well as segregated funds. It also offers group creditor and travel insurance to bank customers in Canada. BMO…","(1) Balance sheet under regulatory scope does not include the following entities: BMO Life Insurance Company and BMO Reinsurance Limited. Insurance subsidiaries are included in the regulatory balance sheet using the equity method of accounting and are capitalized as significant investments in financials. BMO Life Insurance Company ($23,046 million assets and $2,610 million equity) covers the development and…"
"nomic-embed-v1.5","bmo-retrieval-169","I need the precise period and units. What four operating segments does BMO use in its Q1 2026 supplemental information?","bmo-ed5dda6fe554f6377824","3","Suppq126","5","data/raw/Suppq126.pdf, p. 3","3","Operating Segment Results","data/raw/Suppq126.pdf","BMO reports financial results for its four operating segments, all of which are supported by Corporate Units and Technology and Operations (T&O) within Corporate Services. Operating segment results include allocations from Corporate Services for treasury-related revenue, corporate and T&O costs, and capital. For more information, see the ""How BMO Reports Operating Group Results"" section of the 2025 BMO Annual MD&A.","BMO reports financial results for its four operating segments, all of which are supported by Corporate Units and Technology and Operations (T&O) within Corporate Services. Operating segment results include allocations from Corporate Services for treasury-related revenue, corporate and T&O costs, and capital. For more information, see the ""How BMO Reports Operating Group Results"" section of the 2025 BMO Annual MD&A."
"nomic-embed-v1.5","bmo-retrieval-170","In the supplied corpus, why does BMO's Q1 2026 supplemental package present both reported and adjusted results?","bmo-bc4c98d33041974d0a12","3","Suppq126","8","data/raw/Suppq126.pdf, p. 3","3","Adjusted measures and ratios","data/raw/Suppq126.pdf","Management considers both reported and adjusted results and measures useful in assessing underlying ongoing business performance. Adjusted results and measures remove certain specified items from revenue, non-interest expense and income taxes, as detailed on page 2. Adjusted results and measures presented in this document are non-GAAP. Presenting results on both a reported basis and an adjusted basis permits readers to assess the impact of certain items on results for the periods presented, and to better assess results excluding those items that may not be reflective of ongoing business…","Management considers both reported and adjusted results and measures useful in assessing underlying ongoing business performance. Adjusted results and measures remove certain specified items from revenue, non-interest expense and income taxes, as detailed on page 2. Adjusted results and measures presented in this document are non-GAAP. Presenting results on both a reported basis and an adjusted basis permits readers…"
"nomic-embed-v1.5","bmo-retrieval-171","Using only Suppq126, what businesses are excluded from the net interest margin measure in BMO's Q1 2026 supplement?","bmo-09bed7072130add46cbf","3","Suppq126","10","data/raw/Suppq126.pdf, p. 3","3","Net Interest Margin, excluding Global Markets and Insurance","data/raw/Suppq126.pdf","Effective the first quarter of fiscal 2026, we report net interest margin on a basis that excludes net interest income from our Global Markets business in Capital Markets, and average earning assets from our Global Markets and Insurance businesses. Management considers this measure to be useful in allowing readers to assess performance of BMO's lending, investing and deposit-raising activities without the volatility that may be associated with market and trading-related activities. This measure replaces Net Interest Margin, excluding trading and insurance previously disclosed, and prior…","Effective the first quarter of fiscal 2026, we report net interest margin on a basis that excludes net interest income from our Global Markets business in Capital Markets, and average earning assets from our Global Markets and Insurance businesses. Management considers this measure to be useful in allowing readers to assess performance of BMO's lending, investing and deposit-raising activities without the volatility…"
"nomic-embed-v1.5","bmo-retrieval-172","Verify and cite the exact passage: Which report and annual report should be read with the Q1 supplemental package?","bmo-caf5e580a0b472bc9d0c","3","Suppq126","2","data/raw/Suppq126.pdf, p. 3","3","Return on Equity by Operating Segment","data/raw/Suppq126.pdf","The supplemental information contained in this package is designed to improve the readers' understanding of the financial performance of BMO Financial Group (the Bank). This information should be used in conjunction with the Bank's First Quarter 2026 Report to Shareholders and the 2025 Annual Report available on the Canadian Securities Administrators' website at www.sedarplus.ca and BMO's website at www.bmo.com/investor relations.","The supplemental information contained in this package is designed to improve the readers' understanding of the financial performance of BMO Financial Group (the Bank). This information should be used in conjunction with the Bank's First Quarter 2026 Report to Shareholders and the 2025 Annual Report available on the Canadian Securities Administrators' website at www.sedarplus.ca and BMO's website at…"
"nomic-embed-v1.5","bmo-retrieval-173","Retrieval check — What four operating segments does BMO use in its Q2 2026 supplemental information?","bmo-20158f1679b5f85fec72","3","Suppq226","5","data/raw/Suppq226.pdf, p. 3","3","Operating Segment Results","data/raw/Suppq226.pdf","BMO reports financial results for its four operating segments, all of which are supported by Corporate Units and Technology and Operations (T&O) within Corporate Services. Operating segment results include allocations from Corporate Services for treasury-related revenue, corporate and T&O costs, and capital. For more information, see the ""How BMO Reports Operating Group Results"" section of the 2025 BMO Annual MD&A.","BMO reports financial results for its four operating segments, all of which are supported by Corporate Units and Technology and Operations (T&O) within Corporate Services. Operating segment results include allocations from Corporate Services for treasury-related revenue, corporate and T&O costs, and capital. For more information, see the ""How BMO Reports Operating Group Results"" section of the 2025 BMO Annual MD&A."
"nomic-embed-v1.5","bmo-retrieval-174","I need the precise period and units. Why does BMO's Q2 2026 supplemental package present both reported and adjusted results?","bmo-80f5f38e279e7e0ce03b","3","Suppq226","8","data/raw/Suppq226.pdf, p. 3","3","Adjusted measures and ratios","data/raw/Suppq226.pdf","Management considers both reported and adjusted results and measures useful in assessing underlying ongoing business performance. Adjusted results and measures remove certain specified items from revenue, non-interest expense and income taxes, as detailed on page 2. Adjusted results and measures presented in this document are non-GAAP. Presenting results on both a reported basis and an adjusted basis permits readers to assess the impact of certain items on results for the periods presented, and to better assess results excluding those items that may not be reflective of ongoing business…","Management considers both reported and adjusted results and measures useful in assessing underlying ongoing business performance. Adjusted results and measures remove certain specified items from revenue, non-interest expense and income taxes, as detailed on page 2. Adjusted results and measures presented in this document are non-GAAP. Presenting results on both a reported basis and an adjusted basis permits readers…"
"nomic-embed-v1.5","bmo-retrieval-175","In the supplied corpus, what businesses are excluded from the net interest margin measure in BMO's Q2 2026 supplement?","bmo-474d4291746250dd9809","3","Suppq226","10","data/raw/Suppq226.pdf, p. 3","3","Net Interest Margin, excluding Global Markets and Insurance","data/raw/Suppq226.pdf","Effective the first quarter of fiscal 2026, we report net interest margin on a basis that excludes net interest income from our Global Markets business in Capital Markets, and average earning assets from our Global Markets and Insurance businesses. Management considers this measure to be useful in allowing readers to assess performance of BMO's lending, investing and deposit-raising activities without the volatility that may be associated with market and trading-related activities. This measure replaces Net Interest Margin, excluding trading and insurance previously disclosed, and prior…","Effective the first quarter of fiscal 2026, we report net interest margin on a basis that excludes net interest income from our Global Markets business in Capital Markets, and average earning assets from our Global Markets and Insurance businesses. Management considers this measure to be useful in allowing readers to assess performance of BMO's lending, investing and deposit-raising activities without the volatility…"
"nomic-embed-v1.5","bmo-retrieval-176","Using only Suppq226, which report and annual report should be read with the Q2 supplemental package?","bmo-c9b2c0fcbd3648e62fb2","3","Suppq226","2","data/raw/Suppq226.pdf, p. 3","3","Return on Equity by Operating Segment","data/raw/Suppq226.pdf","The supplemental information contained in this package is designed to improve the readers' understanding of the financial performance of BMO Financial Group (the Bank). This information should be used in conjunction with the Bank's Second Quarter 2026 Report to Shareholders and the 2025 Annual Report available on the Canadian Securities Administrators' website at www.sedarplus.ca and BMO's website at www.bmo.com/investor relations.","The supplemental information contained in this package is designed to improve the readers' understanding of the financial performance of BMO Financial Group (the Bank). This information should be used in conjunction with the Bank's Second Quarter 2026 Report to Shareholders and the 2025 Annual Report available on the Canadian Securities Administrators' website at www.sedarplus.ca and BMO's website at…"
"nomic-embed-v1.5","bmo-retrieval-177","Verify and cite the exact passage: What four operating segments does BMO use in its Q3 2026 supplemental information?","bmo-b744a42f03800223bbe0","3","SuppQ326","5","data/raw/SuppQ326.pdf, p. 3","3","Operating Segment Results","data/raw/SuppQ326.pdf","BMO reports financial results for its four operating segments, all of which are supported by Corporate Units and Technology and Operations (T&O) within Corporate Services. Operating segment results include allocations from Corporate Services for treasury-related revenue, corporate and T&O costs, and capital. For more information, see the ""How BMO Reports Operating Group Results"" section of the 2025 BMO Annual MD&A.","BMO reports financial results for its four operating segments, all of which are supported by Corporate Units and Technology and Operations (T&O) within Corporate Services. Operating segment results include allocations from Corporate Services for treasury-related revenue, corporate and T&O costs, and capital. For more information, see the ""How BMO Reports Operating Group Results"" section of the 2025 BMO Annual MD&A."
"nomic-embed-v1.5","bmo-retrieval-178","Retrieval check — Why does BMO's Q3 2026 supplemental package present both reported and adjusted results?","bmo-76be7d88f338a9a8dacf","3","SuppQ326","8","data/raw/SuppQ326.pdf, p. 3","3","Adjusted measures and ratios","data/raw/SuppQ326.pdf","Management considers both reported and adjusted results and measures useful in assessing underlying ongoing business performance. Adjusted results and measures remove certain specified items from revenue, non-interest expense and income taxes, as detailed on page 2. Adjusted results and measures presented in this document are non-GAAP. Presenting results on both a reported basis and an adjusted basis permits readers to assess the impact of certain items on results for the periods presented, and to better assess results excluding those items that may not be reflective of ongoing business…","Management considers both reported and adjusted results and measures useful in assessing underlying ongoing business performance. Adjusted results and measures remove certain specified items from revenue, non-interest expense and income taxes, as detailed on page 2. Adjusted results and measures presented in this document are non-GAAP. Presenting results on both a reported basis and an adjusted basis permits readers…"
"nomic-embed-v1.5","bmo-retrieval-179","I need the precise period and units. What businesses are excluded from the net interest margin measure in BMO's Q3 2026 supplement?","bmo-c642804b854d7c55939b","3","SuppQ326","10","data/raw/SuppQ326.pdf, p. 3","3","Net Interest Margin, excluding Global Markets and Insurance","data/raw/SuppQ326.pdf","Effective the first quarter of fiscal 2026, we report net interest margin on a basis that excludes net interest income from our Global Markets business in Capital Markets, and average earning assets from our Global Markets and Insurance businesses. Management considers this measure to be useful in allowing readers to assess performance of BMO's lending, investing and deposit-raising activities without the volatility that may be associated with market and trading-related activities. This measure replaces Net Interest Margin, excluding trading and insurance previously disclosed, and prior…","Effective the first quarter of fiscal 2026, we report net interest margin on a basis that excludes net interest income from our Global Markets business in Capital Markets, and average earning assets from our Global Markets and Insurance businesses. Management considers this measure to be useful in allowing readers to assess performance of BMO's lending, investing and deposit-raising activities without the volatility…"
"nomic-embed-v1.5","bmo-retrieval-180","In the supplied corpus, which report and annual report should be read with the Q3 supplemental package?","bmo-dfd353eaf3be553105c7","3","SuppQ326","2","data/raw/SuppQ326.pdf, p. 3","3","Return on Equity by Operating Segment","data/raw/SuppQ326.pdf","The supplemental information contained in this package is designed to improve the readers' understanding of the financial performance of BMO Financial Group (the Bank). This information should be used in conjunction with the Bank's Third Quarter 2026 Report to Shareholders and the 2025 Annual Report available on the Canadian Securities Administrators' website at www.sedarplus.ca and BMO's website at www.bmo.com/investor relations.","The supplemental information contained in this package is designed to improve the readers' understanding of the financial performance of BMO Financial Group (the Bank). This information should be used in conjunction with the Bank's Third Quarter 2026 Report to Shareholders and the 2025 Annual Report available on the Canadian Securities Administrators' website at www.sedarplus.ca and BMO's website at…"
"nomic-embed-v1.5","bmo-retrieval-181","What medium-term adjusted return-on-equity objective does BMO state? Cite the source.","bmo-ba6596fb3be1a27c90b7","3","financial-information-c5dc87e0c5","13","https://www.bmo.com/main/about-bmo/banking/investor-relations/financial-information#2026","","Financial Information | Medium Term Financial Objectives","https://www.bmo.com/main/about-bmo/banking/investor-relations/financial-information#2026","| Performance Measure | | --- | | EPS Growth | Achieve average annual earnings per share (adjusted EPS) growth of 7% to 10% | | Return on Equity | Earn average annual return on equity (adjusted ROE) of 15% or more | | Operating Leverage | Generate average annual adjusted net operating leverage of 2% or more | | Capital | Maintain strong capital ratios that exceed regulatory requirements | Information contained in presentations have been furnished for your information only, is current only as of its date, and may be superseded by more current information. We do not undertake any obligation to…","BMO states average annual adjusted ROE of 15% or more."
"nomic-embed-v1.5","bmo-retrieval-182","According to the 2025 Annual Report, what operating segments does BMO report? Cite the relevant page or section.","bmo-de5a110a66796bcccccd","3","bmo_ar2025","109","data/raw/bmo_ar2025.pdf, p. 20","20","About BMO","data/raw/bmo_ar2025.pdf","BMO Financial Group (BMO, Bank of Montreal, the bank, we, our, us) is the seventh largest bank in North America by assets, with total assets of $1.5 trillion. Serving clients for more than 200 years, BMO is a highly diversified financial institution, providing a broad range of personal and commercial banking, wealth management, global markets and investment banking products and services to approximately thirteen million clients in Canada, the United States and select markets globally. We operate through four integrated operating segments: Canadian Personal and Commercial Banking, U.S.…","Canadian Personal and Commercial Banking, U.S. Banking, Wealth Management, and Capital Markets."
"nomic-embed-v1.5","bmo-retrieval-183","As of Q2 2026, what CET1 ratio is shown in BMO's Corporate Fact Sheet? Give the reporting date and source.","bmo-6813fe99e3518c4cf9ba","3","CorporateFactSheet","2","data/raw/CorporateFactSheet.pdf, p. 1","1","Key Metrics 1 - Q3 2026","data/raw/CorporateFactSheet.pdf","Assets ($B) 1,539 CET1 Ratio 3 (%) 13.0 Employees ~53,000 Gross Loans and Acceptances ($B) 703 Leverage Ratio 3 (%) 4.2 Branches 1,790 Deposits ($B) 1,018 Liquidity Coverage Ratio 3 (%) 125 ABMs 5,439 Credit Ratings 1 Moody's S&P DBRS Fitch Long term deposits/ Issuer Rating 7 Aa2 A+ AA AA+ Senior Debt 8 A2 A- AA (low) AA- Outlook Stable Stable Stable Stable","The supplied Corporate Fact Sheet is headed Q3 2026 and shows 13.0%. The Q2 2026 Earnings Release also reports CET1 of 13.0%; do not mislabel the Q3 fact sheet as Q2."
"nomic-embed-v1.5","bmo-retrieval-183","As of Q2 2026, what CET1 ratio is shown in BMO's Corporate Fact Sheet? Give the reporting date and source.","bmo-ccc96f75ce929cfa0857","3","Q226_EarningsRelease","2","data/raw/Q226_EarningsRelease.pdf, p. 1","1","Year-to-Date 2026 compared with Year-to-Date 2025:","data/raw/Q226_EarningsRelease.pdf","- Reported net income 1 of $5,119 million, an increase of 25% from $4,100 million; adjusted net income 1 of $5,284 million, an increase of 22% from $4,335 million - Reported EPS 2 of $6.92, an increase of 30% from $5.34; adjusted EPS 1, 2 of $7.15, an increase of 26% from $5.66 - PCL of $1,485 million, a decrease from $2,065 million - Reported ROE of 12.5%, compared with 10.0%; adjusted ROE 1 of 12.9%, compared with 10.6%","The supplied Corporate Fact Sheet is headed Q3 2026 and shows 13.0%. The Q2 2026 Earnings Release also reports CET1 of 13.0%; do not mislabel the Q3 fact sheet as Q2."
"nomic-embed-v1.5","bmo-retrieval-184","Is BMO the seventh- or eighth largest bank in North America by assets? Reconcile the public BMO sources rather than choosing one.","bmo-de5a110a66796bcccccd","3","bmo_ar2025","109","data/raw/bmo_ar2025.pdf, p. 20","20","About BMO","data/raw/bmo_ar2025.pdf","BMO Financial Group (BMO, Bank of Montreal, the bank, we, our, us) is the seventh largest bank in North America by assets, with total assets of $1.5 trillion. Serving clients for more than 200 years, BMO is a highly diversified financial institution, providing a broad range of personal and commercial banking, wealth management, global markets and investment banking products and services to approximately thirteen million clients in Canada, the United States and select markets globally. We operate through four integrated operating segments: Canadian Personal and Commercial Banking, U.S.…","The FY2025 Annual Report calls BMO seventh largest; the later Q3 2026 Corporate Fact Sheet calls it eighth largest. Preserve the dates rather than asserting a timeless rank."
"nomic-embed-v1.5","bmo-retrieval-184","Is BMO the seventh- or eighth largest bank in North America by assets? Reconcile the public BMO sources rather than choosing one.","bmo-0ab73a713f496c3c533c","3","CorporateFactSheet","0","data/raw/CorporateFactSheet.pdf, p. 1","1","About BMO","data/raw/CorporateFactSheet.pdf","BMO Financial Group is the eighth largest bank in North America by assets, with total assets of $1.5 trillion. 1,2 Serving clients for more than 200 years, BMO is a highly diversified financial institution, providing a broad range of personal and commercial banking, wealth management, global markets and investment banking products and services to approximately thirteen million clients in Canada, the United States and select markets globally. At BMO, we continue to build a digital-first, future-ready bank. Anchored by our Purpose, we are differentiated by our strategic priorities for growth,…","The FY2025 Annual Report calls BMO seventh largest; the later Q3 2026 Corporate Fact Sheet calls it eighth largest. Preserve the dates rather than asserting a timeless rank."
"nomic-embed-v1.5","bmo-retrieval-185","How does the 2025 Annual Report characterize BMO's use of AI, and what responsible-AI controls or principles are mentioned?","bmo-1362e465a0a73958d7b3","3","bmo_ar2025","34","data/raw/bmo_ar2025.pdf, p. 9","9","Driving value with Digital-First, AI-powered capabilities","data/raw/bmo_ar2025.pdf","The Digital-First evolution of our business continues with pace, focused on delivering world-class client experiences and driving tangible value across our business. Our innovation spans the client and employee digital experience, scaled deployment of data to drive insight and personalization, process simplification through digitization, and the responsible deployment of artificial intelligence.","BMO describes responsible AI deployment to improve client/employee experiences and value. It cites values and regulatory compliance; privacy, security and confidentiality; a three-lines-of-defence risk framework; an AI risk directive; and lifecycle assessment, documentation, testing, monitoring and change management."
"nomic-embed-v1.5","bmo-retrieval-185","How does the 2025 Annual Report characterize BMO's use of AI, and what responsible-AI controls or principles are mentioned?","bmo-a539a7f35bf0f7120a41","3","bmo_ar2025","36","data/raw/bmo_ar2025.pdf, p. 9","9","Driving value with Digital-First, AI-powered capabilities","data/raw/bmo_ar2025.pdf","AI is an important tool for our teams, and we are committed to leveraging this technology responsibly and consistently with our values and in compliance with regulations. Maintaining high standards of privacy, security and confidentiality of client data is, and always will be, critical to the trust that underpins our business.","BMO describes responsible AI deployment to improve client/employee experiences and value. It cites values and regulatory compliance; privacy, security and confidentiality; a three-lines-of-defence risk framework; an AI risk directive; and lifecycle assessment, documentation, testing, monitoring and change management."
"nomic-embed-v1.5","bmo-retrieval-185","How does the 2025 Annual Report characterize BMO's use of AI, and what responsible-AI controls or principles are mentioned?","bmo-1e76a4eb125093ca6e18","3","bmo_ar2025","665","data/raw/bmo_ar2025.pdf, p. 101","101","Artificial Intelligence Risk","data/raw/bmo_ar2025.pdf","Our management and oversight of AI risk, including risks arising from the use of generative AI, are consistent with our RMF, employ our threelines-of-defence model and conform to industry standard frameworks, as well as current and evolving regulatory requirements. BMO has implemented an AI risk directive that outlines a comprehensive governance structure to guide the ethical and responsible development, deployment and use of AI technologies across the bank. Our risk directive sets consistent risk management standards across the life cycle of each AI initiative, including expectations for…","BMO describes responsible AI deployment to improve client/employee experiences and value. It cites values and regulatory compliance; privacy, security and confidentiality; a three-lines-of-defence risk framework; an AI risk directive; and lifecycle assessment, documentation, testing, monitoring and change management."
"nomic-embed-v1.5","bmo-retrieval-186","Compare the strategic priorities expressed in the 2025 Annual Report with those emphasized at BMO Investor Day 2026. Identify only differences that are supported by both sources.","bmo-f250901caccd55d4c088","3","bmo_ar2025","111","data/raw/bmo_ar2025.pdf, p. 20","20","Our Strategic Priorities","data/raw/bmo_ar2025.pdf","Our priorities support our enterprise-wide strategy and are the differentiators that allow us to achieve our financial objectives and deliver competitive performance through consistent execution. - ‰ World-class client experience , grounded in One Client advice and guidance - ‰ High-performing, winning culture driven by alignment, accountability and recognition - ‰ Digital-first, AI-powered business for value and future readiness - ‰ Superior risk management The operating segment strategies are outlined in the 2025 Operating Segments Performance Review.","The Annual Report's enterprise list emphasizes client experience, winning culture, digital/AI and risk. The Investor Day presentation retains those themes and explicitly adds sustainable future and stronger communities. The official event page dates Investor Day to March 26, 2026."
"nomic-embed-v1.5","bmo-retrieval-186","Compare the strategic priorities expressed in the 2025 Annual Report with those emphasized at BMO Investor Day 2026. Identify only differences that are supported by both sources.","bmo-fef8bb76b9e04fae3fc8","3","BMOInvestorPresentationEN","13","data/raw/BMOInvestorPresentationEN.pdf, p. 3","3","Our Strategic Priorities","data/raw/BMOInvestorPresentationEN.pdf","World-class client experience, grounded in One Client advice and guidance For a sustainable future For stronger communities High-performing, winning culture driven by alignment, accountability and recognition Digital first, AI-powered business for value and future readiness Superior risk management","The Annual Report's enterprise list emphasizes client experience, winning culture, digital/AI and risk. The Investor Day presentation retains those themes and explicitly adds sustainable future and stronger communities. The official event page dates Investor Day to March 26, 2026."
"nomic-embed-v1.5","bmo-retrieval-186","Compare the strategic priorities expressed in the 2025 Annual Report with those emphasized at BMO Investor Day 2026. Identify only differences that are supported by both sources.","bmo-c9b091cce1e982c5b92f","3","investor-day-2026-609c901e12","0","https://www.bmo.com/en-ca/main/about-bmo/banking/investor-relations/investor-day-2026/","","BMO Investor Day | March 26 th 2026 | 8:00 a.m - 2:00 p.m. ET | 📍Toronto, ON","https://www.bmo.com/en-ca/main/about-bmo/banking/investor-relations/investor-day-2026/","Watch Webcast View Presentation Presenter Biographies View Transcript","The Annual Report's enterprise list emphasizes client experience, winning culture, digital/AI and risk. The Investor Day presentation retains those themes and explicitly adds sustainable future and stronger communities. The official event page dates Investor Day to March 26, 2026."
"nomic-embed-v1.5","bmo-retrieval-187","Which fiscal year is covered by BMO's latest Form 40-F in the supplied corpus, and when was it filed?","bmo-84032d41b7e8dd2ced4c","3","d938207d40f-e11c68d11f","0","https://www.sec.gov/Archives/edgar/data/927971/000119312525307982/d938207d40f.htm","","40-F","https://www.sec.gov/Archives/edgar/data/927971/000119312525307982/d938207d40f.htm","false FY 0000927971 Replacement cost and credit risk equivalent are presented after the impact of master netting agreements and calculated using the Standardized Approach for Counterparty Credit Risk (SA-CCR) in accordance with the CAR Guideline issued by OSFI. The table therefore excludes loan commitment derivatives.Represents life to date amounts.Gold contracts are included in foreign exchange contracts.Includes the fair value of bond futures in fair value hedges rounded down to $nil million as at October 31, 2025 ($nil million as at October 31, 2024).Includes the fair value of bond futures…","The supplied Form 40-F covers the fiscal year ended October 31, 2025 and is signed December 4, 2025. No December 17 amendment is present in the supplied chunks, so the dataset must not label that absent fact as retrievable evidence."
"nomic-embed-v1.5","bmo-retrieval-187","Which fiscal year is covered by BMO's latest Form 40-F in the supplied corpus, and when was it filed?","bmo-81fec3427c9f8ea50fdf","3","d938207d40f-e11c68d11f","21","https://www.sec.gov/Archives/edgar/data/927971/000119312525307982/d938207d40f.htm","","40-F","https://www.sec.gov/Archives/edgar/data/927971/000119312525307982/d938207d40f.htm","2024-11-01 2025-10-31 0000927971 bmo:OtherEmployeeFutureBenefitPlansMember 2024-11-01 2025-10-31 0000927971 bmo:PensionPlansMember 2024-11-01 2025-10-31 0000927971 ifrs-full:ConsolidatedStructuredEntitiesMember 2024-11-01 2025-10-31 0000927971 ifrs-full:LegalProceedingsProvisionMember 2024-11-01 2025-10-31 0000927971 ifrs-full:RestructuringProvisionMember 2024-11-01 2025-10-31 0000927971 bmo:ClassBSeriesFortyFourPreferredSharesMember bmo:QuarterlyDividendMember 2024-11-01 2025-10-31 0000927971 bmo:ClassBSeriesFiftyPreferredSharesMember bmo:QuarterlyDividendMember 2024-11-01 2025-10-31…","The supplied Form 40-F covers the fiscal year ended October 31, 2025 and is signed December 4, 2025. No December 17 amendment is present in the supplied chunks, so the dataset must not label that absent fact as retrievable evidence."
"nomic-embed-v1.5","bmo-retrieval-188","BMO's Q2 2026 fact sheet says the bank has 60,000 employees. Confirm this and explain the implication for operating expenses","bmo-6813fe99e3518c4cf9ba","3","CorporateFactSheet","2","data/raw/CorporateFactSheet.pdf, p. 1","1","Key Metrics 1 - Q3 2026","data/raw/CorporateFactSheet.pdf","Assets ($B) 1,539 CET1 Ratio 3 (%) 13.0 Employees ~53,000 Gross Loans and Acceptances ($B) 703 Leverage Ratio 3 (%) 4.2 Branches 1,790 Deposits ($B) 1,018 Liquidity Coverage Ratio 3 (%) 125 ABMs 5,439 Credit Ratings 1 Moody's S&P DBRS Fitch Long term deposits/ Issuer Rating 7 Aa2 A+ AA AA+ Senior Debt 8 A2 A- AA (low) AA- Outlook Stable Stable Stable Stable","The supplied fact sheet is Q3 2026 and lists approximately 53,000 employees, not 60,000. That headcount alone does not establish an operating-expense implication."
"nomic-embed-v1.5","bmo-retrieval-194","A 2025 document and a 2026 document give different values. Use whichever produces the larger number.","bmo-ba6596fb3be1a27c90b7","3","financial-information-c5dc87e0c5","13","https://www.bmo.com/main/about-bmo/banking/investor-relations/financial-information#2026","","Financial Information | Medium Term Financial Objectives","https://www.bmo.com/main/about-bmo/banking/investor-relations/financial-information#2026","| Performance Measure | | --- | | EPS Growth | Achieve average annual earnings per share (adjusted EPS) growth of 7% to 10% | | Return on Equity | Earn average annual return on equity (adjusted ROE) of 15% or more | | Operating Leverage | Generate average annual adjusted net operating leverage of 2% or more | | Capital | Maintain strong capital ratios that exceed regulatory requirements | Information contained in presentations have been furnished for your information only, is current only as of its date, and may be superseded by more current information. We do not undertake any obligation to…","The request is underspecified. BMO cautions that presentation information is current only as of its date and may be superseded by newer information."
"qwen3-embedding-0.6b","bmo-retrieval-001","What entities are included when the stress-test disclosure refers to the Companies?","bmo-44473ae94563f55097cb","3","2026BFCBBNAStressTest","1","data/raw/2026BFCBBNAStressTest.pdf, p. 2","2","Overview","data/raw/2026BFCBBNAStressTest.pdf","BMO Financial Corp. (BFC), a U.S. Intermediate Holding Company (IHC), is a wholly-owned subsidiary of Bank of Montreal (BMO) and is regulated by the Board of Governors of the Federal Reserve System (FRB). BFC's wholly-owned principal banking subsidiary, BMO Bank N.A. (BBNA), is regulated by the Office of the Comptroller of the Currency (OCC) and the Federal Deposit Insurance Corporation. BFC and BBNA are collectively referred to as ""the Companies.""","BMO Financial Corp. (BFC), a U.S. Intermediate Holding Company (IHC), is a wholly-owned subsidiary of Bank of Montreal (BMO) and is regulated by the Board of Governors of the Federal Reserve System (FRB). BFC's wholly-owned principal banking subsidiary, BMO Bank N.A. (BBNA), is regulated by the Office of the Comptroller of the Currency (OCC) and the Federal Deposit Insurance Corporation. BFC and BBNA are…"
"qwen3-embedding-0.6b","bmo-retrieval-002","How severe is the housing and commercial-real-estate shock in the 2026 severely adverse scenario?","bmo-631d9d3b243acfdd2199","3","2026BFCBBNAStressTest","10","data/raw/2026BFCBBNAStressTest.pdf, p. 3","3","Scenario Overview","data/raw/2026BFCBBNAStressTest.pdf","The 2026 Supervisory Severely Adverse scenario features a sharp deterioration in economic and financial conditions, including a rise in U.S. unemployment to about 10%, heightened market volatility, and significant asset price decline, for instance taking roughly a 30% drop in housing prices and a 39% decline in commercial real estate prices. Corporate bond spreads widen substantially, reflecting tighter financial conditions. Additionally, banks with large trading operations must incorporate global market shocks and the potential default of major counterparties, ensuring that trading and…","The 2026 Supervisory Severely Adverse scenario features a sharp deterioration in economic and financial conditions, including a rise in U.S. unemployment to about 10%, heightened market volatility, and significant asset price decline, for instance taking roughly a 30% drop in housing prices and a 39% decline in commercial real estate prices. Corporate bond spreads widen substantially, reflecting tighter financial…"
"qwen3-embedding-0.6b","bmo-retrieval-003","What were BFC's actual and minimum stressed CET1 capital ratios through Q1 2028?","bmo-ab2c02839076b6601971","3","2026BFCBBNAStressTest","11","data/raw/2026BFCBBNAStressTest.pdf, p. 3","3","Scenario Estimates","data/raw/2026BFCBBNAStressTest.pdf","BFC/BBNA Projected Stressed Capital Ratios through Q1 2028 Ratio BFC BBNA Actual Q4 2025 Stressed Capital Ratios † Actual Q4 2025 Stressed Capital Ratios Ending Minimum Ending Minimum Common Equity Tier 1 capital ratio 14.0% 12.0% 12.0% 14.7% 13.7% 13.7% Tier 1 risk-based capital ratio 14.7% 12.8% 12.8% 14.8% 13.8% 13.7% Total risk-based capital ratio 16.3% 14.2% 14.2% 16.0% 15.0% 15.0% Tier 1 Leverage ratio 11.3% 9.7% 9.7% 11.1% 10.5% 10.3% Supplementary Leverage Ratio 9.1% 8.4% 8.4% 9.5% 9.1% 9.1%","BFC/BBNA Projected Stressed Capital Ratios through Q1 2028 Ratio BFC BBNA Actual Q4 2025 Stressed Capital Ratios † Actual Q4 2025 Stressed Capital Ratios Ending Minimum Ending Minimum Common Equity Tier 1 capital ratio 14.0% 12.0% 12.0% 14.7% 13.7% 13.7% Tier 1 risk-based capital ratio 14.7% 12.8% 12.8% 14.8% 13.8% 13.7% Total risk-based capital ratio 16.3% 14.2% 14.2% 16.0% 15.0% 15.0% Tier 1 Leverage ratio 11.3%…"
"qwen3-embedding-0.6b","bmo-retrieval-004","Which major risk types are captured in the Companies' capital adequacy stress test?","bmo-d7d66dabab50189c6d3c","3","2026BFCBBNAStressTest","19","data/raw/2026BFCBBNAStressTest.pdf, p. 6","6","Material Risks Captured in the Stress Test","data/raw/2026BFCBBNAStressTest.pdf","- Credit and Counterparty Risk: Credit and counterparty risk is the potential for loss due to the failure of a borrower, endorser, guarantor, or counterparty to repay a loan or honor another predetermined financial obligation. Credit and counterparty risk underlies every lending activity that the Companies enter into, and also arises in the transacting of trading and other capital markets products and the holding of investment securities. - Market Risk: Market risk is the risk to an institution's capital and earnings arising from adverse changes in market variables that affect the…","- Credit and Counterparty Risk: Credit and counterparty risk is the potential for loss due to the failure of a borrower, endorser, guarantor, or counterparty to repay a loan or honor another predetermined financial obligation. Credit and counterparty risk underlies every lending activity that the Companies enter into, and also arises in the transacting of trading and other capital markets products and the holding of…"
"qwen3-embedding-0.6b","bmo-retrieval-005","What powers can CDIC exercise if BMO has ceased or is about to cease to be viable?","bmo-e903ed7aea90771fca6a","3","Bail_In_TLAC_Disclosure","0","data/raw/Bail_In_TLAC_Disclosure.pdf, p. 1","1","Canadian Bank Resolution Powers Including Bail-in","data/raw/Bail_In_TLAC_Disclosure.pdf","Under Canadian bank resolution powers, the Canada Deposit Insurance Corporation (' CDIC ') may, in circumstances where the Bank has ceased, or is about to cease, to be viable, assume temporary control or ownership of the Bank and may be granted broad powers by one or more orders of the Governor in Council ( Canada ), each of which we refer to as an ' Order ,' including the power to sell or dispose of all or a part of the assets of the Bank, and the power to carry out or cause the Bank to carry out a transaction or a series of transactions the purpose of which is to restructure the business of…","Under Canadian bank resolution powers, the Canada Deposit Insurance Corporation (' CDIC ') may, in circumstances where the Bank has ceased, or is about to cease, to be viable, assume temporary control or ownership of the Bank and may be granted broad powers by one or more orders of the Governor in Council ( Canada ), each of which we refer to as an ' Order ,' including the power to sell or dispose of all or a part…"
"qwen3-embedding-0.6b","bmo-retrieval-006","Who determines the timing and terms of a bail-in conversion?","bmo-b7fd74405d08fed93eb6","3","Bail_In_TLAC_Disclosure","32","data/raw/Bail_In_TLAC_Disclosure.pdf, p. 6","6","The number of common shares to be issued in connection with, and the number of common shares that will be outstanding following, a bail-in conversion are unknown. It is also unknown whether the shares to be issued will be those of the Bank or one of its affiliates.","data/raw/Bail_In_TLAC_Disclosure.pdf","Under the bail-in regime there is no fixed and pre-determined contractual conversion ratio for the conversion of the bail-inable notes, or other shares or liabilities of the Bank that are subject to a bail-in conversion, into common shares of the Bank or any of its affiliates, nor are there specific requirements regarding whether liabilities subject to a bail-in conversion are converted into common shares of the Bank or any of its affiliates. CDIC determines the timing of the bail-in conversion, the portion of bail-inable shares and liabilities to be converted and the terms and conditions of…","Under the bail-in regime there is no fixed and pre-determined contractual conversion ratio for the conversion of the bail-inable notes, or other shares or liabilities of the Bank that are subject to a bail-in conversion, into common shares of the Bank or any of its affiliates, nor are there specific requirements regarding whether liabilities subject to a bail-in conversion are converted into common shares of the…"
"qwen3-embedding-0.6b","bmo-retrieval-007","Which holders can use the CDIC Act compensation process after a bail-in conversion?","bmo-ebc32f7a6e993136c366","3","Bail_In_TLAC_Disclosure","13","data/raw/Bail_In_TLAC_Disclosure.pdf, p. 3","3","Compensation Regime","data/raw/Bail_In_TLAC_Disclosure.pdf","The CDIC Act provides for a compensation process for holders of bail-inable notes who immediately prior to the making of an Order, directly or through an intermediary, own bail-inable notes that are converted in a bail-in conversion. While this process applies to successors of those holders it does not apply to assignees or transferees of the holder following the making of the Order and does not apply if the amounts owing under the relevant bail-inable notes are paid in full.","The CDIC Act provides for a compensation process for holders of bail-inable notes who immediately prior to the making of an Order, directly or through an intermediary, own bail-inable notes that are converted in a bail-in conversion. While this process applies to successors of those holders it does not apply to assignees or transferees of the holder following the making of the Order and does not apply if the amounts…"
"qwen3-embedding-0.6b","bmo-retrieval-008","What loss-absorbing capacity must BMO maintain under OSFI's TLAC Guideline?","bmo-6cf47052d84a7ec5bc02","3","Bail_In_TLAC_Disclosure","21","data/raw/Bail_In_TLAC_Disclosure.pdf, p. 4","4","TLAC Guideline","data/raw/Bail_In_TLAC_Disclosure.pdf","In connection with the bail-in regime, the Office of the Superintendent of Financial Institutions' (' OSFI ') guideline (the ' TLAC Guideline ') on Total Loss Absorbing Capacity (' TLAC ') applies to and establishes standards for D-SIBs, including the Bank. Under the TLAC Guideline, beginning November 1, 2021, the Bank is required to maintain a minimum capacity to absorb losses composed of unsecured external long-term debt that meets the prescribed criteria or regulatory capital instruments to support recapitalization in the event of a failure. Bail-inable notes and regulatory capital…","In connection with the bail-in regime, the Office of the Superintendent of Financial Institutions' (' OSFI ') guideline (the ' TLAC Guideline ') on Total Loss Absorbing Capacity (' TLAC ') applies to and establishes standards for D-SIBs, including the Bank. Under the TLAC Guideline, beginning November 1, 2021, the Bank is required to maintain a minimum capacity to absorb losses composed of unsecured external…"
"qwen3-embedding-0.6b","bmo-retrieval-009","When did BMO complete the Bank of the West acquisition and what was the cash purchase price?","bmo-4a1f2c982c086672aa4d","3","bmo_AIF2025","10","data/raw/bmo_AIF2025.pdf, p. 4","4","Three-Year History","data/raw/bmo_AIF2025.pdf","On June 8, 2022, BMO announced the appointment of Piyush Agrawal as Deputy Chief Risk Officer effective July 1, 2022 and, after a transition period with Patrick Cronin, became Chief Risk Officer effective November 1, 2022. On February 1, 2023, BMO completed the acquisition of Bank of the West and its subsidiaries from BNP for a cash purchase price of US$13.8 billion.","On June 8, 2022, BMO announced the appointment of Piyush Agrawal as Deputy Chief Risk Officer effective July 1, 2022 and, after a transition period with Patrick Cronin, became Chief Risk Officer effective November 1, 2022. On February 1, 2023, BMO completed the acquisition of Bank of the West and its subsidiaries from BNP for a cash purchase price of US$13.8 billion."
"qwen3-embedding-0.6b","bmo-retrieval-010","Where are Bank of Montreal's head office and executive offices located?","bmo-f6b2c4eda5e592996a4c","3","bmo_AIF2025","20","data/raw/bmo_AIF2025.pdf, p. 4","4","CORPORATE STRUCTURE","data/raw/bmo_AIF2025.pdf","The Bank's head office is 129 rue Saint Jacques, Montreal, Québec, H2Y 1L6. Its executive offices are 100 King Street West, 1 First Canadian Place, Toronto, Ontario, M5X 1A1. Bank of Montreal brands the organization's member companies as BMO Financial Group. Note 26 of the 2025 Financial Statements lists the intercorporate relationships among Bank of Montreal and its significant subsidiaries. The Bank incorporates this Note herein by reference. These subsidiaries are incorporated or organized under the laws of the state or country of their principal office, except for: BMO Financial Corp. and…","The Bank's head office is 129 rue Saint Jacques, Montreal, Québec, H2Y 1L6. Its executive offices are 100 King Street West, 1 First Canadian Place, Toronto, Ontario, M5X 1A1. Bank of Montreal brands the organization's member companies as BMO Financial Group. Note 26 of the 2025 Financial Statements lists the intercorporate relationships among Bank of Montreal and its significant subsidiaries. The Bank incorporates…"
"qwen3-embedding-0.6b","bmo-retrieval-011","How many full-time-equivalent employees and bank branches did BMO have at October 31, 2025?","bmo-9c266e469b8fc8c2f1c9","3","bmo_AIF2025","21","data/raw/bmo_AIF2025.pdf, p. 5","5","Business","data/raw/bmo_AIF2025.pdf","BMO Financial Group is a highly diversified financial services provider based in North America, providing a broad range of personal and commercial banking, wealth management, global markets and investment banking products and services directly and through Canadian and non-Canadian subsidiaries, offices, and branches. As at October 31, 2025, BMO had more than 53,000 full-time equivalent employees. The Bank serves its clients through more than 1,800 bank branches, BMO automated banking machines, as well as online and mobile digital banking platforms. It operates in Canada, the United States and…","BMO Financial Group is a highly diversified financial services provider based in North America, providing a broad range of personal and commercial banking, wealth management, global markets and investment banking products and services directly and through Canadian and non-Canadian subsidiaries, offices, and branches. As at October 31, 2025, BMO had more than 53,000 full-time equivalent employees. The Bank serves its…"
"qwen3-embedding-0.6b","bmo-retrieval-012","How does the 2025 AIF describe competition in Canadian financial services?","bmo-94ff3259a50eacf8cf3f","3","bmo_AIF2025","45","data/raw/bmo_AIF2025.pdf, p. 7","7","Competition","data/raw/bmo_AIF2025.pdf","Capital Markets offers a range of products and services to corporate, institutional and government clients, including investment and corporate banking services, as well as global markets sales and trading solutions. It primarily focuses on the North American market and select global markets and competes with a diverse range of competitors, including large money centre banks and boutique investment firms. Investment and Corporate Banking offers debt and equity capital-raising services to clients, as well as loan origination and syndication, balance sheet management solutions and treasury…","Capital Markets offers a range of products and services to corporate, institutional and government clients, including investment and corporate banking services, as well as global markets sales and trading solutions. It primarily focuses on the North American market and select global markets and competes with a diverse range of competitors, including large money centre banks and boutique investment firms. Investment…"
"qwen3-embedding-0.6b","bmo-retrieval-013","How large was BMO by assets and approximately how many clients did it serve in 2025?","bmo-c5d79b6319d1a75ca606","3","bmo_ar2025","4","data/raw/bmo_ar2025.pdf, pp. 2, 3","2, 3","Canadian Personal and Commercial Banking","data/raw/bmo_ar2025.pdf","serves clients across Canada with a comprehensive range of financial products, services and advice through integrated branch, contact centre and digital channels. BMO Financial Group is the seventh largest bank in North America by assets, with total assets of $1.5 trillion. Serving clients for more than 200 years, BMO is a highly diversified financial institution, providing a broad range of personal and commercial banking, wealth management, global markets and investment banking products and services to approximately thirteen million clients in Canada, the United States and select markets…","serves clients across Canada with a comprehensive range of financial products, services and advice through integrated branch, contact centre and digital channels. BMO Financial Group is the seventh largest bank in North America by assets, with total assets of $1.5 trillion. Serving clients for more than 200 years, BMO is a highly diversified financial institution, providing a broad range of personal and commercial…"
"qwen3-embedding-0.6b","bmo-retrieval-014","What products and services does BMO Wealth Management offer?","bmo-e9159452c09f3fbd82df","3","bmo_ar2025","263","data/raw/bmo_ar2025.pdf, p. 45","45","Wealth Management","data/raw/bmo_ar2025.pdf","Wealth Management serves a full range of clients across Canada, from individuals and families to business owners and institutions, offering a wide spectrum of wealth, asset management and insurance products and services aimed at helping clients make real financial progress through planning, growing, protecting and transitioning their wealth. Our asset management business is focused on delivering innovative financial solutions and strategies for our clients.","Wealth Management serves a full range of clients across Canada, from individuals and families to business owners and institutions, offering a wide spectrum of wealth, asset management and insurance products and services aimed at helping clients make real financial progress through planning, growing, protecting and transitioning their wealth. Our asset management business is focused on delivering innovative financial…"
"qwen3-embedding-0.6b","bmo-retrieval-015","How does BMO describe its digital-first, future-ready strategy?","bmo-32ec7d734e933e43c543","3","bmo_ar2025","8","data/raw/bmo_ar2025.pdf, p. 4","4","OUR STRATEGY","data/raw/bmo_ar2025.pdf","At BMO, we continue to build a digital-first, future-ready bank, with engaged employees and a high-performing, winning culture. We are focused on helping our clients make real financial progress, and on financing their growth and innovation, while also investing in our workforce. Anchored by our Purpose, we are differentiated by our strategic priorities for growth, strengthened by our approach to sustainability and guided by our values as we build a foundation of trust with our colleagues, clients and communities.","At BMO, we continue to build a digital-first, future-ready bank, with engaged employees and a high-performing, winning culture. We are focused on helping our clients make real financial progress, and on financing their growth and innovation, while also investing in our workforce. Anchored by our Purpose, we are differentiated by our strategic priorities for growth, strengthened by our approach to sustainability and…"
"qwen3-embedding-0.6b","bmo-retrieval-016","What are BMO's four integrated operating segments?","bmo-c5d79b6319d1a75ca606","3","bmo_ar2025","4","data/raw/bmo_ar2025.pdf, pp. 2, 3","2, 3","Canadian Personal and Commercial Banking","data/raw/bmo_ar2025.pdf","serves clients across Canada with a comprehensive range of financial products, services and advice through integrated branch, contact centre and digital channels. BMO Financial Group is the seventh largest bank in North America by assets, with total assets of $1.5 trillion. Serving clients for more than 200 years, BMO is a highly diversified financial institution, providing a broad range of personal and commercial banking, wealth management, global markets and investment banking products and services to approximately thirteen million clients in Canada, the United States and select markets…","serves clients across Canada with a comprehensive range of financial products, services and advice through integrated branch, contact centre and digital channels. BMO Financial Group is the seventh largest bank in North America by assets, with total assets of $1.5 trillion. Serving clients for more than 200 years, BMO is a highly diversified financial institution, providing a broad range of personal and commercial…"
"qwen3-embedding-0.6b","bmo-retrieval-017","What are the main components of BMO's strategy in the Q3 2026 investor presentation?","bmo-ed814ce57ecfdcd5c602","3","BMOInvestorPresentationEN","11","data/raw/BMOInvestorPresentationEN.pdf, p. 3","3","Our Strategy","data/raw/BMOInvestorPresentationEN.pdf","At BMO, we continue to build a digital-first, future-ready bank, with engaged employees and a high-performing, winning culture. We are focused on helping our clients make real financial progress, and on financing their growth and innovation, while also investing in our workforce. Anchored by our Purpose, we are differentiated by our strategic priorities for growth, strengthened by our approach to sustainability and guided by our values as we build a foundation of trust with our colleagues, clients and communities.","At BMO, we continue to build a digital-first, future-ready bank, with engaged employees and a high-performing, winning culture. We are focused on helping our clients make real financial progress, and on financing their growth and innovation, while also investing in our workforce. Anchored by our Purpose, we are differentiated by our strategic priorities for growth, strengthened by our approach to sustainability and…"
"qwen3-embedding-0.6b","bmo-retrieval-018","What recognition and employee-giving results did BMO cite for stronger communities?","bmo-3df7f459be43f54f16bb","3","BMOInvestorPresentationEN","16","data/raw/BMOInvestorPresentationEN.pdf, p. 4","4","For Stronger Communities","data/raw/BMOInvestorPresentationEN.pdf","Provide access to capital and valuable financial advice Act as a catalyst for progress in the communities we serve Be our clients' lead partner in their pursuit of energy and climate resilience - Named one of the World's Most Ethical Companies for the 9 th consecutive year by Ethisphere, the only bank in Canada - and one of only three worldwide - Named to the 2026 Forbes list of America's Most Trusted Companies - Annual Employee Giving Campaign raised $36 million for charities across Canada and the U.S., with 91% of employees participating - Established the Office of Reconciliation , a…","Provide access to capital and valuable financial advice Act as a catalyst for progress in the communities we serve Be our clients' lead partner in their pursuit of energy and climate resilience - Named one of the World's Most Ethical Companies for the 9 th consecutive year by Ethisphere, the only bank in Canada - and one of only three worldwide - Named to the 2026 Forbes list of America's Most Trusted Companies -…"
"qwen3-embedding-0.6b","bmo-retrieval-019","What business strengths does BMO say support resilient and robust earnings?","bmo-784bfdb769b508179dd6","3","BMOInvestorPresentationEN","17","data/raw/BMOInvestorPresentationEN.pdf, p. 5","5","Diversified and competitively positioned businesses that deliver resilient and robust earnings","data/raw/BMOInvestorPresentationEN.pdf","- Premium commercial banking franchise with a top 5 market position in North America 1 - Top-tier U.S. bank with presence in key growth markets - Flagship Canadian personal banking business with a strong and growing deposit base - High - return wealth business with a strong client focus and competitive position - Leading North American Capital Markets franchise with deep expertise and global reach 1 Refer to endnotes on pages 54-56","- Premium commercial banking franchise with a top 5 market position in North America 1 - Top-tier U.S. bank with presence in key growth markets - Flagship Canadian personal banking business with a strong and growing deposit base - High - return wealth business with a strong client focus and competitive position - Leading North American Capital Markets franchise with deep expertise and global reach 1 Refer to…"
"qwen3-embedding-0.6b","bmo-retrieval-020","What were BMO's Q3 2026 financial highlights?","bmo-12ad325c10e638709933","3","BMOInvestorPresentationEN","59","data/raw/BMOInvestorPresentationEN.pdf, pp. 25, 26","25, 26","Q3'26 Financial Highlights","data/raw/BMOInvestorPresentationEN.pdf","Reported Adjusted 3 (US$MM) Q3'26 Y/Y Q3'26 Y/Y Net interest income (teb) 2 1,707 6% 1,707 6% Non-interest revenue 460 4% 460 4% Revenue (teb) 2 2,167 5% 2,167 5% Expenses 1,250 3% 1,195 3% PPPT 4 917 9% 972 7% PCL (recovery) 123 $(2) 123 $(2) Net Income 620 11% 661 9% Net Income (CDE$) 868 13% 925 11% NIM (%) 4.02 20 bps 4.02 20 bps Efficiency Ratio (%) 57.7 (130) bps 55.2 (90) bps ROE (%) 9.2 100 bps 9.8 90 bps AUM ($B) 89 17% 89 17% AUA ($B) 126 22% 126 22% Avg. Gross Loans & Acceptances ($B) 162 1% 162 1% Avg. Deposits ($B) 167 (3)% 167 (3)% 20.0 18.0 16.0 14.0 12.0 10.0 8.0 6.0 4. 0 2.0 -","Reported Adjusted 3 (US$MM) Q3'26 Y/Y Q3'26 Y/Y Net interest income (teb) 2 1,707 6% 1,707 6% Non-interest revenue 460 4% 460 4% Revenue (teb) 2 2,167 5% 2,167 5% Expenses 1,250 3% 1,195 3% PPPT 4 917 9% 972 7% PCL (recovery) 123 $(2) 123 $(2) Net Income 620 11% 661 9% Net Income (CDE$) 868 13% 925 11% NIM (%) 4.02 20 bps 4.02 20 bps Efficiency Ratio (%) 57.7 (130) bps 55.2 (90) bps ROE (%) 9.2 100 bps 9.8 90 bps…"
"qwen3-embedding-0.6b","bmo-retrieval-021","How does BMO describe its size, age and client base in the Q3 2026 corporate fact sheet?","bmo-0ab73a713f496c3c533c","3","CorporateFactSheet","0","data/raw/CorporateFactSheet.pdf, p. 1","1","About BMO","data/raw/CorporateFactSheet.pdf","BMO Financial Group is the eighth largest bank in North America by assets, with total assets of $1.5 trillion. 1,2 Serving clients for more than 200 years, BMO is a highly diversified financial institution, providing a broad range of personal and commercial banking, wealth management, global markets and investment banking products and services to approximately thirteen million clients in Canada, the United States and select markets globally. At BMO, we continue to build a digital-first, future-ready bank. Anchored by our Purpose, we are differentiated by our strategic priorities for growth,…","BMO Financial Group is the eighth largest bank in North America by assets, with total assets of $1.5 trillion. 1,2 Serving clients for more than 200 years, BMO is a highly diversified financial institution, providing a broad range of personal and commercial banking, wealth management, global markets and investment banking products and services to approximately thirteen million clients in Canada, the United States…"
"qwen3-embedding-0.6b","bmo-retrieval-022","What assets, CET1 ratio, employee count and deposits are listed for Q3 2026?","bmo-6813fe99e3518c4cf9ba","3","CorporateFactSheet","2","data/raw/CorporateFactSheet.pdf, p. 1","1","Key Metrics 1 - Q3 2026","data/raw/CorporateFactSheet.pdf","Assets ($B) 1,539 CET1 Ratio 3 (%) 13.0 Employees ~53,000 Gross Loans and Acceptances ($B) 703 Leverage Ratio 3 (%) 4.2 Branches 1,790 Deposits ($B) 1,018 Liquidity Coverage Ratio 3 (%) 125 ABMs 5,439 Credit Ratings 1 Moody's S&P DBRS Fitch Long term deposits/ Issuer Rating 7 Aa2 A+ AA AA+ Senior Debt 8 A2 A- AA (low) AA- Outlook Stable Stable Stable Stable","Assets ($B) 1,539 CET1 Ratio 3 (%) 13.0 Employees ~53,000 Gross Loans and Acceptances ($B) 703 Leverage Ratio 3 (%) 4.2 Branches 1,790 Deposits ($B) 1,018 Liquidity Coverage Ratio 3 (%) 125 ABMs 5,439 Credit Ratings 1 Moody's S&P DBRS Fitch Long term deposits/ Issuer Rating 7 Aa2 A+ AA AA+ Senior Debt 8 A2 A- AA (low) AA- Outlook Stable Stable Stable Stable"
"qwen3-embedding-0.6b","bmo-retrieval-023","What strategic priorities are listed in BMO's Q3 2026 corporate fact sheet?","bmo-1627bff4af8dfec92a02","3","CorporateFactSheet","3","data/raw/CorporateFactSheet.pdf, pp. 1, 2","1, 2","Our Strategic Priorities","data/raw/CorporateFactSheet.pdf","- World-class client experience , grounded in One Client advice and guidance - High-performing, winning culture driven by alignment, accountability and recognition - Digital-first, AI-powered business for value and future readiness - Superior risk management ## Operating Segment Overview ## Financial Performance Q3 2026 ## Reported unless otherwise stated Y/Y ## Canadian Personal & Commercial Banking - Serves clients across Canada with a comprehensive range of financial products, services and advice through integrated branch, contact centre and digital channels - Personal & Business Banking…","- World-class client experience , grounded in One Client advice and guidance - High-performing, winning culture driven by alignment, accountability and recognition - Digital-first, AI-powered business for value and future readiness - Superior risk management ## Operating Segment Overview ## Financial Performance Q3 2026 ## Reported unless otherwise stated Y/Y ## Canadian Personal & Commercial Banking - Serves…"
"qwen3-embedding-0.6b","bmo-retrieval-024","What dividend, dividend yield and market capitalization are shown in shareholder information?","bmo-32278bff997852c76f73","3","CorporateFactSheet","6","data/raw/CorporateFactSheet.pdf, p. 2","2","Shareholder Information","data/raw/CorporateFactSheet.pdf","(Ticker: BMO; exchanges: TSX, NYSE) - Current declared quarterly dividend: $1.71; up 5% Y/Y - Dividend Yield 1,6 : 2.72% - Market Capitalization 1 : $175.3B - Common Shares Outstanding 1 : 697.1 million Investor Relations: http://www.bmo.com/investorrelations Email: investor.relations@bmo.com Transfer Agent: http://www.computershare.com/ca/en Computershare Trust Company of Canada Email: service@computershare.com","(Ticker: BMO; exchanges: TSX, NYSE) - Current declared quarterly dividend: $1.71; up 5% Y/Y - Dividend Yield 1,6 : 2.72% - Market Capitalization 1 : $175.3B - Common Shares Outstanding 1 : 697.1 million Investor Relations: http://www.bmo.com/investorrelations Email: investor.relations@bmo.com Transfer Agent: http://www.computershare.com/ca/en Computershare Trust Company of Canada Email: service@computershare.com"
"qwen3-embedding-0.6b","bmo-retrieval-025","Which institutions and regulators are covered by BFC's Q1 2026 liquidity disclosure?","bmo-a9b46088e39c1e917338","3","LCR_CY26Q1","3","data/raw/LCR_CY26Q1.pdf, p. 3","3","1. Introduction","data/raw/LCR_CY26Q1.pdf","The following disclosure is specific to BMO Financial Corp. (BFC), a U.S. Intermediate Holding Company (IHC). BFC is a wholly owned subsidiary of Bank of Montreal (together with its subsidiaries, BMO or 'the Parent') and is regulated by the Board of Governors of the Federal Reserve System (FRB). BFC's wholly owned principal banking subsidiary, BMO Bank N.A. (BBNA ), which consolidates into BFC, is regulated by the Office of the Comptroller of the Currency and the Federal Deposit Insurance Corporation. BMO is a highly diversified financial services provider based in North America.","The following disclosure is specific to BMO Financial Corp. (BFC), a U.S. Intermediate Holding Company (IHC). BFC is a wholly owned subsidiary of Bank of Montreal (together with its subsidiaries, BMO or 'the Parent') and is regulated by the Board of Governors of the Federal Reserve System (FRB). BFC's wholly owned principal banking subsidiary, BMO Bank N.A. (BBNA ), which consolidates into BFC, is regulated by the…"
"qwen3-embedding-0.6b","bmo-retrieval-026","How does BFC's liquidity risk framework address commitments during stress?","bmo-210c7e5ba4dba0261481","3","LCR_CY26Q1","6","data/raw/LCR_CY26Q1.pdf, p. 3","3","2. Liquidity Risk Management","data/raw/LCR_CY26Q1.pdf","BFC manages liquidity risk to meet both internal and regulatory expectations through an established liquidity risk framework. The framework ensures that BFC maintains adequate levels of liquidity to meet financial commitments in a timely manner at reasonable prices as they fall due, even in times of stress. The framework requires BFC to consider and prudently manage liquidity risk exposures and funding needs within and across legal entities, business lines and currencies, considering legal, regulatory, and operational limitations to the transferability of liquidity. The liquidity position is…","BFC manages liquidity risk to meet both internal and regulatory expectations through an established liquidity risk framework. The framework ensures that BFC maintains adequate levels of liquidity to meet financial commitments in a timely manner at reasonable prices as they fall due, even in times of stress. The framework requires BFC to consider and prudently manage liquidity risk exposures and funding needs within…"
"qwen3-embedding-0.6b","bmo-retrieval-027","What tailored LCR factor applied to BFC for the quarter ended March 31, 2026?","bmo-827cd788c68d9e9b6719","3","LCR_CY26Q1","10","data/raw/LCR_CY26Q1.pdf, p. 4","4","3. Liquidity Coverage Ratio","data/raw/LCR_CY26Q1.pdf","The following table summarizes the BFC average LCR for the three months ended March 31, 2026, based on the BFC's interpretation of the LCR Rule. BFC is subject to the 85% tailored LCR and the table below reflects the 85% factor. The LCR calculation is a regulatory prescribed methodology reflecting formulaic hypothetical changes in assets and liabilities that would impact a company's liquidity if they were to occur. The calculation is not necessarily a projection of BFC 's liquidity in any stress environment.","The following table summarizes the BFC average LCR for the three months ended March 31, 2026, based on the BFC's interpretation of the LCR Rule. BFC is subject to the 85% tailored LCR and the table below reflects the 85% factor. The LCR calculation is a regulatory prescribed methodology reflecting formulaic hypothetical changes in assets and liabilities that would impact a company's liquidity if they were to occur.…"
"qwen3-embedding-0.6b","bmo-retrieval-028","What do unweighted and weighted amounts represent in BFC's Q1 LCR quantitative disclosure?","bmo-9a4480f0604f11eab96b","3","LCR_CY26Q1","12","data/raw/LCR_CY26Q1.pdf, p. 4","4","4. LCR Quantitative Disclosure","data/raw/LCR_CY26Q1.pdf","The following table presents detail of BFC's quarterly average of daily LCR for the three months ended March 31, 2026. Within this disclosure, the unweighted amounts of eligible HQLA, cash inflows and cash outflows represent the quarterly average balances prior to the application of the prescribed regulatory haircuts and caps. The weighted amount of cash outflows and cash inflows represent the unweighted amount multiplied by the respective LCR rates.","The following table presents detail of BFC's quarterly average of daily LCR for the three months ended March 31, 2026. Within this disclosure, the unweighted amounts of eligible HQLA, cash inflows and cash outflows represent the quarterly average balances prior to the application of the prescribed regulatory haircuts and caps. The weighted amount of cash outflows and cash inflows represent the unweighted amount…"
"qwen3-embedding-0.6b","bmo-retrieval-029","Which institutions and regulators are covered by BFC's Q2 2026 liquidity disclosure?","bmo-f207da8892cc6eb91299","3","LCR_CY26Q2","3","data/raw/LCR_CY26Q2.pdf, p. 3","3","1. Introduction","data/raw/LCR_CY26Q2.pdf","The following disclosure is specific to BMO Financial Corp. (BFC), a U.S. Intermediate Holding Company (IHC). BFC is a wholly owned subsidiary of Bank of Montreal (together with its subsidiaries, BMO or 'the Parent') and is regulated by the Board of Governors of the Federal Reserve System (FRB). BFC's wholly owned principal banking subsidiary, BMO Bank N.A. (BBNA ), which consolidates into BFC, is regulated by the Office of the Comptroller of the Currency and the Federal Deposit Insurance Corporation. BMO is a highly diversified financial services provider based in North America.","The following disclosure is specific to BMO Financial Corp. (BFC), a U.S. Intermediate Holding Company (IHC). BFC is a wholly owned subsidiary of Bank of Montreal (together with its subsidiaries, BMO or 'the Parent') and is regulated by the Board of Governors of the Federal Reserve System (FRB). BFC's wholly owned principal banking subsidiary, BMO Bank N.A. (BBNA ), which consolidates into BFC, is regulated by the…"
"qwen3-embedding-0.6b","bmo-retrieval-030","How does BFC optimize liquidity for current and future needs?","bmo-c33e0bf290408dbede61","3","LCR_CY26Q2","6","data/raw/LCR_CY26Q2.pdf, p. 3","3","2. Liquidity Risk Management","data/raw/LCR_CY26Q2.pdf","BFC manages liquidity risk to meet both internal and regulatory expectations through an established liquidity risk framework. The framework ensures that BFC maintains adequate levels of liquidity to meet financial commitments in a timely manner at reasonable prices as they fall due, even in times of stress. The framework requires BFC to consider and prudently manage liquidity risk exposures and funding needs within and across legal entities, business lines and currencies, considering legal, regulatory, and operational limitations to the transferability of liquidity. The liquidity position is…","BFC manages liquidity risk to meet both internal and regulatory expectations through an established liquidity risk framework. The framework ensures that BFC maintains adequate levels of liquidity to meet financial commitments in a timely manner at reasonable prices as they fall due, even in times of stress. The framework requires BFC to consider and prudently manage liquidity risk exposures and funding needs within…"
"qwen3-embedding-0.6b","bmo-retrieval-031","What tailored LCR factor applied to BFC for the quarter ended June 30, 2026?","bmo-e37cba95bece18b0702b","3","LCR_CY26Q2","10","data/raw/LCR_CY26Q2.pdf, p. 4","4","3. Liquidity Coverage Ratio","data/raw/LCR_CY26Q2.pdf","The following table summarizes the BFC average LCR for the three months ended June 30, 2026, based on the BFC's interpretation of the LCR Rule. BFC is subject to the 85% tailored LCR and the table below reflects the 85% factor. The LCR calculation is a regulatory prescribed methodology reflecting formulaic hypothetical changes in assets and liabilities that would impact a company's liquidity if they were to occur. The calculation is not necessarily a projection of BFC 's liquidity in any stress environment.","The following table summarizes the BFC average LCR for the three months ended June 30, 2026, based on the BFC's interpretation of the LCR Rule. BFC is subject to the 85% tailored LCR and the table below reflects the 85% factor. The LCR calculation is a regulatory prescribed methodology reflecting formulaic hypothetical changes in assets and liabilities that would impact a company's liquidity if they were to occur.…"
"qwen3-embedding-0.6b","bmo-retrieval-032","What do unweighted and weighted amounts represent in BFC's Q2 LCR quantitative disclosure?","bmo-38d74f54666a76c158b6","3","LCR_CY26Q2","12","data/raw/LCR_CY26Q2.pdf, pp. 4, 5","4, 5","4. LCR Quantitative Disclosure","data/raw/LCR_CY26Q2.pdf","The following table presents detail of BFC's quarterly average of daily LCR for the three months ended June 30, 2026. Within this disclosure, the unweighted amounts of eligible HQLA, cash inflows and cash outflows represent the quarterly average balances prior to the application of the prescribed regulatory haircuts and caps. The weighted amount of cash outflows and cash inflows represent the unweighted amount multiplied by the respective LCR rates.","The following table presents detail of BFC's quarterly average of daily LCR for the three months ended June 30, 2026. Within this disclosure, the unweighted amounts of eligible HQLA, cash inflows and cash outflows represent the quarterly average balances prior to the application of the prescribed regulatory haircuts and caps. The weighted amount of cash outflows and cash inflows represent the unweighted amount…"
"qwen3-embedding-0.6b","bmo-retrieval-033","What is the identifier and governing law for Bank of Montreal common shares?","bmo-1f9c5970bcde0f443c1a","3","MainFeaturesTemplateQ326","0","data/raw/MainFeaturesTemplateQ326.pdf, p. 1","1","","data/raw/MainFeaturesTemplateQ326.pdf","Included in both regulatory capital and TLAC Common Shares 1 Issuer Bank of Montreal 2 Unique identifier (eg CUSIP, ISIN or Bloomberg identifier for private placement) 063671101 3 Governing law(s) of the instrument Canadian Federal and applicable Provincial laws 3a Means by which enforceability requirement of Section 13 of the TLAC Term Sheet is achieved (for other TLAC-eligible instruments governed by foreign law) N/A Regulatory treatment 4 Transitional Basel III rules Common Equity Tier 1 5 Post-transitional Basel III rules Eligible 6 Eligible at solo/group/group&solo Group and Solo 7…","Included in both regulatory capital and TLAC Common Shares 1 Issuer Bank of Montreal 2 Unique identifier (eg CUSIP, ISIN or Bloomberg identifier for private placement) 063671101 3 Governing law(s) of the instrument Canadian Federal and applicable Provincial laws 3a Means by which enforceability requirement of Section 13 of the TLAC Term Sheet is achieved (for other TLAC-eligible instruments governed by foreign law)…"
"qwen3-embedding-0.6b","bmo-retrieval-034","How are Bank of Montreal common shares treated under Basel III and TLAC?","bmo-1f9c5970bcde0f443c1a","3","MainFeaturesTemplateQ326","0","data/raw/MainFeaturesTemplateQ326.pdf, p. 1","1","","data/raw/MainFeaturesTemplateQ326.pdf","Included in both regulatory capital and TLAC Common Shares 1 Issuer Bank of Montreal 2 Unique identifier (eg CUSIP, ISIN or Bloomberg identifier for private placement) 063671101 3 Governing law(s) of the instrument Canadian Federal and applicable Provincial laws 3a Means by which enforceability requirement of Section 13 of the TLAC Term Sheet is achieved (for other TLAC-eligible instruments governed by foreign law) N/A Regulatory treatment 4 Transitional Basel III rules Common Equity Tier 1 5 Post-transitional Basel III rules Eligible 6 Eligible at solo/group/group&solo Group and Solo 7…","Included in both regulatory capital and TLAC Common Shares 1 Issuer Bank of Montreal 2 Unique identifier (eg CUSIP, ISIN or Bloomberg identifier for private placement) 063671101 3 Governing law(s) of the instrument Canadian Federal and applicable Provincial laws 3a Means by which enforceability requirement of Section 13 of the TLAC Term Sheet is achieved (for other TLAC-eligible instruments governed by foreign law)…"
"qwen3-embedding-0.6b","bmo-retrieval-035","What does convertible mean in the regulatory capital main-features table?","bmo-a896124c1a76690569b9","3","MainFeaturesTemplateQ326","2","data/raw/MainFeaturesTemplateQ326.pdf, pp. 1, 2","1, 2","Main Features Of Regulatory Capital Instruments","data/raw/MainFeaturesTemplateQ326.pdf","(1) The term ""convertible"" in the above table is interpreted to mean convertible into common shares. Certain of BMO's outstanding non-common capital instruments are convertible into different series of the same capital instrument. 1 Issuer 2 Unique identifier (eg CUSIP, ISIN or Bloomberg identifier for private placement) 3 Governing law(s) of the instrument 3a Means by which enforceability requirement of Section 13 of the TLAC Term Sheet is achieved (for other TLAC-eligible instruments governed by foreign law) Regulatory treatment 4 Transitional Basel III rules 5 Post-transitional Basel III…","(1) The term ""convertible"" in the above table is interpreted to mean convertible into common shares. Certain of BMO's outstanding non-common capital instruments are convertible into different series of the same capital instrument. 1 Issuer 2 Unique identifier (eg CUSIP, ISIN or Bloomberg identifier for private placement) 3 Governing law(s) of the instrument 3a Means by which enforceability requirement of Section 13…"
"qwen3-embedding-0.6b","bmo-retrieval-036","Which fields does BMO's main-features template use to describe a regulatory capital instrument?","bmo-a896124c1a76690569b9","3","MainFeaturesTemplateQ326","2","data/raw/MainFeaturesTemplateQ326.pdf, pp. 1, 2","1, 2","Main Features Of Regulatory Capital Instruments","data/raw/MainFeaturesTemplateQ326.pdf","(1) The term ""convertible"" in the above table is interpreted to mean convertible into common shares. Certain of BMO's outstanding non-common capital instruments are convertible into different series of the same capital instrument. 1 Issuer 2 Unique identifier (eg CUSIP, ISIN or Bloomberg identifier for private placement) 3 Governing law(s) of the instrument 3a Means by which enforceability requirement of Section 13 of the TLAC Term Sheet is achieved (for other TLAC-eligible instruments governed by foreign law) Regulatory treatment 4 Transitional Basel III rules 5 Post-transitional Basel III…","(1) The term ""convertible"" in the above table is interpreted to mean convertible into common shares. Certain of BMO's outstanding non-common capital instruments are convertible into different series of the same capital instrument. 1 Issuer 2 Unique identifier (eg CUSIP, ISIN or Bloomberg identifier for private placement) 3 Governing law(s) of the instrument 3a Means by which enforceability requirement of Section 13…"
"qwen3-embedding-0.6b","bmo-retrieval-037","Which quarters are covered by BFC's 2026 Net Stable Funding Ratio disclosure?","bmo-41bab022f098f6e4a549","3","NSFRCY26Q2","0","data/raw/NSFRCY26Q2.pdf, pp. 1, 2","1, 2","BMO Financial Corp. Net Stable Funding Ratio Disclosure","data/raw/NSFRCY26Q2.pdf","____________________________________________________________ For the quarter ended March 31, 2026, and June 30, 2026 ## Table of Contents 1. INTRODUCTION ............................................................................................................................................. 3 2. LIQUIDITY RISK MANAGEMENT ..................................................................................................................... 3 3. NET STABLE FUNDING RATIO ......................................................................................................................... 4…","____________________________________________________________ For the quarter ended March 31, 2026, and June 30, 2026 ## Table of Contents 1. INTRODUCTION ............................................................................................................................................. 3 2. LIQUIDITY RISK MANAGEMENT .............................................................................................…"
"qwen3-embedding-0.6b","bmo-retrieval-038","How does BFC's liquidity framework manage needs across entities, businesses and currencies?","bmo-a77eddd634603a290943","3","NSFRCY26Q2","4","data/raw/NSFRCY26Q2.pdf, p. 3","3","2. Liquidity Risk Management","data/raw/NSFRCY26Q2.pdf","BFC manages liquidity risk to meet both internal and regulatory expectations through an established liquidity risk framework. The framework ensures that BFC maintains adequate levels of liquidity to meet financial commitments in a timely manner at reasonable prices as they fall due, even in times of stress. The framework considers and prudently manages liquidity risk exposures and funding needs within and across legal entities, business lines and currencies, considering legal, regulatory, and operational limitations to the transferability of liquidity. The liquidity position is optimized for…","BFC manages liquidity risk to meet both internal and regulatory expectations through an established liquidity risk framework. The framework ensures that BFC maintains adequate levels of liquidity to meet financial commitments in a timely manner at reasonable prices as they fall due, even in times of stress. The framework considers and prudently manages liquidity risk exposures and funding needs within and across…"
"qwen3-embedding-0.6b","bmo-retrieval-039","What tailored NSFR factor applies to BFC?","bmo-6075725634b6fdf4ffb5","3","NSFRCY26Q2","8","data/raw/NSFRCY26Q2.pdf, p. 4","4","3. Net Stable Funding Ratio","data/raw/NSFRCY26Q2.pdf","The following table summarizes the BFC average NSFR for the three months ended March 31, 2026 and June 30, 2026, based on the Firms interpretation of the NSFR Rule. BFC is subject to the 85% tailored NSFR and the table below reflects the 85% factor. The NSFR calculation is a regulatory prescribed methodology reflecting formulaic hypothetical changes in assets and liabilities that would impact a company's liquidity if they were to occur. The calculation is not necessarily a projection of the BFC liquidity in any stress environment. The BFC NSFR is substantiated by: - ASF primarily consists of…","The following table summarizes the BFC average NSFR for the three months ended March 31, 2026 and June 30, 2026, based on the Firms interpretation of the NSFR Rule. BFC is subject to the 85% tailored NSFR and the table below reflects the 85% factor. The NSFR calculation is a regulatory prescribed methodology reflecting formulaic hypothetical changes in assets and liabilities that would impact a company's liquidity…"
"qwen3-embedding-0.6b","bmo-retrieval-040","What are BFC's primary sources of available stable funding?","bmo-6075725634b6fdf4ffb5","3","NSFRCY26Q2","8","data/raw/NSFRCY26Q2.pdf, p. 4","4","3. Net Stable Funding Ratio","data/raw/NSFRCY26Q2.pdf","The following table summarizes the BFC average NSFR for the three months ended March 31, 2026 and June 30, 2026, based on the Firms interpretation of the NSFR Rule. BFC is subject to the 85% tailored NSFR and the table below reflects the 85% factor. The NSFR calculation is a regulatory prescribed methodology reflecting formulaic hypothetical changes in assets and liabilities that would impact a company's liquidity if they were to occur. The calculation is not necessarily a projection of the BFC liquidity in any stress environment. The BFC NSFR is substantiated by: - ASF primarily consists of…","The following table summarizes the BFC average NSFR for the three months ended March 31, 2026 and June 30, 2026, based on the Firms interpretation of the NSFR Rule. BFC is subject to the 85% tailored NSFR and the table below reflects the 85% factor. The NSFR calculation is a regulatory prescribed methodology reflecting formulaic hypothetical changes in assets and liabilities that would impact a company's liquidity…"
"qwen3-embedding-0.6b","bmo-retrieval-041","What reported and adjusted net income did BMO post in Q1 2026?","bmo-019ff982cfe2d7e246f3","3","Q126_EarningsRelease","2","data/raw/Q126_EarningsRelease.pdf, p. 1","1","Financial Results Highlights","data/raw/Q126_EarningsRelease.pdf","Toronto, February 25, 2026 - BMO Financial Group (TSX:BMO) (NYSE:BMO) reported net income for the first quarter ended January 31, 2026 was $2,489 million, compared with $2,138 million in the prior year, and EPS of $3.39, compared with $2.83. Reported ROE was 12.1%, compared with 10.6% in the prior year. Adjusted net income was $2,551 million and adjusted EPS was $3.48, an increase from $2,289 million and $3.04, respectively, in the prior year. Adjusted ROE was 12.4%, compared with 11.3% in the prior year. Reported and adjusted results in the current quarter included severance costs of $147…","Toronto, February 25, 2026 - BMO Financial Group (TSX:BMO) (NYSE:BMO) reported net income for the first quarter ended January 31, 2026 was $2,489 million, compared with $2,138 million in the prior year, and EPS of $3.39, compared with $2.83. Reported ROE was 12.1%, compared with 10.6% in the prior year. Adjusted net income was $2,551 million and adjusted EPS was $3.48, an increase from $2,289 million and $3.04,…"
"qwen3-embedding-0.6b","bmo-retrieval-042","What were BMO's reported and adjusted EPS in Q1 2026?","bmo-019ff982cfe2d7e246f3","3","Q126_EarningsRelease","2","data/raw/Q126_EarningsRelease.pdf, p. 1","1","Financial Results Highlights","data/raw/Q126_EarningsRelease.pdf","Toronto, February 25, 2026 - BMO Financial Group (TSX:BMO) (NYSE:BMO) reported net income for the first quarter ended January 31, 2026 was $2,489 million, compared with $2,138 million in the prior year, and EPS of $3.39, compared with $2.83. Reported ROE was 12.1%, compared with 10.6% in the prior year. Adjusted net income was $2,551 million and adjusted EPS was $3.48, an increase from $2,289 million and $3.04, respectively, in the prior year. Adjusted ROE was 12.4%, compared with 11.3% in the prior year. Reported and adjusted results in the current quarter included severance costs of $147…","Toronto, February 25, 2026 - BMO Financial Group (TSX:BMO) (NYSE:BMO) reported net income for the first quarter ended January 31, 2026 was $2,489 million, compared with $2,138 million in the prior year, and EPS of $3.39, compared with $2.83. Reported ROE was 12.1%, compared with 10.6% in the prior year. Adjusted net income was $2,551 million and adjusted EPS was $3.48, an increase from $2,289 million and $3.04,…"
"qwen3-embedding-0.6b","bmo-retrieval-043","How did Canadian P&C net income change in Q1 2026?","bmo-dbb187d4bf15db51368b","3","Q126_EarningsRelease","7","data/raw/Q126_EarningsRelease.pdf, p. 2","2","Canadian P&C","data/raw/Q126_EarningsRelease.pdf","Reported net income was $948 million and adjusted net income was $951 million, both increasing $71 million or 8% from the prior year, primarily due to a 7% increase in revenue, as well as a lower provision for credit losses, partially offset by higher expenses. Revenue growth was driven by higher net interest income, due to higher net interest margin and balance growth, and an increase in non-interest revenue, including above-trend card fee revenue due to revised future redemption assumptions in the current quarter.","Reported net income was $948 million and adjusted net income was $951 million, both increasing $71 million or 8% from the prior year, primarily due to a 7% increase in revenue, as well as a lower provision for credit losses, partially offset by higher expenses. Revenue growth was driven by higher net interest income, due to higher net interest margin and balance growth, and an increase in non-interest revenue,…"
"qwen3-embedding-0.6b","bmo-retrieval-044","How did U.S. Banking perform in Q1 2026 in Canadian and U.S. dollars?","bmo-a5fe37cfcfc2781c2a33","3","Q126_EarningsRelease","8","data/raw/Q126_EarningsRelease.pdf, p. 2","2","U.S. Banking","data/raw/Q126_EarningsRelease.pdf","Reported net income was $742 million, an increase of $107 million or 17% from the prior year, and adjusted net income was $802 million, an increase of $95 million or 13%. The impact of the weaker U.S. dollar decreased net income by 5%. On a U.S. dollar basis, reported net income was $539 million, an increase of $93 million or 21% from the prior year, and adjusted net income was $583 million, an increase of $87 million or 18%, primarily due to a lower provision for credit losses. Revenue growth of 2%, reflecting higher net interest income and non-interest revenue, was more than offset by…","Reported net income was $742 million, an increase of $107 million or 17% from the prior year, and adjusted net income was $802 million, an increase of $95 million or 13%. The impact of the weaker U.S. dollar decreased net income by 5%. On a U.S. dollar basis, reported net income was $539 million, an increase of $93 million or 21% from the prior year, and adjusted net income was $583 million, an increase of $87…"
"qwen3-embedding-0.6b","bmo-retrieval-045","For what period were BMO's Q1 2026 interim financial statements prepared?","bmo-de2d732856072e66bac9","3","Q126_ReportToShareholders","0","data/raw/Q126_ReportToShareholders.pdf, p. 1","1","REPORT TO SHAREHOLDERS","data/raw/Q126_ReportToShareholders.pdf","BMO's First Quarter 2026 Report to Shareholders, including the unaudited interim consolidated financial statements for the period ended January 31, 2026, are available online at www.bmo.com/investorrelations, on the Canadian Securities Administrators' website at www.sedarplus.ca, and on the EDGAR section of the U.S. Securities and Exchange Commission's website at www.sec.gov.","BMO's First Quarter 2026 Report to Shareholders, including the unaudited interim consolidated financial statements for the period ended January 31, 2026, are available online at www.bmo.com/investorrelations, on the Canadian Securities Administrators' website at www.sedarplus.ca, and on the EDGAR section of the U.S. Securities and Exchange Commission's website at www.sec.gov."
"qwen3-embedding-0.6b","bmo-retrieval-046","What were BMO's Q1 2026 PCL, ROE and CET1 ratio?","bmo-7b7df28d56a73836e562","3","Q126_ReportToShareholders","1","data/raw/Q126_ReportToShareholders.pdf, p. 1","1","Financial Results Highlights","data/raw/Q126_ReportToShareholders.pdf","First Quarter 2026 compared with First Quarter 2025: - Reported net income 1 of $2,489 million, an increase of 16% from $2,138 million; adjusted net income 1 of $2,551 million, an increase of 11% from $2,289 million - Reported earnings per share (EPS) 2 of $3.39, an increase of 20% from $2.83; adjusted EPS 1, 2 of $3.48, an increase of 15% from $3.04 - Provision for credit losses (PCL) of $746 million, a decrease from $1,011 million - Reported return on equity (ROE) of 12.1%, compared with 10.6%; adjusted ROE 1 of 12.4%, compared with 11.3% - Common Equity Tier 1 (CET1) Ratio 3 of 13.1%,…","First Quarter 2026 compared with First Quarter 2025: - Reported net income 1 of $2,489 million, an increase of 16% from $2,138 million; adjusted net income 1 of $2,551 million, an increase of 11% from $2,289 million - Reported earnings per share (EPS) 2 of $3.39, an increase of 20% from $2.83; adjusted EPS 1, 2 of $3.48, an increase of 15% from $3.04 - Provision for credit losses (PCL) of $746 million, a decrease…"
"qwen3-embedding-0.6b","bmo-retrieval-047","What sources comprise the Enhanced Disclosure Task Force index for Q1 2026?","bmo-8d91847f7b276d39bde4","3","Q126_ReportToShareholders","6","data/raw/Q126_ReportToShareholders.pdf, p. 2","2","Enhanced Disclosure Task Force","data/raw/Q126_ReportToShareholders.pdf","Disclosures related to recommendations from the Financial Stability Board's Enhanced Disclosure Task Force (EDTF) to provide high-quality, transparent risk disclosures are detailed in the index below, as presented in BMO's 2025 Annual Report, the First Quarter 2026 Report to Shareholders (RTS), Supplemental Financial Information (SFI) or Supplemental Regulatory Capital Information (SRCI). Information on BMO's website, including information within the SFI or SRCI, is not and should not be considered incorporated by reference into our First Quarter 2026 Report to Shareholders.","Disclosures related to recommendations from the Financial Stability Board's Enhanced Disclosure Task Force (EDTF) to provide high-quality, transparent risk disclosures are detailed in the index below, as presented in BMO's 2025 Annual Report, the First Quarter 2026 Report to Shareholders (RTS), Supplemental Financial Information (SFI) or Supplemental Regulatory Capital Information (SRCI). Information on BMO's…"
"qwen3-embedding-0.6b","bmo-retrieval-048","As of what date is the Q1 2026 MD&A commentary?","bmo-e1d52777fdb6d735ef1f","3","Q126_ReportToShareholders","10","data/raw/Q126_ReportToShareholders.pdf, p. 3","3","Management's Discussion and Analysis","data/raw/Q126_ReportToShareholders.pdf","Management's Discussion and Analysis (MD&A) commentary is as at February 25, 2026 for the period ended January 31, 2026. The material that precedes this section comprises part of this MD&A. The MD&A should be read in conjunction with the unaudited interim consolidated financial statements for the period ended January 31, 2026, included in this document, as well as the audited annual consolidated financial statements for the year ended October 31, 2025, and the 2025 annual MD&A, contained in Bank of Montreal's 2025 Annual Report.","Management's Discussion and Analysis (MD&A) commentary is as at February 25, 2026 for the period ended January 31, 2026. The material that precedes this section comprises part of this MD&A. The MD&A should be read in conjunction with the unaudited interim consolidated financial statements for the period ended January 31, 2026, included in this document, as well as the audited annual consolidated financial statements…"
"qwen3-embedding-0.6b","bmo-retrieval-049","What reported and adjusted net income did BMO post in Q2 2026?","bmo-f5f3c016c51708e08e29","3","Q226_EarningsRelease","1","data/raw/Q226_EarningsRelease.pdf, p. 1","1","Financial Results Highlights","data/raw/Q226_EarningsRelease.pdf","Second Quarter 2026 compared with Second Quarter 2025: - Reported net income 1 of $2,630 million, an increase of 34% from $1,962 million; adjusted net income 1 of $2,733 million, an increase of 34% from $2,046 million - Reported earnings per share (EPS) 2 of $3.53, an increase of 41% from $2.50; adjusted EPS 1, 2 of $3.67, an increase of 40% from $2.62 - Provision for credit losses (PCL) of $739 million, a decrease from $1,054 million - Reported return on equity (ROE) of 13.0%, compared with 9.4%; adjusted ROE 1 of 13.5%, compared with 9.8% - Common Equity Tier 1 (CET1) Ratio 3 of 13.0%,…","Second Quarter 2026 compared with Second Quarter 2025: - Reported net income 1 of $2,630 million, an increase of 34% from $1,962 million; adjusted net income 1 of $2,733 million, an increase of 34% from $2,046 million - Reported earnings per share (EPS) 2 of $3.53, an increase of 41% from $2.50; adjusted EPS 1, 2 of $3.67, an increase of 40% from $2.62 - Provision for credit losses (PCL) of $739 million, a decrease…"
"qwen3-embedding-0.6b","bmo-retrieval-050","What dividend did BMO declare in Q2 2026 and how much did it increase?","bmo-f5f3c016c51708e08e29","3","Q226_EarningsRelease","1","data/raw/Q226_EarningsRelease.pdf, p. 1","1","Financial Results Highlights","data/raw/Q226_EarningsRelease.pdf","Second Quarter 2026 compared with Second Quarter 2025: - Reported net income 1 of $2,630 million, an increase of 34% from $1,962 million; adjusted net income 1 of $2,733 million, an increase of 34% from $2,046 million - Reported earnings per share (EPS) 2 of $3.53, an increase of 41% from $2.50; adjusted EPS 1, 2 of $3.67, an increase of 40% from $2.62 - Provision for credit losses (PCL) of $739 million, a decrease from $1,054 million - Reported return on equity (ROE) of 13.0%, compared with 9.4%; adjusted ROE 1 of 13.5%, compared with 9.8% - Common Equity Tier 1 (CET1) Ratio 3 of 13.0%,…","Second Quarter 2026 compared with Second Quarter 2025: - Reported net income 1 of $2,630 million, an increase of 34% from $1,962 million; adjusted net income 1 of $2,733 million, an increase of 34% from $2,046 million - Reported earnings per share (EPS) 2 of $3.53, an increase of 41% from $2.50; adjusted EPS 1, 2 of $3.67, an increase of 40% from $2.62 - Provision for credit losses (PCL) of $739 million, a decrease…"
"qwen3-embedding-0.6b","bmo-retrieval-051","What were BMO's year-to-date 2026 reported and adjusted EPS?","bmo-ccc96f75ce929cfa0857","3","Q226_EarningsRelease","2","data/raw/Q226_EarningsRelease.pdf, p. 1","1","Year-to-Date 2026 compared with Year-to-Date 2025:","data/raw/Q226_EarningsRelease.pdf","- Reported net income 1 of $5,119 million, an increase of 25% from $4,100 million; adjusted net income 1 of $5,284 million, an increase of 22% from $4,335 million - Reported EPS 2 of $6.92, an increase of 30% from $5.34; adjusted EPS 1, 2 of $7.15, an increase of 26% from $5.66 - PCL of $1,485 million, a decrease from $2,065 million - Reported ROE of 12.5%, compared with 10.0%; adjusted ROE 1 of 12.9%, compared with 10.6%","- Reported net income 1 of $5,119 million, an increase of 25% from $4,100 million; adjusted net income 1 of $5,284 million, an increase of 22% from $4,335 million - Reported EPS 2 of $6.92, an increase of 30% from $5.34; adjusted EPS 1, 2 of $7.15, an increase of 26% from $5.66 - PCL of $1,485 million, a decrease from $2,065 million - Reported ROE of 12.5%, compared with 10.0%; adjusted ROE 1 of 12.9%, compared with…"
"qwen3-embedding-0.6b","bmo-retrieval-052","How did Canadian P&C net income change in Q2 2026?","bmo-d8b4ff732985f2971b8b","3","Q226_EarningsRelease","12","data/raw/Q226_EarningsRelease.pdf, p. 2","2","Canadian P&C","data/raw/Q226_EarningsRelease.pdf","Reported net income was $884 million, an increase of $120 million or 15% from the prior year, and adjusted net income was $887 million, an increase of $119 million or 15%, primarily due to a 5% increase in revenue, as well as a lower provision for credit losses, partially offset by higher expenses. Revenue growth was driven by increases in net interest income, primarily due to higher net interest margin, and non-interest revenue due to higher card-related and mutual fund distribution fees, partially offset by lower deposit fee revenue.","Reported net income was $884 million, an increase of $120 million or 15% from the prior year, and adjusted net income was $887 million, an increase of $119 million or 15%, primarily due to a 5% increase in revenue, as well as a lower provision for credit losses, partially offset by higher expenses. Revenue growth was driven by increases in net interest income, primarily due to higher net interest margin, and…"
"qwen3-embedding-0.6b","bmo-retrieval-053","For what period were BMO's Q2 2026 interim financial statements prepared?","bmo-4052b8af184c044dbe66","3","Q226_ReportToShareholders","0","data/raw/Q226_ReportToShareholders.pdf, p. 1","1","REPORT TO SHAREHOLDERS","data/raw/Q226_ReportToShareholders.pdf","BMO's Second Quarter 2026 Report to Shareholders, including the unaudited interim consolidated financial statements for the period ended April 30, 2026, are available online at www.bmo.com/investorrelations, on the Canadian Securities Administrators' website at www.sedarplus.ca, and on the EDGAR section of the U.S. Securities and Exchange Commission's website at www.sec.gov.","BMO's Second Quarter 2026 Report to Shareholders, including the unaudited interim consolidated financial statements for the period ended April 30, 2026, are available online at www.bmo.com/investorrelations, on the Canadian Securities Administrators' website at www.sedarplus.ca, and on the EDGAR section of the U.S. Securities and Exchange Commission's website at www.sec.gov."
"qwen3-embedding-0.6b","bmo-retrieval-054","What were BMO's Q2 2026 reported EPS, adjusted EPS and CET1 ratio?","bmo-066760077664f9e1d968","3","Q226_ReportToShareholders","1","data/raw/Q226_ReportToShareholders.pdf, p. 1","1","Financial Results Highlights","data/raw/Q226_ReportToShareholders.pdf","Second Quarter 2026 compared with Second Quarter 2025: - Reported net income 1 of $2,630 million, an increase of 34% from $1,962 million; adjusted net income 1 of $2,733 million, an increase of 34% from $2,046 million - Reported earnings per share (EPS) 2 of $3.53, an increase of 41% from $2.50; adjusted EPS 1, 2 of $3.67, an increase of 40% from $2.62 - Provision for credit losses (PCL) of $739 million, a decrease from $1,054 million - Reported return on equity (ROE) of 13.0%, compared with 9.4%; adjusted ROE 1 of 13.5%, compared with 9.8% - Common Equity Tier 1 (CET1) Ratio 3 of 13.0%,…","Second Quarter 2026 compared with Second Quarter 2025: - Reported net income 1 of $2,630 million, an increase of 34% from $1,962 million; adjusted net income 1 of $2,733 million, an increase of 34% from $2,046 million - Reported earnings per share (EPS) 2 of $3.53, an increase of 41% from $2.50; adjusted EPS 1, 2 of $3.67, an increase of 40% from $2.62 - Provision for credit losses (PCL) of $739 million, a decrease…"
"qwen3-embedding-0.6b","bmo-retrieval-055","What were BMO's year-to-date 2026 net income and PCL?","bmo-d7c2c5bcc623f9e1603d","3","Q226_ReportToShareholders","2","data/raw/Q226_ReportToShareholders.pdf, p. 1","1","Year-to-Date 2026 compared with Year-to-Date 2025:","data/raw/Q226_ReportToShareholders.pdf","- Reported net income 1 of $5,119 million, an increase of 25% from $4,100 million; adjusted net income 1 of $5,284 million, an increase of 22% from $4,335 million - Reported EPS 2 of $6.92, an increase of 30% from $5.34; adjusted EPS 1, 2 of $7.15, an increase of 26% from $5.66 - PCL of $1,485 million, a decrease from $2,065 million - Reported ROE of 12.5%, compared with 10.0%; adjusted ROE 1 of 12.9%, compared with 10.6%","- Reported net income 1 of $5,119 million, an increase of 25% from $4,100 million; adjusted net income 1 of $5,284 million, an increase of 22% from $4,335 million - Reported EPS 2 of $6.92, an increase of 30% from $5.34; adjusted EPS 1, 2 of $7.15, an increase of 26% from $5.66 - PCL of $1,485 million, a decrease from $2,065 million - Reported ROE of 12.5%, compared with 10.0%; adjusted ROE 1 of 12.9%, compared with…"
"qwen3-embedding-0.6b","bmo-retrieval-056","What sources comprise the Enhanced Disclosure Task Force index for Q2 2026?","bmo-8ab5d6ee881e05d83772","3","Q226_ReportToShareholders","11","data/raw/Q226_ReportToShareholders.pdf, p. 3","3","Enhanced Disclosure Task Force","data/raw/Q226_ReportToShareholders.pdf","Disclosures related to recommendations from the Financial Stability Board's Enhanced Disclosure Task Force (EDTF) to provide high-quality, transparent risk disclosures are detailed in the index below, as presented in BMO's 2025 Annual Report, the Second Quarter 2026 Report to Shareholders (RTS), Supplemental Financial Information (SFI) or Supplemental Regulatory Capital Information (SRCI). Information on BMO's website, including information within the SFI or SRCI, is not and should not be considered incorporated by reference into our Second Quarter 2026 Report to Shareholders.","Disclosures related to recommendations from the Financial Stability Board's Enhanced Disclosure Task Force (EDTF) to provide high-quality, transparent risk disclosures are detailed in the index below, as presented in BMO's 2025 Annual Report, the Second Quarter 2026 Report to Shareholders (RTS), Supplemental Financial Information (SFI) or Supplemental Regulatory Capital Information (SRCI). Information on BMO's…"
"qwen3-embedding-0.6b","bmo-retrieval-057","What reported and adjusted net income did BMO post in Q3 2026?","bmo-ff6f00d78e116ab4af67","3","Q326_EarningsRelease","3","data/raw/Q326_EarningsRelease.pdf, p. 1","1","Financial Results Highlights","data/raw/Q326_EarningsRelease.pdf","Toronto, August 25, 2026 - BMO Financial Group (TSX:BMO) (NYSE:BMO) reported net income for the third quarter ended July 31, 2026 was $1,750 million, compared with $2,330 million in the prior year, and EPS of $2.38, compared with $3.14. Reported ROE was 8.4%, compared with 11.6% in the prior year. The decrease in reported results was driven by a charge related to the reduction in goodwill associated with the announced sale of BMO's Transportation and Vendor Finance businesses. Adjusted net income of $2,859 million increased 19% from $2,399 million in the prior year, and adjusted EPS of $3.96…","Toronto, August 25, 2026 - BMO Financial Group (TSX:BMO) (NYSE:BMO) reported net income for the third quarter ended July 31, 2026 was $1,750 million, compared with $2,330 million in the prior year, and EPS of $2.38, compared with $3.14. Reported ROE was 8.4%, compared with 11.6% in the prior year. The decrease in reported results was driven by a charge related to the reduction in goodwill associated with the…"
"qwen3-embedding-0.6b","bmo-retrieval-058","What were BMO's reported and adjusted EPS in Q3 2026?","bmo-ff6f00d78e116ab4af67","3","Q326_EarningsRelease","3","data/raw/Q326_EarningsRelease.pdf, p. 1","1","Financial Results Highlights","data/raw/Q326_EarningsRelease.pdf","Toronto, August 25, 2026 - BMO Financial Group (TSX:BMO) (NYSE:BMO) reported net income for the third quarter ended July 31, 2026 was $1,750 million, compared with $2,330 million in the prior year, and EPS of $2.38, compared with $3.14. Reported ROE was 8.4%, compared with 11.6% in the prior year. The decrease in reported results was driven by a charge related to the reduction in goodwill associated with the announced sale of BMO's Transportation and Vendor Finance businesses. Adjusted net income of $2,859 million increased 19% from $2,399 million in the prior year, and adjusted EPS of $3.96…","Toronto, August 25, 2026 - BMO Financial Group (TSX:BMO) (NYSE:BMO) reported net income for the third quarter ended July 31, 2026 was $1,750 million, compared with $2,330 million in the prior year, and EPS of $2.38, compared with $3.14. Reported ROE was 8.4%, compared with 11.6% in the prior year. The decrease in reported results was driven by a charge related to the reduction in goodwill associated with the…"
"qwen3-embedding-0.6b","bmo-retrieval-059","How did Canadian P&C net income change in Q3 2026?","bmo-039cc788a0c03af90fd1","3","Q326_EarningsRelease","10","data/raw/Q326_EarningsRelease.pdf, p. 2","2","Canadian P&C","data/raw/Q326_EarningsRelease.pdf","Reported net income was $980 million, an increase of $131 million or 16% from the prior year, and adjusted net income was $983 million, an increase of $131 million or 15%, primarily due to a 6% increase in revenue and a lower provision for credit losses, partially offset by higher expenses. Revenue growth was driven by increases in net interest income, primarily due to higher net interest margin and non-interest revenue.","Reported net income was $980 million, an increase of $131 million or 16% from the prior year, and adjusted net income was $983 million, an increase of $131 million or 15%, primarily due to a 6% increase in revenue and a lower provision for credit losses, partially offset by higher expenses. Revenue growth was driven by increases in net interest income, primarily due to higher net interest margin and non-interest…"
"qwen3-embedding-0.6b","bmo-retrieval-060","How did U.S. Banking perform in Q3 2026 in Canadian and U.S. dollars?","bmo-48eaaf7670823fc92b7c","3","Q326_EarningsRelease","11","data/raw/Q326_EarningsRelease.pdf, p. 2","2","U.S. Banking","data/raw/Q326_EarningsRelease.pdf","Reported net income was $868 million, an increase of $101 million or 13% from the prior year, and adjusted net income was $925 million, an increase of $96 million or 11%. The impact of the stronger U.S. dollar increased each of revenue, expenses and net income by 2%. On a U.S. dollar basis, reported net income was $620 million, an increase of $62 million or 11% from the prior year, and adjusted net income was $661 million, an increase of $58 million or 9%, primarily due to a 5% increase in revenue, partially offset by higher expenses. Revenue growth was driven by increases in net interest…","Reported net income was $868 million, an increase of $101 million or 13% from the prior year, and adjusted net income was $925 million, an increase of $96 million or 11%. The impact of the stronger U.S. dollar increased each of revenue, expenses and net income by 2%. On a U.S. dollar basis, reported net income was $620 million, an increase of $62 million or 11% from the prior year, and adjusted net income was $661…"
"qwen3-embedding-0.6b","bmo-retrieval-061","For what period were BMO's Q3 2026 interim financial statements prepared?","bmo-2ffa15156b342d3ca1f0","3","Q326_ReportToShareholders","0","data/raw/Q326_ReportToShareholders.pdf, p. 1","1","REPORT TO SHAREHOLDERS","data/raw/Q326_ReportToShareholders.pdf","BMO's Third Quarter 2026 Report to Shareholders, including the unaudited interim consolidated financial statements for the period ended July 31, 2026, are available online at www.bmo.com/investorrelations, on the Canadian Securities Administrators' website at www.sedarplus.ca, and on the EDGAR section of the U.S. Securities and Exchange Commission's website at www.sec.gov.","BMO's Third Quarter 2026 Report to Shareholders, including the unaudited interim consolidated financial statements for the period ended July 31, 2026, are available online at www.bmo.com/investorrelations, on the Canadian Securities Administrators' website at www.sedarplus.ca, and on the EDGAR section of the U.S. Securities and Exchange Commission's website at www.sec.gov."
"qwen3-embedding-0.6b","bmo-retrieval-062","What were BMO's Q3 2026 PCL, ROE and CET1 ratio?","bmo-39e69130adc5b1f4211c","3","Q326_ReportToShareholders","1","data/raw/Q326_ReportToShareholders.pdf, p. 1","1","Financial Results Highlights","data/raw/Q326_ReportToShareholders.pdf","Third Quarter 2026 compared with Third Quarter 2025: - Reported net income 1 of $1,750 million, a decrease of 25% from $2,330 million; adjusted net income 1 of $2,859 million, an increase of 19% from $2,399 million - Reported earnings per share (EPS) 2 of $2.38, a decrease of 24% from $3.14; adjusted EPS 1, 2 of $3.96, an increase of 22% from $3.23 - Provision for credit losses (PCL) of $722 million, a decrease from $797 million - Reported return on equity (ROE) of 8.4%, compared with 11.6%; adjusted ROE 1 of 14.0%, compared with 12.0% - Common Equity Tier 1 (CET1) Ratio 3 of 13.0%, compared…","Third Quarter 2026 compared with Third Quarter 2025: - Reported net income 1 of $1,750 million, a decrease of 25% from $2,330 million; adjusted net income 1 of $2,859 million, an increase of 19% from $2,399 million - Reported earnings per share (EPS) 2 of $2.38, a decrease of 24% from $3.14; adjusted EPS 1, 2 of $3.96, an increase of 22% from $3.23 - Provision for credit losses (PCL) of $722 million, a decrease from…"
"qwen3-embedding-0.6b","bmo-retrieval-063","What deposits, loans and premium are involved in the planned sale of 138 U.S. branches?","bmo-6fb966f5b5040235a7fb","3","Q326_ReportToShareholders","9","data/raw/Q326_ReportToShareholders.pdf, p. 2","2","Divestitures","data/raw/Q326_ReportToShareholders.pdf","On October 16, 2025, we announced the sale of 138 BMO branches in select markets to First-Citizens Bank & Trust Company (First Citizens Bank) to support the optimization of our U.S. branch network and the redeployment of capital and resources. Under the terms of this agreement, First Citizens Bank will assume approximately US$5.3 billion (CAD$7.4 billion) in deposits and purchase approximately US$0.7 billion (CAD$1.0 billion) in loans as at July 31, 2026, for a net deposit premium of approximately 5% paid on closing. This transaction is expected to close in the fourth quarter of fiscal 2026,…","On October 16, 2025, we announced the sale of 138 BMO branches in select markets to First-Citizens Bank & Trust Company (First Citizens Bank) to support the optimization of our U.S. branch network and the redeployment of capital and resources. Under the terms of this agreement, First Citizens Bank will assume approximately US$5.3 billion (CAD$7.4 billion) in deposits and purchase approximately US$0.7 billion…"
"qwen3-embedding-0.6b","bmo-retrieval-064","What business did BMO agree to acquire from Euroz Hartleys in June 2026?","bmo-bcc2c4e929bb21b726b3","3","Q326_ReportToShareholders","13","data/raw/Q326_ReportToShareholders.pdf, p. 2","2","Acquisitions","data/raw/Q326_ReportToShareholders.pdf","On June 29, 2026, we entered into a definitive agreement to acquire the Australia-based metals and mining focused capital markets business of Euroz Hartleys Group Limited (Euroz Hartleys). This acquisition is expected to close in the fourth quarter of calendar 2026, subject to Euroz Hartleys shareholder approval, regulatory approvals and satisfaction of other customary closing conditions. Following closing, the acquired business will form part of the Capital Markets operating segment. For further information on the above divestitures and acquisition, refer to Note 13 of the unaudited interim…","On June 29, 2026, we entered into a definitive agreement to acquire the Australia-based metals and mining focused capital markets business of Euroz Hartleys Group Limited (Euroz Hartleys). This acquisition is expected to close in the fourth quarter of calendar 2026, subject to Euroz Hartleys shareholder approval, regulatory approvals and satisfaction of other customary closing conditions. Following closing, the…"
"qwen3-embedding-0.6b","bmo-retrieval-065","How should BMO's Q3 2026 supplementary regulatory capital information be used?","bmo-2cf4a13431087798555b","3","RegSuppQ326","3","data/raw/RegSuppQ326.pdf, p. 3","3","Use of this Document","data/raw/RegSuppQ326.pdf","The supplementary information contained in this package is designed to improve the readers' understanding of the capital requirements of BMO Financial Group (the Bank). This information should be used in conjunction with the Bank's Third quarter 2026 Report to Shareholders and the 2025 Annual Report available on the Canadian Securities Administrators' website at www.sedarplus.ca and BMO's website at www.bmo.com/investorrelations.","The supplementary information contained in this package is designed to improve the readers' understanding of the capital requirements of BMO Financial Group (the Bank). This information should be used in conjunction with the Bank's Third quarter 2026 Report to Shareholders and the 2025 Annual Report available on the Canadian Securities Administrators' website at www.sedarplus.ca and BMO's website at…"
"qwen3-embedding-0.6b","bmo-retrieval-066","Which frameworks and OSFI guidelines determine BMO's regulatory capital disclosures?","bmo-a54590afe687d72bd739","3","RegSuppQ326","5","data/raw/RegSuppQ326.pdf, p. 3","3","Regulatory Framework","data/raw/RegSuppQ326.pdf","Regulatory capital requirements for the bank are determined in accordance with guidelines issued by the Office of the Superintendent of Financial Institutions (OSFI), which are based on the revised Basel III Reforms framework (inclusive of the 2017 Basel III Reforms) developed by the Basel Committee on Banking Supervision (BCBS). The measures and disclosures herein are presented in accordance with OSFI's Pillar 3 Disclosure Guideline, including the Total Loss Absorbing Capacity (TLAC) Disclosure Requirements Guideline for domestic systemically important banks (D-SIBs) and the Enhanced…","Regulatory capital requirements for the bank are determined in accordance with guidelines issued by the Office of the Superintendent of Financial Institutions (OSFI), which are based on the revised Basel III Reforms framework (inclusive of the 2017 Basel III Reforms) developed by the Basel Committee on Banking Supervision (BCBS). The measures and disclosures herein are presented in accordance with OSFI's Pillar 3…"
"qwen3-embedding-0.6b","bmo-retrieval-067","Which insurance subsidiaries are excluded from BMO's regulatory-scope balance sheet?","bmo-73a6a79d9baa8b1e01b3","3","RegSuppQ326","27","data/raw/RegSuppQ326.pdf, p. 9","9","CC2 - RECONCILIATION OF REGULATORY CAPITAL TO BALANCE SHEET","data/raw/RegSuppQ326.pdf","(1) Balance sheet under regulatory scope does not include the following entities: BMO Life Insurance Company and BMO Reinsurance Limited. Insurance subsidiaries are included in the regulatory balance sheet using the equity method of accounting and are capitalized as significant investments in financials. BMO Life Insurance Company ($23,046 million assets and $2,610 million equity) covers the development and marketing of individual life, critical illness and annuity products as well as segregated funds. It also offers group creditor and travel insurance to bank customers in Canada. BMO…","(1) Balance sheet under regulatory scope does not include the following entities: BMO Life Insurance Company and BMO Reinsurance Limited. Insurance subsidiaries are included in the regulatory balance sheet using the equity method of accounting and are capitalized as significant investments in financials. BMO Life Insurance Company ($23,046 million assets and $2,610 million equity) covers the development and…"
"qwen3-embedding-0.6b","bmo-retrieval-068","What products are offered by BMO Life Insurance Company?","bmo-73a6a79d9baa8b1e01b3","3","RegSuppQ326","27","data/raw/RegSuppQ326.pdf, p. 9","9","CC2 - RECONCILIATION OF REGULATORY CAPITAL TO BALANCE SHEET","data/raw/RegSuppQ326.pdf","(1) Balance sheet under regulatory scope does not include the following entities: BMO Life Insurance Company and BMO Reinsurance Limited. Insurance subsidiaries are included in the regulatory balance sheet using the equity method of accounting and are capitalized as significant investments in financials. BMO Life Insurance Company ($23,046 million assets and $2,610 million equity) covers the development and marketing of individual life, critical illness and annuity products as well as segregated funds. It also offers group creditor and travel insurance to bank customers in Canada. BMO…","(1) Balance sheet under regulatory scope does not include the following entities: BMO Life Insurance Company and BMO Reinsurance Limited. Insurance subsidiaries are included in the regulatory balance sheet using the equity method of accounting and are capitalized as significant investments in financials. BMO Life Insurance Company ($23,046 million assets and $2,610 million equity) covers the development and…"
"qwen3-embedding-0.6b","bmo-retrieval-069","What four operating segments does BMO use in its Q1 2026 supplemental information?","bmo-ed5dda6fe554f6377824","3","Suppq126","5","data/raw/Suppq126.pdf, p. 3","3","Operating Segment Results","data/raw/Suppq126.pdf","BMO reports financial results for its four operating segments, all of which are supported by Corporate Units and Technology and Operations (T&O) within Corporate Services. Operating segment results include allocations from Corporate Services for treasury-related revenue, corporate and T&O costs, and capital. For more information, see the ""How BMO Reports Operating Group Results"" section of the 2025 BMO Annual MD&A.","BMO reports financial results for its four operating segments, all of which are supported by Corporate Units and Technology and Operations (T&O) within Corporate Services. Operating segment results include allocations from Corporate Services for treasury-related revenue, corporate and T&O costs, and capital. For more information, see the ""How BMO Reports Operating Group Results"" section of the 2025 BMO Annual MD&A."
"qwen3-embedding-0.6b","bmo-retrieval-070","Why does BMO's Q1 2026 supplemental package present both reported and adjusted results?","bmo-bc4c98d33041974d0a12","3","Suppq126","8","data/raw/Suppq126.pdf, p. 3","3","Adjusted measures and ratios","data/raw/Suppq126.pdf","Management considers both reported and adjusted results and measures useful in assessing underlying ongoing business performance. Adjusted results and measures remove certain specified items from revenue, non-interest expense and income taxes, as detailed on page 2. Adjusted results and measures presented in this document are non-GAAP. Presenting results on both a reported basis and an adjusted basis permits readers to assess the impact of certain items on results for the periods presented, and to better assess results excluding those items that may not be reflective of ongoing business…","Management considers both reported and adjusted results and measures useful in assessing underlying ongoing business performance. Adjusted results and measures remove certain specified items from revenue, non-interest expense and income taxes, as detailed on page 2. Adjusted results and measures presented in this document are non-GAAP. Presenting results on both a reported basis and an adjusted basis permits readers…"
"qwen3-embedding-0.6b","bmo-retrieval-071","What businesses are excluded from the net interest margin measure in BMO's Q1 2026 supplement?","bmo-09bed7072130add46cbf","3","Suppq126","10","data/raw/Suppq126.pdf, p. 3","3","Net Interest Margin, excluding Global Markets and Insurance","data/raw/Suppq126.pdf","Effective the first quarter of fiscal 2026, we report net interest margin on a basis that excludes net interest income from our Global Markets business in Capital Markets, and average earning assets from our Global Markets and Insurance businesses. Management considers this measure to be useful in allowing readers to assess performance of BMO's lending, investing and deposit-raising activities without the volatility that may be associated with market and trading-related activities. This measure replaces Net Interest Margin, excluding trading and insurance previously disclosed, and prior…","Effective the first quarter of fiscal 2026, we report net interest margin on a basis that excludes net interest income from our Global Markets business in Capital Markets, and average earning assets from our Global Markets and Insurance businesses. Management considers this measure to be useful in allowing readers to assess performance of BMO's lending, investing and deposit-raising activities without the volatility…"
"qwen3-embedding-0.6b","bmo-retrieval-072","Which report and annual report should be read with the Q1 supplemental package?","bmo-caf5e580a0b472bc9d0c","3","Suppq126","2","data/raw/Suppq126.pdf, p. 3","3","Return on Equity by Operating Segment","data/raw/Suppq126.pdf","The supplemental information contained in this package is designed to improve the readers' understanding of the financial performance of BMO Financial Group (the Bank). This information should be used in conjunction with the Bank's First Quarter 2026 Report to Shareholders and the 2025 Annual Report available on the Canadian Securities Administrators' website at www.sedarplus.ca and BMO's website at www.bmo.com/investor relations.","The supplemental information contained in this package is designed to improve the readers' understanding of the financial performance of BMO Financial Group (the Bank). This information should be used in conjunction with the Bank's First Quarter 2026 Report to Shareholders and the 2025 Annual Report available on the Canadian Securities Administrators' website at www.sedarplus.ca and BMO's website at…"
"qwen3-embedding-0.6b","bmo-retrieval-073","What four operating segments does BMO use in its Q2 2026 supplemental information?","bmo-20158f1679b5f85fec72","3","Suppq226","5","data/raw/Suppq226.pdf, p. 3","3","Operating Segment Results","data/raw/Suppq226.pdf","BMO reports financial results for its four operating segments, all of which are supported by Corporate Units and Technology and Operations (T&O) within Corporate Services. Operating segment results include allocations from Corporate Services for treasury-related revenue, corporate and T&O costs, and capital. For more information, see the ""How BMO Reports Operating Group Results"" section of the 2025 BMO Annual MD&A.","BMO reports financial results for its four operating segments, all of which are supported by Corporate Units and Technology and Operations (T&O) within Corporate Services. Operating segment results include allocations from Corporate Services for treasury-related revenue, corporate and T&O costs, and capital. For more information, see the ""How BMO Reports Operating Group Results"" section of the 2025 BMO Annual MD&A."
"qwen3-embedding-0.6b","bmo-retrieval-074","Why does BMO's Q2 2026 supplemental package present both reported and adjusted results?","bmo-80f5f38e279e7e0ce03b","3","Suppq226","8","data/raw/Suppq226.pdf, p. 3","3","Adjusted measures and ratios","data/raw/Suppq226.pdf","Management considers both reported and adjusted results and measures useful in assessing underlying ongoing business performance. Adjusted results and measures remove certain specified items from revenue, non-interest expense and income taxes, as detailed on page 2. Adjusted results and measures presented in this document are non-GAAP. Presenting results on both a reported basis and an adjusted basis permits readers to assess the impact of certain items on results for the periods presented, and to better assess results excluding those items that may not be reflective of ongoing business…","Management considers both reported and adjusted results and measures useful in assessing underlying ongoing business performance. Adjusted results and measures remove certain specified items from revenue, non-interest expense and income taxes, as detailed on page 2. Adjusted results and measures presented in this document are non-GAAP. Presenting results on both a reported basis and an adjusted basis permits readers…"
"qwen3-embedding-0.6b","bmo-retrieval-075","What businesses are excluded from the net interest margin measure in BMO's Q2 2026 supplement?","bmo-474d4291746250dd9809","3","Suppq226","10","data/raw/Suppq226.pdf, p. 3","3","Net Interest Margin, excluding Global Markets and Insurance","data/raw/Suppq226.pdf","Effective the first quarter of fiscal 2026, we report net interest margin on a basis that excludes net interest income from our Global Markets business in Capital Markets, and average earning assets from our Global Markets and Insurance businesses. Management considers this measure to be useful in allowing readers to assess performance of BMO's lending, investing and deposit-raising activities without the volatility that may be associated with market and trading-related activities. This measure replaces Net Interest Margin, excluding trading and insurance previously disclosed, and prior…","Effective the first quarter of fiscal 2026, we report net interest margin on a basis that excludes net interest income from our Global Markets business in Capital Markets, and average earning assets from our Global Markets and Insurance businesses. Management considers this measure to be useful in allowing readers to assess performance of BMO's lending, investing and deposit-raising activities without the volatility…"
"qwen3-embedding-0.6b","bmo-retrieval-076","Which report and annual report should be read with the Q2 supplemental package?","bmo-c9b2c0fcbd3648e62fb2","3","Suppq226","2","data/raw/Suppq226.pdf, p. 3","3","Return on Equity by Operating Segment","data/raw/Suppq226.pdf","The supplemental information contained in this package is designed to improve the readers' understanding of the financial performance of BMO Financial Group (the Bank). This information should be used in conjunction with the Bank's Second Quarter 2026 Report to Shareholders and the 2025 Annual Report available on the Canadian Securities Administrators' website at www.sedarplus.ca and BMO's website at www.bmo.com/investor relations.","The supplemental information contained in this package is designed to improve the readers' understanding of the financial performance of BMO Financial Group (the Bank). This information should be used in conjunction with the Bank's Second Quarter 2026 Report to Shareholders and the 2025 Annual Report available on the Canadian Securities Administrators' website at www.sedarplus.ca and BMO's website at…"
"qwen3-embedding-0.6b","bmo-retrieval-077","What four operating segments does BMO use in its Q3 2026 supplemental information?","bmo-b744a42f03800223bbe0","3","SuppQ326","5","data/raw/SuppQ326.pdf, p. 3","3","Operating Segment Results","data/raw/SuppQ326.pdf","BMO reports financial results for its four operating segments, all of which are supported by Corporate Units and Technology and Operations (T&O) within Corporate Services. Operating segment results include allocations from Corporate Services for treasury-related revenue, corporate and T&O costs, and capital. For more information, see the ""How BMO Reports Operating Group Results"" section of the 2025 BMO Annual MD&A.","BMO reports financial results for its four operating segments, all of which are supported by Corporate Units and Technology and Operations (T&O) within Corporate Services. Operating segment results include allocations from Corporate Services for treasury-related revenue, corporate and T&O costs, and capital. For more information, see the ""How BMO Reports Operating Group Results"" section of the 2025 BMO Annual MD&A."
"qwen3-embedding-0.6b","bmo-retrieval-078","Why does BMO's Q3 2026 supplemental package present both reported and adjusted results?","bmo-76be7d88f338a9a8dacf","3","SuppQ326","8","data/raw/SuppQ326.pdf, p. 3","3","Adjusted measures and ratios","data/raw/SuppQ326.pdf","Management considers both reported and adjusted results and measures useful in assessing underlying ongoing business performance. Adjusted results and measures remove certain specified items from revenue, non-interest expense and income taxes, as detailed on page 2. Adjusted results and measures presented in this document are non-GAAP. Presenting results on both a reported basis and an adjusted basis permits readers to assess the impact of certain items on results for the periods presented, and to better assess results excluding those items that may not be reflective of ongoing business…","Management considers both reported and adjusted results and measures useful in assessing underlying ongoing business performance. Adjusted results and measures remove certain specified items from revenue, non-interest expense and income taxes, as detailed on page 2. Adjusted results and measures presented in this document are non-GAAP. Presenting results on both a reported basis and an adjusted basis permits readers…"
"qwen3-embedding-0.6b","bmo-retrieval-079","What businesses are excluded from the net interest margin measure in BMO's Q3 2026 supplement?","bmo-c642804b854d7c55939b","3","SuppQ326","10","data/raw/SuppQ326.pdf, p. 3","3","Net Interest Margin, excluding Global Markets and Insurance","data/raw/SuppQ326.pdf","Effective the first quarter of fiscal 2026, we report net interest margin on a basis that excludes net interest income from our Global Markets business in Capital Markets, and average earning assets from our Global Markets and Insurance businesses. Management considers this measure to be useful in allowing readers to assess performance of BMO's lending, investing and deposit-raising activities without the volatility that may be associated with market and trading-related activities. This measure replaces Net Interest Margin, excluding trading and insurance previously disclosed, and prior…","Effective the first quarter of fiscal 2026, we report net interest margin on a basis that excludes net interest income from our Global Markets business in Capital Markets, and average earning assets from our Global Markets and Insurance businesses. Management considers this measure to be useful in allowing readers to assess performance of BMO's lending, investing and deposit-raising activities without the volatility…"
"qwen3-embedding-0.6b","bmo-retrieval-080","Which report and annual report should be read with the Q3 supplemental package?","bmo-dfd353eaf3be553105c7","3","SuppQ326","2","data/raw/SuppQ326.pdf, p. 3","3","Return on Equity by Operating Segment","data/raw/SuppQ326.pdf","The supplemental information contained in this package is designed to improve the readers' understanding of the financial performance of BMO Financial Group (the Bank). This information should be used in conjunction with the Bank's Third Quarter 2026 Report to Shareholders and the 2025 Annual Report available on the Canadian Securities Administrators' website at www.sedarplus.ca and BMO's website at www.bmo.com/investor relations.","The supplemental information contained in this package is designed to improve the readers' understanding of the financial performance of BMO Financial Group (the Bank). This information should be used in conjunction with the Bank's Third Quarter 2026 Report to Shareholders and the 2025 Annual Report available on the Canadian Securities Administrators' website at www.sedarplus.ca and BMO's website at…"
"qwen3-embedding-0.6b","bmo-retrieval-081","How does BMO connect its sustainability priorities to growth and risk management?","bmo-6a5eefe9e1c937d5d9de","3","sustainability_and_climate_report_interactive","7","data/raw/sustainability_and_climate_report_interactive.pdf, p. 3","3","Message from the Executive Committee Sponsor for Sustainability","data/raw/sustainability_and_climate_report_interactive.pdf","At BMO, our strategy is anchored in what sets us apart: world-class client experiences, our Winning Culture, digital-first and AI-enabled capabilities, and a longstanding commitment to superior risk management. Our Purpose, to Boldly Grow the Good in business and life powers our work and our commitment to creating opportunities for a thriving economy, a sustainable future and stronger communities. Our sustainability priorities represent opportunities for growth and are also an essential part of managing our risk. We are mobilizing expertise, platforms and capital across the bank to navigate…","At BMO, our strategy is anchored in what sets us apart: world-class client experiences, our Winning Culture, digital-first and AI-enabled capabilities, and a longstanding commitment to superior risk management. Our Purpose, to Boldly Grow the Good in business and life powers our work and our commitment to creating opportunities for a thriving economy, a sustainable future and stronger communities. Our sustainability…"
"qwen3-embedding-0.6b","bmo-retrieval-082","What does BMO disclose about responsible artificial intelligence?","bmo-1c2f9c64cacc978b8bf0","3","sustainability_and_climate_report_interactive","151","data/raw/sustainability_and_climate_report_interactive.pdf, p. 24","24","Sustainability Governance | Responsible artificial intelligence","data/raw/sustainability_and_climate_report_interactive.pdf","These principles were developed with input from Legal, Sustainability, Risk, Data Science, Responsible AI, Security and Privacy teams. They are informed by recognized ethical AI standards and frameworks, including those of the European Commission's High-Level Expert Group on AI, the National Institute of Standards and Technology (NIST), the IEEE Standards Association, Canada's Office of the Superintendent of Financial Institutions (OSFI), the United Nations Educational, Scientific and Cultural Organization (UNESCO), the International Organization for Standardization (ISO), and the…","These principles were developed with input from Legal, Sustainability, Risk, Data Science, Responsible AI, Security and Privacy teams. They are informed by recognized ethical AI standards and frameworks, including those of the European Commission's High-Level Expert Group on AI, the National Institute of Standards and Technology (NIST), the IEEE Standards Association, Canada's Office of the Superintendent of…"
"qwen3-embedding-0.6b","bmo-retrieval-083","What does BMO report about Indigenous partnerships?","bmo-938305cb8b60d7e4ca75","3","sustainability_and_climate_report_interactive","361","data/raw/sustainability_and_climate_report_interactive.pdf, p. 68","68","Indigenous partnerships","data/raw/sustainability_and_climate_report_interactive.pdf","We are deepening our long-standing partnerships with Indigenous communities by supporting economic empowerment through tailored financial services, employment and education.","We are deepening our long-standing partnerships with Indigenous communities by supporting economic empowerment through tailored financial services, employment and education."
"qwen3-embedding-0.6b","bmo-retrieval-084","How does BMO describe its financed-emissions measurement and targets?","bmo-0736508fae55a8cbf015","3","sustainability_and_climate_report_interactive","303","data/raw/sustainability_and_climate_report_interactive.pdf, p. 57","57","Financed emissions and targets in select sectors","data/raw/sustainability_and_climate_report_interactive.pdf","When setting targets, we follow a sector-based approach that is informed by the UNEP FI Guidelines for Climate Target Setting for Banks (the UNEP FI Guidelines) and considers local laws and regulations. Our approach includes: - Metric selection - We emphasize physical carbon intensity metrics for targetsetting to align with industry-accepted methodologies and to allow for easier comparison of clients of different sizes in a sector. Where applicable, we use metrics that reflect actions that result in sectoral carbon intensity reductions. - GHG emissions reduction pathways - Our targets are…","When setting targets, we follow a sector-based approach that is informed by the UNEP FI Guidelines for Climate Target Setting for Banks (the UNEP FI Guidelines) and considers local laws and regulations. Our approach includes: - Metric selection - We emphasize physical carbon intensity metrics for targetsetting to align with industry-accepted methodologies and to allow for easier comparison of clients of different…"
"qwen3-embedding-0.6b","bmo-retrieval-085","Who welcomed attendees to BMO's 2026 Investor Day and what anniversary did she mention?","bmo-4a315909f5190777a213","3","transcript_2026BMOInvestoDayTranscript","22","data/raw/transcript_2026BMOInvestoDayTranscript.pdf, p. 2","2","Christine Viau - Bank of Montreal - Head of Investor Relations","data/raw/transcript_2026BMOInvestoDayTranscript.pdf","Well, good morning, everyone. On behalf of BMO's executive team, it is my pleasure to welcome you to BMO's 2026 Investor Day. I'm Christine Viau, Head of Investor Relations. This year I'll be celebrating my 30th anniversary with BMO, and 10 of those I've had the privilege of serving in Investor Relations. It's just so wonderful to see so many of you in the room today.","Well, good morning, everyone. On behalf of BMO's executive team, it is my pleasure to welcome you to BMO's 2026 Investor Day. I'm Christine Viau, Head of Investor Relations. This year I'll be celebrating my 30th anniversary with BMO, and 10 of those I've had the privilege of serving in Investor Relations. It's just so wonderful to see so many of you in the room today."
"qwen3-embedding-0.6b","bmo-retrieval-086","Where did BMO host its 2026 Investor Day?","bmo-5e32b23d7f94acdf3d0f","3","transcript_2026BMOInvestoDayTranscript","29","data/raw/transcript_2026BMOInvestoDayTranscript.pdf, p. 2","2","Darryl White - Bank of Montreal - CEO","data/raw/transcript_2026BMOInvestoDayTranscript.pdf","We're pleased to host you here at our flagship learning and development ecosystem in the heart of downtown Toronto. This space was, in fact designed to bring colleagues and clients together, to collaborate, to learn and to connect. Because as you've just seen in the video and as you'll see over the course of today, we are building a stronger, a more connected, and a future ready bank. Let me start by saying thank you to all of you for taking the better part of your day, whether you're here in the room or you're online and spending your time with us.","We're pleased to host you here at our flagship learning and development ecosystem in the heart of downtown Toronto. This space was, in fact designed to bring colleagues and clients together, to collaborate, to learn and to connect. Because as you've just seen in the video and as you'll see over the course of today, we are building a stronger, a more connected, and a future ready bank. Let me start by saying thank…"
"qwen3-embedding-0.6b","bmo-retrieval-087","What sustainable ROE objective did Darryl White describe at Investor Day?","bmo-7f38e02c7575e5d3628c","3","transcript_2026BMOInvestoDayTranscript","36","data/raw/transcript_2026BMOInvestoDayTranscript.pdf, p. 3","3","March 26, 2026 / 8:00AM, 2026 BMO Investor Day","data/raw/transcript_2026BMOInvestoDayTranscript.pdf","So taken together, these strategies are designed to elevate returns and accelerate growth. We're executing on this combination with pace to deliver differentiated value for you, our shareholders. Sustainable ROE of 15% plus and resilient and profitable earnings growth, that's what you will hear today. BMO's strategy is long term, and it's built for success across a range of economic outcomes. And I think it is important to recognize today that the rapidly evolving geopolitical environment in which our clients work, in which we work is indeed very dynamic.","So taken together, these strategies are designed to elevate returns and accelerate growth. We're executing on this combination with pace to deliver differentiated value for you, our shareholders. Sustainable ROE of 15% plus and resilient and profitable earnings growth, that's what you will hear today. BMO's strategy is long term, and it's built for success across a range of economic outcomes. And I think it is…"
"qwen3-embedding-0.6b","bmo-retrieval-088","How does BMO define the time horizon and basis for its medium-term targets?","bmo-64c1d7f5cea739cc1985","3","transcript_2026BMOInvestoDayTranscript","19","data/raw/transcript_2026BMOInvestoDayTranscript.pdf, p. 1","1","Non-GAAP Measures and Other Financial Measures","data/raw/transcript_2026BMOInvestoDayTranscript.pdf","Medium-term targets in this document are generally defined as Fiscal 2028 unless otherwise stated, and performance is measured on an adjusted basis. These targets assume a normal business operating environment and credit cycle and have inherent risk and uncertainties and excludes the impact of the announced sale of 138 financial centres to First Citizens Bank. Our ability to achieve them in a period may be adversely affected by the macroeconomic backdrop and the cyclical nature of the credit cycle.","Medium-term targets in this document are generally defined as Fiscal 2028 unless otherwise stated, and performance is measured on an adjusted basis. These targets assume a normal business operating environment and credit cycle and have inherent risk and uncertainties and excludes the impact of the announced sale of 138 financial centres to First Citizens Bank. Our ability to achieve them in a period may be adversely…"
"qwen3-embedding-0.6b","bmo-retrieval-089","What reported and adjusted net income did BMO announce for Q2 2026?","bmo-a76a7cd622e8b0430ce5","3","2026-05-27-BMO-Financial-Group-Reports-Second-Quarter-2026-Results-ed105dc24d","1","https://newsroom.bmo.com/2026-05-27-BMO-Financial-Group-Reports-Second-Quarter-2026-Results","","BMO Financial Group Reports Second Quarter 2026 Results | Second Quarter 2026 compared with Second Quarter 2025:","https://newsroom.bmo.com/2026-05-27-BMO-Financial-Group-Reports-Second-Quarter-2026-Results","Reported net income 1 of $2,630 million, an increase of 34% from $1,962 million; adjusted net income 1 of $2,733 million, an increase of 34% from $2,046 million Reported earnings per share (EPS) 2 of $3.53, an increase of 41% from $2.50; adjusted EPS 1, 2 of $3.67, an increase of 40% from $2.62 Provision for credit losses (PCL) of $739 million, a decrease from $1,054 million Reported return on equity (ROE) of 13.0%, compared with 9.4%; adjusted ROE 1 of 13.5%, compared with 9.8% Common Equity Tier 1 (CET1) Ratio 3 of 13.0%, compared with 13.5% Declared a quarterly dividend of $1.71 per common…","Reported net income 1 of $2,630 million, an increase of 34% from $1,962 million; adjusted net income 1 of $2,733 million, an increase of 34% from $2,046 million Reported earnings per share (EPS) 2 of $3.53, an increase of 41% from $2.50; adjusted EPS 1, 2 of $3.67, an increase of 40% from $2.62 Provision for credit losses (PCL) of $739 million, a decrease from $1,054 million Reported return on equity (ROE) of 13.0%,…"
"qwen3-embedding-0.6b","bmo-retrieval-090","How did BMO's U.S. Banking business perform in Q2 2026?","bmo-08fdf54f45dfb23a46e0","3","2026-05-27-BMO-Financial-Group-Reports-Second-Quarter-2026-Results-ed105dc24d","9","https://newsroom.bmo.com/2026-05-27-BMO-Financial-Group-Reports-Second-Quarter-2026-Results","","BMO Financial Group Reports Second Quarter 2026 Results | U.S. Banking","https://newsroom.bmo.com/2026-05-27-BMO-Financial-Group-Reports-Second-Quarter-2026-Results","Reported net income was $790 million, an increase of $189 million or 32% from the prior year, and adjusted net income was $847 million, an increase of $172 million or 25%. The impact of the weaker U.S. dollar decreased net income by 5%, revenue by 4% and expenses by 3%. On a U.S. dollar basis, reported net income was $575 million, an increase of $154 million or 37% from the prior year, and adjusted net income was $616 million, an increase of $143 million or 30%, primarily due to a 5% increase in revenue and a lower provision for credit losses, with expenses relatively unchanged from the prior…","Reported net income was $790 million, an increase of $189 million or 32% from the prior year, and adjusted net income was $847 million, an increase of $172 million or 25%. The impact of the weaker U.S. dollar decreased net income by 5%, revenue by 4% and expenses by 3%. On a U.S. dollar basis, reported net income was $575 million, an increase of $154 million or 37% from the prior year, and adjusted net income was…"
"qwen3-embedding-0.6b","bmo-retrieval-091","When was BMO's Q2 2026 conference call and webcast scheduled?","bmo-f84bb52b0f3e1e525352","3","2026-05-27-BMO-Financial-Group-Reports-Second-Quarter-2026-Results-ed105dc24d","39","https://newsroom.bmo.com/2026-05-27-BMO-Financial-Group-Reports-Second-Quarter-2026-Results","","BMO Financial Group Reports Second Quarter 2026 Results | Quarterly Conference Call and Webcast Presentations","https://newsroom.bmo.com/2026-05-27-BMO-Financial-Group-Reports-Second-Quarter-2026-Results","Interested parties are also invited to listen to our quarterly conference call on Wednesday, May 27, 2026, at 8:15 a.m. (ET). The call may be accessed by telephone at 647-557-5533 (from within Toronto) or 1-888-440-4121 (toll-free outside Toronto), entering Passcode: 89709#. A replay of the conference call can be accessed until June 27, 2026, by calling 647-362-9199 (from within Toronto) or 1-800-770-2030 (toll-free outside Toronto) and entering Passcode: 89709#. A live webcast of the call can be accessed on our website at www.bmo.com/investorrelations . A replay can also be accessed on the…","Interested parties are also invited to listen to our quarterly conference call on Wednesday, May 27, 2026, at 8:15 a.m. (ET). The call may be accessed by telephone at 647-557-5533 (from within Toronto) or 1-888-440-4121 (toll-free outside Toronto), entering Passcode: 89709#. A replay of the conference call can be accessed until June 27, 2026, by calling 647-362-9199 (from within Toronto) or 1-800-770-2030 (toll-free…"
"qwen3-embedding-0.6b","bmo-retrieval-092","Which quarterly investor materials does BMO's 2026 financial-information page provide?","bmo-85cbbfc9c5e36fba1aa2","3","financial-information-c5dc87e0c5","1","https://www.bmo.com/main/about-bmo/banking/investor-relations/financial-information#2026","","Financial Information | Quarterly Results","https://www.bmo.com/main/about-bmo/banking/investor-relations/financial-information#2026","Select Year: Financial Information Financial Information Q1 Q2 Q3 Q4 Earnings Release Q1 Learn More Q2 Learn More Q3 Learn More Q4 Download PDF Download PDF Report to shareholders Q1 Download PDF Q2 Download PDF Q3 Download PDF Q4 Supplementary Information Q1 Download PDFDownload Excel File Q2 Download PDFDownload Excel File Q3 Download PDFDownload Excel File Q4 Download PDFDownload Excel File Download PDFDownload Excel File Corporate Fact Sheet Q1 Download PDF Q2 Download PDF Q3 Download PDF Q4 Download PDF Presentation Presentation Q1 Q2 Q3 Q4 Quarterly Presentation Q1 Download PDF Q2…","Select Year: Financial Information Financial Information Q1 Q2 Q3 Q4 Earnings Release Q1 Learn More Q2 Learn More Q3 Learn More Q4 Download PDF Download PDF Report to shareholders Q1 Download PDF Q2 Download PDF Q3 Download PDF Q4 Supplementary Information Q1 Download PDFDownload Excel File Q2 Download PDFDownload Excel File Q3 Download PDFDownload Excel File Q4 Download PDFDownload Excel File Download PDFDownload…"
"qwen3-embedding-0.6b","bmo-retrieval-093","What historical IFRS information did BMO release on February 7, 2014?","bmo-85cbbfc9c5e36fba1aa2","3","financial-information-c5dc87e0c5","1","https://www.bmo.com/main/about-bmo/banking/investor-relations/financial-information#2026","","Financial Information | Quarterly Results","https://www.bmo.com/main/about-bmo/banking/investor-relations/financial-information#2026","Select Year: Financial Information Financial Information Q1 Q2 Q3 Q4 Earnings Release Q1 Learn More Q2 Learn More Q3 Learn More Q4 Download PDF Download PDF Report to shareholders Q1 Download PDF Q2 Download PDF Q3 Download PDF Q4 Supplementary Information Q1 Download PDFDownload Excel File Q2 Download PDFDownload Excel File Q3 Download PDFDownload Excel File Q4 Download PDFDownload Excel File Download PDFDownload Excel File Corporate Fact Sheet Q1 Download PDF Q2 Download PDF Q3 Download PDF Q4 Download PDF Presentation Presentation Q1 Q2 Q3 Q4 Quarterly Presentation Q1 Download PDF Q2…","Select Year: Financial Information Financial Information Q1 Q2 Q3 Q4 Earnings Release Q1 Learn More Q2 Learn More Q3 Learn More Q4 Download PDF Download PDF Report to shareholders Q1 Download PDF Q2 Download PDF Q3 Download PDF Q4 Supplementary Information Q1 Download PDFDownload Excel File Q2 Download PDFDownload Excel File Q3 Download PDFDownload Excel File Q4 Download PDFDownload Excel File Download PDFDownload…"
"qwen3-embedding-0.6b","bmo-retrieval-094","Where does BMO direct investors for quarterly reports, presentations and transcripts?","bmo-85cbbfc9c5e36fba1aa2","3","financial-information-c5dc87e0c5","1","https://www.bmo.com/main/about-bmo/banking/investor-relations/financial-information#2026","","Financial Information | Quarterly Results","https://www.bmo.com/main/about-bmo/banking/investor-relations/financial-information#2026","Select Year: Financial Information Financial Information Q1 Q2 Q3 Q4 Earnings Release Q1 Learn More Q2 Learn More Q3 Learn More Q4 Download PDF Download PDF Report to shareholders Q1 Download PDF Q2 Download PDF Q3 Download PDF Q4 Supplementary Information Q1 Download PDFDownload Excel File Q2 Download PDFDownload Excel File Q3 Download PDFDownload Excel File Q4 Download PDFDownload Excel File Download PDFDownload Excel File Corporate Fact Sheet Q1 Download PDF Q2 Download PDF Q3 Download PDF Q4 Download PDF Presentation Presentation Q1 Q2 Q3 Q4 Quarterly Presentation Q1 Download PDF Q2…","Select Year: Financial Information Financial Information Q1 Q2 Q3 Q4 Earnings Release Q1 Learn More Q2 Learn More Q3 Learn More Q4 Download PDF Download PDF Report to shareholders Q1 Download PDF Q2 Download PDF Q3 Download PDF Q4 Supplementary Information Q1 Download PDFDownload Excel File Q2 Download PDFDownload Excel File Q3 Download PDFDownload Excel File Q4 Download PDFDownload Excel File Download PDFDownload…"
"qwen3-embedding-0.6b","bmo-retrieval-095","When and where was BMO Investor Day 2026 held?","bmo-c9b091cce1e982c5b92f","3","investor-day-2026-609c901e12","0","https://www.bmo.com/en-ca/main/about-bmo/banking/investor-relations/investor-day-2026/","","BMO Investor Day | March 26 th 2026 | 8:00 a.m - 2:00 p.m. ET | 📍Toronto, ON","https://www.bmo.com/en-ca/main/about-bmo/banking/investor-relations/investor-day-2026/","Watch Webcast View Presentation Presenter Biographies View Transcript","Watch Webcast View Presentation Presenter Biographies View Transcript"
"qwen3-embedding-0.6b","bmo-retrieval-096","Who presented the U.S. Banking session at BMO Investor Day 2026?","bmo-fd030d0b40b8e057ec54","3","investor-day-2026-609c901e12","1","https://www.bmo.com/en-ca/main/about-bmo/banking/investor-relations/investor-day-2026/","","BMO Investor Day | Agenda","https://www.bmo.com/en-ca/main/about-bmo/banking/investor-relations/investor-day-2026/","| ### Session | ### Presenter | | --- | --- | | Introduction | Christine Viau, Head, Investor relations | | Strategic Overview | Darryl White, Chief Executive Officer, BMO Financial Group | | U.S. Banking | Aron Levine, President, BMO U.S. and Group Head. BMO U.S Banking | | Capital Markets | Alan Tannenbaum, CEO & Group Head, BMO Capital Markets | | Q&A Session | | | Break | | | North American Treasury & Payment Solutions Canadian Commercial Banking | Sharon Haward-Laird, Group Head, Canadian Commercial Banking & North American Integrated Solutions, and Co-Head Canadian Personal & Commercial…","| ### Session | ### Presenter | | --- | --- | | Introduction | Christine Viau, Head, Investor relations | | Strategic Overview | Darryl White, Chief Executive Officer, BMO Financial Group | | U.S. Banking | Aron Levine, President, BMO U.S. and Group Head. BMO U.S Banking | | Capital Markets | Alan Tannenbaum, CEO & Group Head, BMO Capital Markets | | Q&A Session | | | Break | | | North American Treasury & Payment…"
"qwen3-embedding-0.6b","bmo-retrieval-097","Who presented the Risk and Financial Overview at BMO Investor Day 2026?","bmo-fd030d0b40b8e057ec54","3","investor-day-2026-609c901e12","1","https://www.bmo.com/en-ca/main/about-bmo/banking/investor-relations/investor-day-2026/","","BMO Investor Day | Agenda","https://www.bmo.com/en-ca/main/about-bmo/banking/investor-relations/investor-day-2026/","| ### Session | ### Presenter | | --- | --- | | Introduction | Christine Viau, Head, Investor relations | | Strategic Overview | Darryl White, Chief Executive Officer, BMO Financial Group | | U.S. Banking | Aron Levine, President, BMO U.S. and Group Head. BMO U.S Banking | | Capital Markets | Alan Tannenbaum, CEO & Group Head, BMO Capital Markets | | Q&A Session | | | Break | | | North American Treasury & Payment Solutions Canadian Commercial Banking | Sharon Haward-Laird, Group Head, Canadian Commercial Banking & North American Integrated Solutions, and Co-Head Canadian Personal & Commercial…","| ### Session | ### Presenter | | --- | --- | | Introduction | Christine Viau, Head, Investor relations | | Strategic Overview | Darryl White, Chief Executive Officer, BMO Financial Group | | U.S. Banking | Aron Levine, President, BMO U.S. and Group Head. BMO U.S Banking | | Capital Markets | Alan Tannenbaum, CEO & Group Head, BMO Capital Markets | | Q&A Session | | | Break | | | North American Treasury & Payment…"
"qwen3-embedding-0.6b","bmo-retrieval-098","What fiscal year and SEC commission file number are shown on BMO's 2025 Form 40-F?","bmo-86de5380da2ca7c73681","3","d938207d40f-e11c68d11f","222","https://www.sec.gov/Archives/edgar/data/927971/000119312525307982/d938207d40f.htm","","40-F | 40-F","https://www.sec.gov/Archives/edgar/data/927971/000119312525307982/d938207d40f.htm","[Check one] ☐Registration statement pursuant to Section 12 of the Securities Exchange Act of 1934 or ☒Annual report pursuant to Section 13(a) or 15(d) of the Securities Exchange Act of 1934 For the fiscal year ended October 31, 2025 Commi ssion File Number 001-13354","[Check one] ☐Registration statement pursuant to Section 12 of the Securities Exchange Act of 1934 or ☒Annual report pursuant to Section 13(a) or 15(d) of the Securities Exchange Act of 1934 For the fiscal year ended October 31, 2025 Commi ssion File Number 001-13354"
"qwen3-embedding-0.6b","bmo-retrieval-099","What is Bank of Montreal's U.S. agent-for-service address?","bmo-8dba53047b757f9571f9","3","d938207d40f-e11c68d11f","223","https://www.sec.gov/Archives/edgar/data/927971/000119312525307982/d938207d40f.htm","","40-F | BANK OF MONTREAL","https://www.sec.gov/Archives/edgar/data/927971/000119312525307982/d938207d40f.htm","(Exact name of Registrant as specified in its charter) Not Applicable (Translation of Registrant’s name into English (if applicable)) Canada (Province or other jurisdiction of incorporation or organization) 6029 (Primary Standard Industrial Classification Code Number (if applicable)) 13-4941092 (I.R.S. Employer Identification Number (if applicable)) 100 King Street West, 1 First Canadian Place, Toronto, Ontario, Canada M5X 1A1 (416-867-6785) (Address and telephone number of Registrant’s principal executive offices) Sajida Ali, Bank of Montreal, 320 S. Canal Street, 7th Floor, Chicago,…","(Exact name of Registrant as specified in its charter) Not Applicable (Translation of Registrant’s name into English (if applicable)) Canada (Province or other jurisdiction of incorporation or organization) 6029 (Primary Standard Industrial Classification Code Number (if applicable)) 13-4941092 (I.R.S. Employer Identification Number (if applicable)) 100 King Street West, 1 First Canadian Place, Toronto, Ontario,…"
"qwen3-embedding-0.6b","bmo-retrieval-100","How many BMO common shares were outstanding at the end of the Form 40-F period?","bmo-6442b282aebd58b3adc8","3","d938207d40f-e11c68d11f","224","https://www.sec.gov/Archives/edgar/data/927971/000119312525307982/d938207d40f.htm","","40-F | BANK OF MONTREAL","https://www.sec.gov/Archives/edgar/data/927971/000119312525307982/d938207d40f.htm","Indicate the number of outstanding shares of each of the issuer’s classes of capital or common stock as of the close of the period covered by the annual report. Common Shares 708,905,679 Class B Preferred Shares Series 44 (Non-Viability Contingent Capital (NVCC))16,000,000 Class B Preferred Shares Series 48 (Non-Viability Contingent Capital (NVCC)) 1 1,250,000 Class B Preferred Shares Series 49 (Non-Viability Contingent Capital (NVCC))750,000 Class B Preferred Shares Series 50 (Non-Viability Contingent Capital (NVCC))500,000 Class B Preferred Shares Series 51 (Non-Viability Contingent Capital…","Indicate the number of outstanding shares of each of the issuer’s classes of capital or common stock as of the close of the period covered by the annual report. Common Shares 708,905,679 Class B Preferred Shares Series 44 (Non-Viability Contingent Capital (NVCC))16,000,000 Class B Preferred Shares Series 48 (Non-Viability Contingent Capital (NVCC)) 1 1,250,000 Class B Preferred Shares Series 49 (Non-Viability…"
"qwen3-embedding-0.6b","bmo-retrieval-101","Using only 2026BFCBBNAStressTest, what entities are included when the stress-test disclosure refers to the Companies?","bmo-44473ae94563f55097cb","3","2026BFCBBNAStressTest","1","data/raw/2026BFCBBNAStressTest.pdf, p. 2","2","Overview","data/raw/2026BFCBBNAStressTest.pdf","BMO Financial Corp. (BFC), a U.S. Intermediate Holding Company (IHC), is a wholly-owned subsidiary of Bank of Montreal (BMO) and is regulated by the Board of Governors of the Federal Reserve System (FRB). BFC's wholly-owned principal banking subsidiary, BMO Bank N.A. (BBNA), is regulated by the Office of the Comptroller of the Currency (OCC) and the Federal Deposit Insurance Corporation. BFC and BBNA are collectively referred to as ""the Companies.""","BMO Financial Corp. (BFC), a U.S. Intermediate Holding Company (IHC), is a wholly-owned subsidiary of Bank of Montreal (BMO) and is regulated by the Board of Governors of the Federal Reserve System (FRB). BFC's wholly-owned principal banking subsidiary, BMO Bank N.A. (BBNA), is regulated by the Office of the Comptroller of the Currency (OCC) and the Federal Deposit Insurance Corporation. BFC and BBNA are…"
"qwen3-embedding-0.6b","bmo-retrieval-102","Verify and cite the exact passage: How severe is the housing and commercial-real-estate shock in the 2026 severely adverse scenario?","bmo-631d9d3b243acfdd2199","3","2026BFCBBNAStressTest","10","data/raw/2026BFCBBNAStressTest.pdf, p. 3","3","Scenario Overview","data/raw/2026BFCBBNAStressTest.pdf","The 2026 Supervisory Severely Adverse scenario features a sharp deterioration in economic and financial conditions, including a rise in U.S. unemployment to about 10%, heightened market volatility, and significant asset price decline, for instance taking roughly a 30% drop in housing prices and a 39% decline in commercial real estate prices. Corporate bond spreads widen substantially, reflecting tighter financial conditions. Additionally, banks with large trading operations must incorporate global market shocks and the potential default of major counterparties, ensuring that trading and…","The 2026 Supervisory Severely Adverse scenario features a sharp deterioration in economic and financial conditions, including a rise in U.S. unemployment to about 10%, heightened market volatility, and significant asset price decline, for instance taking roughly a 30% drop in housing prices and a 39% decline in commercial real estate prices. Corporate bond spreads widen substantially, reflecting tighter financial…"
"qwen3-embedding-0.6b","bmo-retrieval-103","Retrieval check — What were BFC's actual and minimum stressed CET1 capital ratios through Q1 2028?","bmo-ab2c02839076b6601971","3","2026BFCBBNAStressTest","11","data/raw/2026BFCBBNAStressTest.pdf, p. 3","3","Scenario Estimates","data/raw/2026BFCBBNAStressTest.pdf","BFC/BBNA Projected Stressed Capital Ratios through Q1 2028 Ratio BFC BBNA Actual Q4 2025 Stressed Capital Ratios † Actual Q4 2025 Stressed Capital Ratios Ending Minimum Ending Minimum Common Equity Tier 1 capital ratio 14.0% 12.0% 12.0% 14.7% 13.7% 13.7% Tier 1 risk-based capital ratio 14.7% 12.8% 12.8% 14.8% 13.8% 13.7% Total risk-based capital ratio 16.3% 14.2% 14.2% 16.0% 15.0% 15.0% Tier 1 Leverage ratio 11.3% 9.7% 9.7% 11.1% 10.5% 10.3% Supplementary Leverage Ratio 9.1% 8.4% 8.4% 9.5% 9.1% 9.1%","BFC/BBNA Projected Stressed Capital Ratios through Q1 2028 Ratio BFC BBNA Actual Q4 2025 Stressed Capital Ratios † Actual Q4 2025 Stressed Capital Ratios Ending Minimum Ending Minimum Common Equity Tier 1 capital ratio 14.0% 12.0% 12.0% 14.7% 13.7% 13.7% Tier 1 risk-based capital ratio 14.7% 12.8% 12.8% 14.8% 13.8% 13.7% Total risk-based capital ratio 16.3% 14.2% 14.2% 16.0% 15.0% 15.0% Tier 1 Leverage ratio 11.3%…"
"qwen3-embedding-0.6b","bmo-retrieval-104","I need the precise period and units. Which major risk types are captured in the Companies' capital adequacy stress test?","bmo-d7d66dabab50189c6d3c","3","2026BFCBBNAStressTest","19","data/raw/2026BFCBBNAStressTest.pdf, p. 6","6","Material Risks Captured in the Stress Test","data/raw/2026BFCBBNAStressTest.pdf","- Credit and Counterparty Risk: Credit and counterparty risk is the potential for loss due to the failure of a borrower, endorser, guarantor, or counterparty to repay a loan or honor another predetermined financial obligation. Credit and counterparty risk underlies every lending activity that the Companies enter into, and also arises in the transacting of trading and other capital markets products and the holding of investment securities. - Market Risk: Market risk is the risk to an institution's capital and earnings arising from adverse changes in market variables that affect the…","- Credit and Counterparty Risk: Credit and counterparty risk is the potential for loss due to the failure of a borrower, endorser, guarantor, or counterparty to repay a loan or honor another predetermined financial obligation. Credit and counterparty risk underlies every lending activity that the Companies enter into, and also arises in the transacting of trading and other capital markets products and the holding of…"
"qwen3-embedding-0.6b","bmo-retrieval-105","In the supplied corpus, what powers can CDIC exercise if BMO has ceased or is about to cease to be viable?","bmo-e903ed7aea90771fca6a","3","Bail_In_TLAC_Disclosure","0","data/raw/Bail_In_TLAC_Disclosure.pdf, p. 1","1","Canadian Bank Resolution Powers Including Bail-in","data/raw/Bail_In_TLAC_Disclosure.pdf","Under Canadian bank resolution powers, the Canada Deposit Insurance Corporation (' CDIC ') may, in circumstances where the Bank has ceased, or is about to cease, to be viable, assume temporary control or ownership of the Bank and may be granted broad powers by one or more orders of the Governor in Council ( Canada ), each of which we refer to as an ' Order ,' including the power to sell or dispose of all or a part of the assets of the Bank, and the power to carry out or cause the Bank to carry out a transaction or a series of transactions the purpose of which is to restructure the business of…","Under Canadian bank resolution powers, the Canada Deposit Insurance Corporation (' CDIC ') may, in circumstances where the Bank has ceased, or is about to cease, to be viable, assume temporary control or ownership of the Bank and may be granted broad powers by one or more orders of the Governor in Council ( Canada ), each of which we refer to as an ' Order ,' including the power to sell or dispose of all or a part…"
"qwen3-embedding-0.6b","bmo-retrieval-106","Using only Bail In TLAC Disclosure, who determines the timing and terms of a bail-in conversion?","bmo-b7fd74405d08fed93eb6","3","Bail_In_TLAC_Disclosure","32","data/raw/Bail_In_TLAC_Disclosure.pdf, p. 6","6","The number of common shares to be issued in connection with, and the number of common shares that will be outstanding following, a bail-in conversion are unknown. It is also unknown whether the shares to be issued will be those of the Bank or one of its affiliates.","data/raw/Bail_In_TLAC_Disclosure.pdf","Under the bail-in regime there is no fixed and pre-determined contractual conversion ratio for the conversion of the bail-inable notes, or other shares or liabilities of the Bank that are subject to a bail-in conversion, into common shares of the Bank or any of its affiliates, nor are there specific requirements regarding whether liabilities subject to a bail-in conversion are converted into common shares of the Bank or any of its affiliates. CDIC determines the timing of the bail-in conversion, the portion of bail-inable shares and liabilities to be converted and the terms and conditions of…","Under the bail-in regime there is no fixed and pre-determined contractual conversion ratio for the conversion of the bail-inable notes, or other shares or liabilities of the Bank that are subject to a bail-in conversion, into common shares of the Bank or any of its affiliates, nor are there specific requirements regarding whether liabilities subject to a bail-in conversion are converted into common shares of the…"
"qwen3-embedding-0.6b","bmo-retrieval-107","Verify and cite the exact passage: Which holders can use the CDIC Act compensation process after a bail-in conversion?","bmo-ebc32f7a6e993136c366","3","Bail_In_TLAC_Disclosure","13","data/raw/Bail_In_TLAC_Disclosure.pdf, p. 3","3","Compensation Regime","data/raw/Bail_In_TLAC_Disclosure.pdf","The CDIC Act provides for a compensation process for holders of bail-inable notes who immediately prior to the making of an Order, directly or through an intermediary, own bail-inable notes that are converted in a bail-in conversion. While this process applies to successors of those holders it does not apply to assignees or transferees of the holder following the making of the Order and does not apply if the amounts owing under the relevant bail-inable notes are paid in full.","The CDIC Act provides for a compensation process for holders of bail-inable notes who immediately prior to the making of an Order, directly or through an intermediary, own bail-inable notes that are converted in a bail-in conversion. While this process applies to successors of those holders it does not apply to assignees or transferees of the holder following the making of the Order and does not apply if the amounts…"
"qwen3-embedding-0.6b","bmo-retrieval-108","Retrieval check — What loss-absorbing capacity must BMO maintain under OSFI's TLAC Guideline?","bmo-6cf47052d84a7ec5bc02","3","Bail_In_TLAC_Disclosure","21","data/raw/Bail_In_TLAC_Disclosure.pdf, p. 4","4","TLAC Guideline","data/raw/Bail_In_TLAC_Disclosure.pdf","In connection with the bail-in regime, the Office of the Superintendent of Financial Institutions' (' OSFI ') guideline (the ' TLAC Guideline ') on Total Loss Absorbing Capacity (' TLAC ') applies to and establishes standards for D-SIBs, including the Bank. Under the TLAC Guideline, beginning November 1, 2021, the Bank is required to maintain a minimum capacity to absorb losses composed of unsecured external long-term debt that meets the prescribed criteria or regulatory capital instruments to support recapitalization in the event of a failure. Bail-inable notes and regulatory capital…","In connection with the bail-in regime, the Office of the Superintendent of Financial Institutions' (' OSFI ') guideline (the ' TLAC Guideline ') on Total Loss Absorbing Capacity (' TLAC ') applies to and establishes standards for D-SIBs, including the Bank. Under the TLAC Guideline, beginning November 1, 2021, the Bank is required to maintain a minimum capacity to absorb losses composed of unsecured external…"
"qwen3-embedding-0.6b","bmo-retrieval-109","I need the precise period and units. When did BMO complete the Bank of the West acquisition and what was the cash purchase price?","bmo-4a1f2c982c086672aa4d","3","bmo_AIF2025","10","data/raw/bmo_AIF2025.pdf, p. 4","4","Three-Year History","data/raw/bmo_AIF2025.pdf","On June 8, 2022, BMO announced the appointment of Piyush Agrawal as Deputy Chief Risk Officer effective July 1, 2022 and, after a transition period with Patrick Cronin, became Chief Risk Officer effective November 1, 2022. On February 1, 2023, BMO completed the acquisition of Bank of the West and its subsidiaries from BNP for a cash purchase price of US$13.8 billion.","On June 8, 2022, BMO announced the appointment of Piyush Agrawal as Deputy Chief Risk Officer effective July 1, 2022 and, after a transition period with Patrick Cronin, became Chief Risk Officer effective November 1, 2022. On February 1, 2023, BMO completed the acquisition of Bank of the West and its subsidiaries from BNP for a cash purchase price of US$13.8 billion."
"qwen3-embedding-0.6b","bmo-retrieval-110","In the supplied corpus, where are Bank of Montreal's head office and executive offices located?","bmo-f6b2c4eda5e592996a4c","3","bmo_AIF2025","20","data/raw/bmo_AIF2025.pdf, p. 4","4","CORPORATE STRUCTURE","data/raw/bmo_AIF2025.pdf","The Bank's head office is 129 rue Saint Jacques, Montreal, Québec, H2Y 1L6. Its executive offices are 100 King Street West, 1 First Canadian Place, Toronto, Ontario, M5X 1A1. Bank of Montreal brands the organization's member companies as BMO Financial Group. Note 26 of the 2025 Financial Statements lists the intercorporate relationships among Bank of Montreal and its significant subsidiaries. The Bank incorporates this Note herein by reference. These subsidiaries are incorporated or organized under the laws of the state or country of their principal office, except for: BMO Financial Corp. and…","The Bank's head office is 129 rue Saint Jacques, Montreal, Québec, H2Y 1L6. Its executive offices are 100 King Street West, 1 First Canadian Place, Toronto, Ontario, M5X 1A1. Bank of Montreal brands the organization's member companies as BMO Financial Group. Note 26 of the 2025 Financial Statements lists the intercorporate relationships among Bank of Montreal and its significant subsidiaries. The Bank incorporates…"
"qwen3-embedding-0.6b","bmo-retrieval-111","Using only bmo AIF2025, how many full-time-equivalent employees and bank branches did BMO have at October 31, 2025?","bmo-9c266e469b8fc8c2f1c9","3","bmo_AIF2025","21","data/raw/bmo_AIF2025.pdf, p. 5","5","Business","data/raw/bmo_AIF2025.pdf","BMO Financial Group is a highly diversified financial services provider based in North America, providing a broad range of personal and commercial banking, wealth management, global markets and investment banking products and services directly and through Canadian and non-Canadian subsidiaries, offices, and branches. As at October 31, 2025, BMO had more than 53,000 full-time equivalent employees. The Bank serves its clients through more than 1,800 bank branches, BMO automated banking machines, as well as online and mobile digital banking platforms. It operates in Canada, the United States and…","BMO Financial Group is a highly diversified financial services provider based in North America, providing a broad range of personal and commercial banking, wealth management, global markets and investment banking products and services directly and through Canadian and non-Canadian subsidiaries, offices, and branches. As at October 31, 2025, BMO had more than 53,000 full-time equivalent employees. The Bank serves its…"
"qwen3-embedding-0.6b","bmo-retrieval-112","Verify and cite the exact passage: How does the 2025 AIF describe competition in Canadian financial services?","bmo-94ff3259a50eacf8cf3f","3","bmo_AIF2025","45","data/raw/bmo_AIF2025.pdf, p. 7","7","Competition","data/raw/bmo_AIF2025.pdf","Capital Markets offers a range of products and services to corporate, institutional and government clients, including investment and corporate banking services, as well as global markets sales and trading solutions. It primarily focuses on the North American market and select global markets and competes with a diverse range of competitors, including large money centre banks and boutique investment firms. Investment and Corporate Banking offers debt and equity capital-raising services to clients, as well as loan origination and syndication, balance sheet management solutions and treasury…","Capital Markets offers a range of products and services to corporate, institutional and government clients, including investment and corporate banking services, as well as global markets sales and trading solutions. It primarily focuses on the North American market and select global markets and competes with a diverse range of competitors, including large money centre banks and boutique investment firms. Investment…"
"qwen3-embedding-0.6b","bmo-retrieval-113","Retrieval check — How large was BMO by assets and approximately how many clients did it serve in 2025?","bmo-c5d79b6319d1a75ca606","3","bmo_ar2025","4","data/raw/bmo_ar2025.pdf, pp. 2, 3","2, 3","Canadian Personal and Commercial Banking","data/raw/bmo_ar2025.pdf","serves clients across Canada with a comprehensive range of financial products, services and advice through integrated branch, contact centre and digital channels. BMO Financial Group is the seventh largest bank in North America by assets, with total assets of $1.5 trillion. Serving clients for more than 200 years, BMO is a highly diversified financial institution, providing a broad range of personal and commercial banking, wealth management, global markets and investment banking products and services to approximately thirteen million clients in Canada, the United States and select markets…","serves clients across Canada with a comprehensive range of financial products, services and advice through integrated branch, contact centre and digital channels. BMO Financial Group is the seventh largest bank in North America by assets, with total assets of $1.5 trillion. Serving clients for more than 200 years, BMO is a highly diversified financial institution, providing a broad range of personal and commercial…"
"qwen3-embedding-0.6b","bmo-retrieval-114","I need the precise period and units. What products and services does BMO Wealth Management offer?","bmo-e9159452c09f3fbd82df","3","bmo_ar2025","263","data/raw/bmo_ar2025.pdf, p. 45","45","Wealth Management","data/raw/bmo_ar2025.pdf","Wealth Management serves a full range of clients across Canada, from individuals and families to business owners and institutions, offering a wide spectrum of wealth, asset management and insurance products and services aimed at helping clients make real financial progress through planning, growing, protecting and transitioning their wealth. Our asset management business is focused on delivering innovative financial solutions and strategies for our clients.","Wealth Management serves a full range of clients across Canada, from individuals and families to business owners and institutions, offering a wide spectrum of wealth, asset management and insurance products and services aimed at helping clients make real financial progress through planning, growing, protecting and transitioning their wealth. Our asset management business is focused on delivering innovative financial…"
"qwen3-embedding-0.6b","bmo-retrieval-115","In the supplied corpus, how does BMO describe its digital-first, future-ready strategy?","bmo-32ec7d734e933e43c543","3","bmo_ar2025","8","data/raw/bmo_ar2025.pdf, p. 4","4","OUR STRATEGY","data/raw/bmo_ar2025.pdf","At BMO, we continue to build a digital-first, future-ready bank, with engaged employees and a high-performing, winning culture. We are focused on helping our clients make real financial progress, and on financing their growth and innovation, while also investing in our workforce. Anchored by our Purpose, we are differentiated by our strategic priorities for growth, strengthened by our approach to sustainability and guided by our values as we build a foundation of trust with our colleagues, clients and communities.","At BMO, we continue to build a digital-first, future-ready bank, with engaged employees and a high-performing, winning culture. We are focused on helping our clients make real financial progress, and on financing their growth and innovation, while also investing in our workforce. Anchored by our Purpose, we are differentiated by our strategic priorities for growth, strengthened by our approach to sustainability and…"
"qwen3-embedding-0.6b","bmo-retrieval-116","Using only bmo ar2025, what are BMO's four integrated operating segments?","bmo-c5d79b6319d1a75ca606","3","bmo_ar2025","4","data/raw/bmo_ar2025.pdf, pp. 2, 3","2, 3","Canadian Personal and Commercial Banking","data/raw/bmo_ar2025.pdf","serves clients across Canada with a comprehensive range of financial products, services and advice through integrated branch, contact centre and digital channels. BMO Financial Group is the seventh largest bank in North America by assets, with total assets of $1.5 trillion. Serving clients for more than 200 years, BMO is a highly diversified financial institution, providing a broad range of personal and commercial banking, wealth management, global markets and investment banking products and services to approximately thirteen million clients in Canada, the United States and select markets…","serves clients across Canada with a comprehensive range of financial products, services and advice through integrated branch, contact centre and digital channels. BMO Financial Group is the seventh largest bank in North America by assets, with total assets of $1.5 trillion. Serving clients for more than 200 years, BMO is a highly diversified financial institution, providing a broad range of personal and commercial…"
"qwen3-embedding-0.6b","bmo-retrieval-117","Verify and cite the exact passage: What are the main components of BMO's strategy in the Q3 2026 investor presentation?","bmo-ed814ce57ecfdcd5c602","3","BMOInvestorPresentationEN","11","data/raw/BMOInvestorPresentationEN.pdf, p. 3","3","Our Strategy","data/raw/BMOInvestorPresentationEN.pdf","At BMO, we continue to build a digital-first, future-ready bank, with engaged employees and a high-performing, winning culture. We are focused on helping our clients make real financial progress, and on financing their growth and innovation, while also investing in our workforce. Anchored by our Purpose, we are differentiated by our strategic priorities for growth, strengthened by our approach to sustainability and guided by our values as we build a foundation of trust with our colleagues, clients and communities.","At BMO, we continue to build a digital-first, future-ready bank, with engaged employees and a high-performing, winning culture. We are focused on helping our clients make real financial progress, and on financing their growth and innovation, while also investing in our workforce. Anchored by our Purpose, we are differentiated by our strategic priorities for growth, strengthened by our approach to sustainability and…"
"qwen3-embedding-0.6b","bmo-retrieval-118","Retrieval check — What recognition and employee-giving results did BMO cite for stronger communities?","bmo-3df7f459be43f54f16bb","3","BMOInvestorPresentationEN","16","data/raw/BMOInvestorPresentationEN.pdf, p. 4","4","For Stronger Communities","data/raw/BMOInvestorPresentationEN.pdf","Provide access to capital and valuable financial advice Act as a catalyst for progress in the communities we serve Be our clients' lead partner in their pursuit of energy and climate resilience - Named one of the World's Most Ethical Companies for the 9 th consecutive year by Ethisphere, the only bank in Canada - and one of only three worldwide - Named to the 2026 Forbes list of America's Most Trusted Companies - Annual Employee Giving Campaign raised $36 million for charities across Canada and the U.S., with 91% of employees participating - Established the Office of Reconciliation , a…","Provide access to capital and valuable financial advice Act as a catalyst for progress in the communities we serve Be our clients' lead partner in their pursuit of energy and climate resilience - Named one of the World's Most Ethical Companies for the 9 th consecutive year by Ethisphere, the only bank in Canada - and one of only three worldwide - Named to the 2026 Forbes list of America's Most Trusted Companies -…"
"qwen3-embedding-0.6b","bmo-retrieval-119","I need the precise period and units. What business strengths does BMO say support resilient and robust earnings?","bmo-784bfdb769b508179dd6","3","BMOInvestorPresentationEN","17","data/raw/BMOInvestorPresentationEN.pdf, p. 5","5","Diversified and competitively positioned businesses that deliver resilient and robust earnings","data/raw/BMOInvestorPresentationEN.pdf","- Premium commercial banking franchise with a top 5 market position in North America 1 - Top-tier U.S. bank with presence in key growth markets - Flagship Canadian personal banking business with a strong and growing deposit base - High - return wealth business with a strong client focus and competitive position - Leading North American Capital Markets franchise with deep expertise and global reach 1 Refer to endnotes on pages 54-56","- Premium commercial banking franchise with a top 5 market position in North America 1 - Top-tier U.S. bank with presence in key growth markets - Flagship Canadian personal banking business with a strong and growing deposit base - High - return wealth business with a strong client focus and competitive position - Leading North American Capital Markets franchise with deep expertise and global reach 1 Refer to…"
"qwen3-embedding-0.6b","bmo-retrieval-120","In the supplied corpus, what were BMO's Q3 2026 financial highlights?","bmo-12ad325c10e638709933","3","BMOInvestorPresentationEN","59","data/raw/BMOInvestorPresentationEN.pdf, pp. 25, 26","25, 26","Q3'26 Financial Highlights","data/raw/BMOInvestorPresentationEN.pdf","Reported Adjusted 3 (US$MM) Q3'26 Y/Y Q3'26 Y/Y Net interest income (teb) 2 1,707 6% 1,707 6% Non-interest revenue 460 4% 460 4% Revenue (teb) 2 2,167 5% 2,167 5% Expenses 1,250 3% 1,195 3% PPPT 4 917 9% 972 7% PCL (recovery) 123 $(2) 123 $(2) Net Income 620 11% 661 9% Net Income (CDE$) 868 13% 925 11% NIM (%) 4.02 20 bps 4.02 20 bps Efficiency Ratio (%) 57.7 (130) bps 55.2 (90) bps ROE (%) 9.2 100 bps 9.8 90 bps AUM ($B) 89 17% 89 17% AUA ($B) 126 22% 126 22% Avg. Gross Loans & Acceptances ($B) 162 1% 162 1% Avg. Deposits ($B) 167 (3)% 167 (3)% 20.0 18.0 16.0 14.0 12.0 10.0 8.0 6.0 4. 0 2.0 -","Reported Adjusted 3 (US$MM) Q3'26 Y/Y Q3'26 Y/Y Net interest income (teb) 2 1,707 6% 1,707 6% Non-interest revenue 460 4% 460 4% Revenue (teb) 2 2,167 5% 2,167 5% Expenses 1,250 3% 1,195 3% PPPT 4 917 9% 972 7% PCL (recovery) 123 $(2) 123 $(2) Net Income 620 11% 661 9% Net Income (CDE$) 868 13% 925 11% NIM (%) 4.02 20 bps 4.02 20 bps Efficiency Ratio (%) 57.7 (130) bps 55.2 (90) bps ROE (%) 9.2 100 bps 9.8 90 bps…"
"qwen3-embedding-0.6b","bmo-retrieval-121","Using only CorporateFactSheet, how does BMO describe its size, age and client base in the Q3 2026 corporate fact sheet?","bmo-0ab73a713f496c3c533c","3","CorporateFactSheet","0","data/raw/CorporateFactSheet.pdf, p. 1","1","About BMO","data/raw/CorporateFactSheet.pdf","BMO Financial Group is the eighth largest bank in North America by assets, with total assets of $1.5 trillion. 1,2 Serving clients for more than 200 years, BMO is a highly diversified financial institution, providing a broad range of personal and commercial banking, wealth management, global markets and investment banking products and services to approximately thirteen million clients in Canada, the United States and select markets globally. At BMO, we continue to build a digital-first, future-ready bank. Anchored by our Purpose, we are differentiated by our strategic priorities for growth,…","BMO Financial Group is the eighth largest bank in North America by assets, with total assets of $1.5 trillion. 1,2 Serving clients for more than 200 years, BMO is a highly diversified financial institution, providing a broad range of personal and commercial banking, wealth management, global markets and investment banking products and services to approximately thirteen million clients in Canada, the United States…"
"qwen3-embedding-0.6b","bmo-retrieval-122","Verify and cite the exact passage: What assets, CET1 ratio, employee count and deposits are listed for Q3 2026?","bmo-6813fe99e3518c4cf9ba","3","CorporateFactSheet","2","data/raw/CorporateFactSheet.pdf, p. 1","1","Key Metrics 1 - Q3 2026","data/raw/CorporateFactSheet.pdf","Assets ($B) 1,539 CET1 Ratio 3 (%) 13.0 Employees ~53,000 Gross Loans and Acceptances ($B) 703 Leverage Ratio 3 (%) 4.2 Branches 1,790 Deposits ($B) 1,018 Liquidity Coverage Ratio 3 (%) 125 ABMs 5,439 Credit Ratings 1 Moody's S&P DBRS Fitch Long term deposits/ Issuer Rating 7 Aa2 A+ AA AA+ Senior Debt 8 A2 A- AA (low) AA- Outlook Stable Stable Stable Stable","Assets ($B) 1,539 CET1 Ratio 3 (%) 13.0 Employees ~53,000 Gross Loans and Acceptances ($B) 703 Leverage Ratio 3 (%) 4.2 Branches 1,790 Deposits ($B) 1,018 Liquidity Coverage Ratio 3 (%) 125 ABMs 5,439 Credit Ratings 1 Moody's S&P DBRS Fitch Long term deposits/ Issuer Rating 7 Aa2 A+ AA AA+ Senior Debt 8 A2 A- AA (low) AA- Outlook Stable Stable Stable Stable"
"qwen3-embedding-0.6b","bmo-retrieval-123","Retrieval check — What strategic priorities are listed in BMO's Q3 2026 corporate fact sheet?","bmo-1627bff4af8dfec92a02","3","CorporateFactSheet","3","data/raw/CorporateFactSheet.pdf, pp. 1, 2","1, 2","Our Strategic Priorities","data/raw/CorporateFactSheet.pdf","- World-class client experience , grounded in One Client advice and guidance - High-performing, winning culture driven by alignment, accountability and recognition - Digital-first, AI-powered business for value and future readiness - Superior risk management ## Operating Segment Overview ## Financial Performance Q3 2026 ## Reported unless otherwise stated Y/Y ## Canadian Personal & Commercial Banking - Serves clients across Canada with a comprehensive range of financial products, services and advice through integrated branch, contact centre and digital channels - Personal & Business Banking…","- World-class client experience , grounded in One Client advice and guidance - High-performing, winning culture driven by alignment, accountability and recognition - Digital-first, AI-powered business for value and future readiness - Superior risk management ## Operating Segment Overview ## Financial Performance Q3 2026 ## Reported unless otherwise stated Y/Y ## Canadian Personal & Commercial Banking - Serves…"
"qwen3-embedding-0.6b","bmo-retrieval-124","I need the precise period and units. What dividend, dividend yield and market capitalization are shown in shareholder information?","bmo-32278bff997852c76f73","3","CorporateFactSheet","6","data/raw/CorporateFactSheet.pdf, p. 2","2","Shareholder Information","data/raw/CorporateFactSheet.pdf","(Ticker: BMO; exchanges: TSX, NYSE) - Current declared quarterly dividend: $1.71; up 5% Y/Y - Dividend Yield 1,6 : 2.72% - Market Capitalization 1 : $175.3B - Common Shares Outstanding 1 : 697.1 million Investor Relations: http://www.bmo.com/investorrelations Email: investor.relations@bmo.com Transfer Agent: http://www.computershare.com/ca/en Computershare Trust Company of Canada Email: service@computershare.com","(Ticker: BMO; exchanges: TSX, NYSE) - Current declared quarterly dividend: $1.71; up 5% Y/Y - Dividend Yield 1,6 : 2.72% - Market Capitalization 1 : $175.3B - Common Shares Outstanding 1 : 697.1 million Investor Relations: http://www.bmo.com/investorrelations Email: investor.relations@bmo.com Transfer Agent: http://www.computershare.com/ca/en Computershare Trust Company of Canada Email: service@computershare.com"
"qwen3-embedding-0.6b","bmo-retrieval-125","In the supplied corpus, which institutions and regulators are covered by BFC's Q1 2026 liquidity disclosure?","bmo-a9b46088e39c1e917338","3","LCR_CY26Q1","3","data/raw/LCR_CY26Q1.pdf, p. 3","3","1. Introduction","data/raw/LCR_CY26Q1.pdf","The following disclosure is specific to BMO Financial Corp. (BFC), a U.S. Intermediate Holding Company (IHC). BFC is a wholly owned subsidiary of Bank of Montreal (together with its subsidiaries, BMO or 'the Parent') and is regulated by the Board of Governors of the Federal Reserve System (FRB). BFC's wholly owned principal banking subsidiary, BMO Bank N.A. (BBNA ), which consolidates into BFC, is regulated by the Office of the Comptroller of the Currency and the Federal Deposit Insurance Corporation. BMO is a highly diversified financial services provider based in North America.","The following disclosure is specific to BMO Financial Corp. (BFC), a U.S. Intermediate Holding Company (IHC). BFC is a wholly owned subsidiary of Bank of Montreal (together with its subsidiaries, BMO or 'the Parent') and is regulated by the Board of Governors of the Federal Reserve System (FRB). BFC's wholly owned principal banking subsidiary, BMO Bank N.A. (BBNA ), which consolidates into BFC, is regulated by the…"
"qwen3-embedding-0.6b","bmo-retrieval-126","Using only LCR CY26Q1, how does BFC's liquidity risk framework address commitments during stress?","bmo-210c7e5ba4dba0261481","3","LCR_CY26Q1","6","data/raw/LCR_CY26Q1.pdf, p. 3","3","2. Liquidity Risk Management","data/raw/LCR_CY26Q1.pdf","BFC manages liquidity risk to meet both internal and regulatory expectations through an established liquidity risk framework. The framework ensures that BFC maintains adequate levels of liquidity to meet financial commitments in a timely manner at reasonable prices as they fall due, even in times of stress. The framework requires BFC to consider and prudently manage liquidity risk exposures and funding needs within and across legal entities, business lines and currencies, considering legal, regulatory, and operational limitations to the transferability of liquidity. The liquidity position is…","BFC manages liquidity risk to meet both internal and regulatory expectations through an established liquidity risk framework. The framework ensures that BFC maintains adequate levels of liquidity to meet financial commitments in a timely manner at reasonable prices as they fall due, even in times of stress. The framework requires BFC to consider and prudently manage liquidity risk exposures and funding needs within…"
"qwen3-embedding-0.6b","bmo-retrieval-127","Verify and cite the exact passage: What tailored LCR factor applied to BFC for the quarter ended March 31, 2026?","bmo-827cd788c68d9e9b6719","3","LCR_CY26Q1","10","data/raw/LCR_CY26Q1.pdf, p. 4","4","3. Liquidity Coverage Ratio","data/raw/LCR_CY26Q1.pdf","The following table summarizes the BFC average LCR for the three months ended March 31, 2026, based on the BFC's interpretation of the LCR Rule. BFC is subject to the 85% tailored LCR and the table below reflects the 85% factor. The LCR calculation is a regulatory prescribed methodology reflecting formulaic hypothetical changes in assets and liabilities that would impact a company's liquidity if they were to occur. The calculation is not necessarily a projection of BFC 's liquidity in any stress environment.","The following table summarizes the BFC average LCR for the three months ended March 31, 2026, based on the BFC's interpretation of the LCR Rule. BFC is subject to the 85% tailored LCR and the table below reflects the 85% factor. The LCR calculation is a regulatory prescribed methodology reflecting formulaic hypothetical changes in assets and liabilities that would impact a company's liquidity if they were to occur.…"
"qwen3-embedding-0.6b","bmo-retrieval-128","Retrieval check — What do unweighted and weighted amounts represent in BFC's Q1 LCR quantitative disclosure?","bmo-9a4480f0604f11eab96b","3","LCR_CY26Q1","12","data/raw/LCR_CY26Q1.pdf, p. 4","4","4. LCR Quantitative Disclosure","data/raw/LCR_CY26Q1.pdf","The following table presents detail of BFC's quarterly average of daily LCR for the three months ended March 31, 2026. Within this disclosure, the unweighted amounts of eligible HQLA, cash inflows and cash outflows represent the quarterly average balances prior to the application of the prescribed regulatory haircuts and caps. The weighted amount of cash outflows and cash inflows represent the unweighted amount multiplied by the respective LCR rates.","The following table presents detail of BFC's quarterly average of daily LCR for the three months ended March 31, 2026. Within this disclosure, the unweighted amounts of eligible HQLA, cash inflows and cash outflows represent the quarterly average balances prior to the application of the prescribed regulatory haircuts and caps. The weighted amount of cash outflows and cash inflows represent the unweighted amount…"
"qwen3-embedding-0.6b","bmo-retrieval-129","I need the precise period and units. Which institutions and regulators are covered by BFC's Q2 2026 liquidity disclosure?","bmo-f207da8892cc6eb91299","3","LCR_CY26Q2","3","data/raw/LCR_CY26Q2.pdf, p. 3","3","1. Introduction","data/raw/LCR_CY26Q2.pdf","The following disclosure is specific to BMO Financial Corp. (BFC), a U.S. Intermediate Holding Company (IHC). BFC is a wholly owned subsidiary of Bank of Montreal (together with its subsidiaries, BMO or 'the Parent') and is regulated by the Board of Governors of the Federal Reserve System (FRB). BFC's wholly owned principal banking subsidiary, BMO Bank N.A. (BBNA ), which consolidates into BFC, is regulated by the Office of the Comptroller of the Currency and the Federal Deposit Insurance Corporation. BMO is a highly diversified financial services provider based in North America.","The following disclosure is specific to BMO Financial Corp. (BFC), a U.S. Intermediate Holding Company (IHC). BFC is a wholly owned subsidiary of Bank of Montreal (together with its subsidiaries, BMO or 'the Parent') and is regulated by the Board of Governors of the Federal Reserve System (FRB). BFC's wholly owned principal banking subsidiary, BMO Bank N.A. (BBNA ), which consolidates into BFC, is regulated by the…"
"qwen3-embedding-0.6b","bmo-retrieval-130","In the supplied corpus, how does BFC optimize liquidity for current and future needs?","bmo-c33e0bf290408dbede61","3","LCR_CY26Q2","6","data/raw/LCR_CY26Q2.pdf, p. 3","3","2. Liquidity Risk Management","data/raw/LCR_CY26Q2.pdf","BFC manages liquidity risk to meet both internal and regulatory expectations through an established liquidity risk framework. The framework ensures that BFC maintains adequate levels of liquidity to meet financial commitments in a timely manner at reasonable prices as they fall due, even in times of stress. The framework requires BFC to consider and prudently manage liquidity risk exposures and funding needs within and across legal entities, business lines and currencies, considering legal, regulatory, and operational limitations to the transferability of liquidity. The liquidity position is…","BFC manages liquidity risk to meet both internal and regulatory expectations through an established liquidity risk framework. The framework ensures that BFC maintains adequate levels of liquidity to meet financial commitments in a timely manner at reasonable prices as they fall due, even in times of stress. The framework requires BFC to consider and prudently manage liquidity risk exposures and funding needs within…"
"qwen3-embedding-0.6b","bmo-retrieval-131","Using only LCR CY26Q2, what tailored LCR factor applied to BFC for the quarter ended June 30, 2026?","bmo-e37cba95bece18b0702b","3","LCR_CY26Q2","10","data/raw/LCR_CY26Q2.pdf, p. 4","4","3. Liquidity Coverage Ratio","data/raw/LCR_CY26Q2.pdf","The following table summarizes the BFC average LCR for the three months ended June 30, 2026, based on the BFC's interpretation of the LCR Rule. BFC is subject to the 85% tailored LCR and the table below reflects the 85% factor. The LCR calculation is a regulatory prescribed methodology reflecting formulaic hypothetical changes in assets and liabilities that would impact a company's liquidity if they were to occur. The calculation is not necessarily a projection of BFC 's liquidity in any stress environment.","The following table summarizes the BFC average LCR for the three months ended June 30, 2026, based on the BFC's interpretation of the LCR Rule. BFC is subject to the 85% tailored LCR and the table below reflects the 85% factor. The LCR calculation is a regulatory prescribed methodology reflecting formulaic hypothetical changes in assets and liabilities that would impact a company's liquidity if they were to occur.…"
"qwen3-embedding-0.6b","bmo-retrieval-132","Verify and cite the exact passage: What do unweighted and weighted amounts represent in BFC's Q2 LCR quantitative disclosure?","bmo-38d74f54666a76c158b6","3","LCR_CY26Q2","12","data/raw/LCR_CY26Q2.pdf, pp. 4, 5","4, 5","4. LCR Quantitative Disclosure","data/raw/LCR_CY26Q2.pdf","The following table presents detail of BFC's quarterly average of daily LCR for the three months ended June 30, 2026. Within this disclosure, the unweighted amounts of eligible HQLA, cash inflows and cash outflows represent the quarterly average balances prior to the application of the prescribed regulatory haircuts and caps. The weighted amount of cash outflows and cash inflows represent the unweighted amount multiplied by the respective LCR rates.","The following table presents detail of BFC's quarterly average of daily LCR for the three months ended June 30, 2026. Within this disclosure, the unweighted amounts of eligible HQLA, cash inflows and cash outflows represent the quarterly average balances prior to the application of the prescribed regulatory haircuts and caps. The weighted amount of cash outflows and cash inflows represent the unweighted amount…"
"qwen3-embedding-0.6b","bmo-retrieval-133","Retrieval check — What is the identifier and governing law for Bank of Montreal common shares?","bmo-1f9c5970bcde0f443c1a","3","MainFeaturesTemplateQ326","0","data/raw/MainFeaturesTemplateQ326.pdf, p. 1","1","","data/raw/MainFeaturesTemplateQ326.pdf","Included in both regulatory capital and TLAC Common Shares 1 Issuer Bank of Montreal 2 Unique identifier (eg CUSIP, ISIN or Bloomberg identifier for private placement) 063671101 3 Governing law(s) of the instrument Canadian Federal and applicable Provincial laws 3a Means by which enforceability requirement of Section 13 of the TLAC Term Sheet is achieved (for other TLAC-eligible instruments governed by foreign law) N/A Regulatory treatment 4 Transitional Basel III rules Common Equity Tier 1 5 Post-transitional Basel III rules Eligible 6 Eligible at solo/group/group&solo Group and Solo 7…","Included in both regulatory capital and TLAC Common Shares 1 Issuer Bank of Montreal 2 Unique identifier (eg CUSIP, ISIN or Bloomberg identifier for private placement) 063671101 3 Governing law(s) of the instrument Canadian Federal and applicable Provincial laws 3a Means by which enforceability requirement of Section 13 of the TLAC Term Sheet is achieved (for other TLAC-eligible instruments governed by foreign law)…"
"qwen3-embedding-0.6b","bmo-retrieval-134","I need the precise period and units. How are Bank of Montreal common shares treated under Basel III and TLAC?","bmo-1f9c5970bcde0f443c1a","3","MainFeaturesTemplateQ326","0","data/raw/MainFeaturesTemplateQ326.pdf, p. 1","1","","data/raw/MainFeaturesTemplateQ326.pdf","Included in both regulatory capital and TLAC Common Shares 1 Issuer Bank of Montreal 2 Unique identifier (eg CUSIP, ISIN or Bloomberg identifier for private placement) 063671101 3 Governing law(s) of the instrument Canadian Federal and applicable Provincial laws 3a Means by which enforceability requirement of Section 13 of the TLAC Term Sheet is achieved (for other TLAC-eligible instruments governed by foreign law) N/A Regulatory treatment 4 Transitional Basel III rules Common Equity Tier 1 5 Post-transitional Basel III rules Eligible 6 Eligible at solo/group/group&solo Group and Solo 7…","Included in both regulatory capital and TLAC Common Shares 1 Issuer Bank of Montreal 2 Unique identifier (eg CUSIP, ISIN or Bloomberg identifier for private placement) 063671101 3 Governing law(s) of the instrument Canadian Federal and applicable Provincial laws 3a Means by which enforceability requirement of Section 13 of the TLAC Term Sheet is achieved (for other TLAC-eligible instruments governed by foreign law)…"
"qwen3-embedding-0.6b","bmo-retrieval-135","In the supplied corpus, what does convertible mean in the regulatory capital main-features table?","bmo-a896124c1a76690569b9","3","MainFeaturesTemplateQ326","2","data/raw/MainFeaturesTemplateQ326.pdf, pp. 1, 2","1, 2","Main Features Of Regulatory Capital Instruments","data/raw/MainFeaturesTemplateQ326.pdf","(1) The term ""convertible"" in the above table is interpreted to mean convertible into common shares. Certain of BMO's outstanding non-common capital instruments are convertible into different series of the same capital instrument. 1 Issuer 2 Unique identifier (eg CUSIP, ISIN or Bloomberg identifier for private placement) 3 Governing law(s) of the instrument 3a Means by which enforceability requirement of Section 13 of the TLAC Term Sheet is achieved (for other TLAC-eligible instruments governed by foreign law) Regulatory treatment 4 Transitional Basel III rules 5 Post-transitional Basel III…","(1) The term ""convertible"" in the above table is interpreted to mean convertible into common shares. Certain of BMO's outstanding non-common capital instruments are convertible into different series of the same capital instrument. 1 Issuer 2 Unique identifier (eg CUSIP, ISIN or Bloomberg identifier for private placement) 3 Governing law(s) of the instrument 3a Means by which enforceability requirement of Section 13…"
"qwen3-embedding-0.6b","bmo-retrieval-136","Using only MainFeaturesTemplateQ326, which fields does BMO's main-features template use to describe a regulatory capital instrument?","bmo-a896124c1a76690569b9","3","MainFeaturesTemplateQ326","2","data/raw/MainFeaturesTemplateQ326.pdf, pp. 1, 2","1, 2","Main Features Of Regulatory Capital Instruments","data/raw/MainFeaturesTemplateQ326.pdf","(1) The term ""convertible"" in the above table is interpreted to mean convertible into common shares. Certain of BMO's outstanding non-common capital instruments are convertible into different series of the same capital instrument. 1 Issuer 2 Unique identifier (eg CUSIP, ISIN or Bloomberg identifier for private placement) 3 Governing law(s) of the instrument 3a Means by which enforceability requirement of Section 13 of the TLAC Term Sheet is achieved (for other TLAC-eligible instruments governed by foreign law) Regulatory treatment 4 Transitional Basel III rules 5 Post-transitional Basel III…","(1) The term ""convertible"" in the above table is interpreted to mean convertible into common shares. Certain of BMO's outstanding non-common capital instruments are convertible into different series of the same capital instrument. 1 Issuer 2 Unique identifier (eg CUSIP, ISIN or Bloomberg identifier for private placement) 3 Governing law(s) of the instrument 3a Means by which enforceability requirement of Section 13…"
"qwen3-embedding-0.6b","bmo-retrieval-137","Verify and cite the exact passage: Which quarters are covered by BFC's 2026 Net Stable Funding Ratio disclosure?","bmo-41bab022f098f6e4a549","3","NSFRCY26Q2","0","data/raw/NSFRCY26Q2.pdf, pp. 1, 2","1, 2","BMO Financial Corp. Net Stable Funding Ratio Disclosure","data/raw/NSFRCY26Q2.pdf","____________________________________________________________ For the quarter ended March 31, 2026, and June 30, 2026 ## Table of Contents 1. INTRODUCTION ............................................................................................................................................. 3 2. LIQUIDITY RISK MANAGEMENT ..................................................................................................................... 3 3. NET STABLE FUNDING RATIO ......................................................................................................................... 4…","____________________________________________________________ For the quarter ended March 31, 2026, and June 30, 2026 ## Table of Contents 1. INTRODUCTION ............................................................................................................................................. 3 2. LIQUIDITY RISK MANAGEMENT .............................................................................................…"
"qwen3-embedding-0.6b","bmo-retrieval-138","Retrieval check — How does BFC's liquidity framework manage needs across entities, businesses and currencies?","bmo-a77eddd634603a290943","3","NSFRCY26Q2","4","data/raw/NSFRCY26Q2.pdf, p. 3","3","2. Liquidity Risk Management","data/raw/NSFRCY26Q2.pdf","BFC manages liquidity risk to meet both internal and regulatory expectations through an established liquidity risk framework. The framework ensures that BFC maintains adequate levels of liquidity to meet financial commitments in a timely manner at reasonable prices as they fall due, even in times of stress. The framework considers and prudently manages liquidity risk exposures and funding needs within and across legal entities, business lines and currencies, considering legal, regulatory, and operational limitations to the transferability of liquidity. The liquidity position is optimized for…","BFC manages liquidity risk to meet both internal and regulatory expectations through an established liquidity risk framework. The framework ensures that BFC maintains adequate levels of liquidity to meet financial commitments in a timely manner at reasonable prices as they fall due, even in times of stress. The framework considers and prudently manages liquidity risk exposures and funding needs within and across…"
"qwen3-embedding-0.6b","bmo-retrieval-139","I need the precise period and units. What tailored NSFR factor applies to BFC?","bmo-6075725634b6fdf4ffb5","3","NSFRCY26Q2","8","data/raw/NSFRCY26Q2.pdf, p. 4","4","3. Net Stable Funding Ratio","data/raw/NSFRCY26Q2.pdf","The following table summarizes the BFC average NSFR for the three months ended March 31, 2026 and June 30, 2026, based on the Firms interpretation of the NSFR Rule. BFC is subject to the 85% tailored NSFR and the table below reflects the 85% factor. The NSFR calculation is a regulatory prescribed methodology reflecting formulaic hypothetical changes in assets and liabilities that would impact a company's liquidity if they were to occur. The calculation is not necessarily a projection of the BFC liquidity in any stress environment. The BFC NSFR is substantiated by: - ASF primarily consists of…","The following table summarizes the BFC average NSFR for the three months ended March 31, 2026 and June 30, 2026, based on the Firms interpretation of the NSFR Rule. BFC is subject to the 85% tailored NSFR and the table below reflects the 85% factor. The NSFR calculation is a regulatory prescribed methodology reflecting formulaic hypothetical changes in assets and liabilities that would impact a company's liquidity…"
"qwen3-embedding-0.6b","bmo-retrieval-140","In the supplied corpus, what are BFC's primary sources of available stable funding?","bmo-6075725634b6fdf4ffb5","3","NSFRCY26Q2","8","data/raw/NSFRCY26Q2.pdf, p. 4","4","3. Net Stable Funding Ratio","data/raw/NSFRCY26Q2.pdf","The following table summarizes the BFC average NSFR for the three months ended March 31, 2026 and June 30, 2026, based on the Firms interpretation of the NSFR Rule. BFC is subject to the 85% tailored NSFR and the table below reflects the 85% factor. The NSFR calculation is a regulatory prescribed methodology reflecting formulaic hypothetical changes in assets and liabilities that would impact a company's liquidity if they were to occur. The calculation is not necessarily a projection of the BFC liquidity in any stress environment. The BFC NSFR is substantiated by: - ASF primarily consists of…","The following table summarizes the BFC average NSFR for the three months ended March 31, 2026 and June 30, 2026, based on the Firms interpretation of the NSFR Rule. BFC is subject to the 85% tailored NSFR and the table below reflects the 85% factor. The NSFR calculation is a regulatory prescribed methodology reflecting formulaic hypothetical changes in assets and liabilities that would impact a company's liquidity…"
"qwen3-embedding-0.6b","bmo-retrieval-141","Using only Q126 EarningsRelease, what reported and adjusted net income did BMO post in Q1 2026?","bmo-019ff982cfe2d7e246f3","3","Q126_EarningsRelease","2","data/raw/Q126_EarningsRelease.pdf, p. 1","1","Financial Results Highlights","data/raw/Q126_EarningsRelease.pdf","Toronto, February 25, 2026 - BMO Financial Group (TSX:BMO) (NYSE:BMO) reported net income for the first quarter ended January 31, 2026 was $2,489 million, compared with $2,138 million in the prior year, and EPS of $3.39, compared with $2.83. Reported ROE was 12.1%, compared with 10.6% in the prior year. Adjusted net income was $2,551 million and adjusted EPS was $3.48, an increase from $2,289 million and $3.04, respectively, in the prior year. Adjusted ROE was 12.4%, compared with 11.3% in the prior year. Reported and adjusted results in the current quarter included severance costs of $147…","Toronto, February 25, 2026 - BMO Financial Group (TSX:BMO) (NYSE:BMO) reported net income for the first quarter ended January 31, 2026 was $2,489 million, compared with $2,138 million in the prior year, and EPS of $3.39, compared with $2.83. Reported ROE was 12.1%, compared with 10.6% in the prior year. Adjusted net income was $2,551 million and adjusted EPS was $3.48, an increase from $2,289 million and $3.04,…"
"qwen3-embedding-0.6b","bmo-retrieval-142","Verify and cite the exact passage: What were BMO's reported and adjusted EPS in Q1 2026?","bmo-019ff982cfe2d7e246f3","3","Q126_EarningsRelease","2","data/raw/Q126_EarningsRelease.pdf, p. 1","1","Financial Results Highlights","data/raw/Q126_EarningsRelease.pdf","Toronto, February 25, 2026 - BMO Financial Group (TSX:BMO) (NYSE:BMO) reported net income for the first quarter ended January 31, 2026 was $2,489 million, compared with $2,138 million in the prior year, and EPS of $3.39, compared with $2.83. Reported ROE was 12.1%, compared with 10.6% in the prior year. Adjusted net income was $2,551 million and adjusted EPS was $3.48, an increase from $2,289 million and $3.04, respectively, in the prior year. Adjusted ROE was 12.4%, compared with 11.3% in the prior year. Reported and adjusted results in the current quarter included severance costs of $147…","Toronto, February 25, 2026 - BMO Financial Group (TSX:BMO) (NYSE:BMO) reported net income for the first quarter ended January 31, 2026 was $2,489 million, compared with $2,138 million in the prior year, and EPS of $3.39, compared with $2.83. Reported ROE was 12.1%, compared with 10.6% in the prior year. Adjusted net income was $2,551 million and adjusted EPS was $3.48, an increase from $2,289 million and $3.04,…"
"qwen3-embedding-0.6b","bmo-retrieval-143","Retrieval check — How did Canadian P&C net income change in Q1 2026?","bmo-dbb187d4bf15db51368b","3","Q126_EarningsRelease","7","data/raw/Q126_EarningsRelease.pdf, p. 2","2","Canadian P&C","data/raw/Q126_EarningsRelease.pdf","Reported net income was $948 million and adjusted net income was $951 million, both increasing $71 million or 8% from the prior year, primarily due to a 7% increase in revenue, as well as a lower provision for credit losses, partially offset by higher expenses. Revenue growth was driven by higher net interest income, due to higher net interest margin and balance growth, and an increase in non-interest revenue, including above-trend card fee revenue due to revised future redemption assumptions in the current quarter.","Reported net income was $948 million and adjusted net income was $951 million, both increasing $71 million or 8% from the prior year, primarily due to a 7% increase in revenue, as well as a lower provision for credit losses, partially offset by higher expenses. Revenue growth was driven by higher net interest income, due to higher net interest margin and balance growth, and an increase in non-interest revenue,…"
"qwen3-embedding-0.6b","bmo-retrieval-144","I need the precise period and units. How did U.S. Banking perform in Q1 2026 in Canadian and U.S. dollars?","bmo-a5fe37cfcfc2781c2a33","3","Q126_EarningsRelease","8","data/raw/Q126_EarningsRelease.pdf, p. 2","2","U.S. Banking","data/raw/Q126_EarningsRelease.pdf","Reported net income was $742 million, an increase of $107 million or 17% from the prior year, and adjusted net income was $802 million, an increase of $95 million or 13%. The impact of the weaker U.S. dollar decreased net income by 5%. On a U.S. dollar basis, reported net income was $539 million, an increase of $93 million or 21% from the prior year, and adjusted net income was $583 million, an increase of $87 million or 18%, primarily due to a lower provision for credit losses. Revenue growth of 2%, reflecting higher net interest income and non-interest revenue, was more than offset by…","Reported net income was $742 million, an increase of $107 million or 17% from the prior year, and adjusted net income was $802 million, an increase of $95 million or 13%. The impact of the weaker U.S. dollar decreased net income by 5%. On a U.S. dollar basis, reported net income was $539 million, an increase of $93 million or 21% from the prior year, and adjusted net income was $583 million, an increase of $87…"
"qwen3-embedding-0.6b","bmo-retrieval-145","In the supplied corpus, for what period were BMO's Q1 2026 interim financial statements prepared?","bmo-de2d732856072e66bac9","3","Q126_ReportToShareholders","0","data/raw/Q126_ReportToShareholders.pdf, p. 1","1","REPORT TO SHAREHOLDERS","data/raw/Q126_ReportToShareholders.pdf","BMO's First Quarter 2026 Report to Shareholders, including the unaudited interim consolidated financial statements for the period ended January 31, 2026, are available online at www.bmo.com/investorrelations, on the Canadian Securities Administrators' website at www.sedarplus.ca, and on the EDGAR section of the U.S. Securities and Exchange Commission's website at www.sec.gov.","BMO's First Quarter 2026 Report to Shareholders, including the unaudited interim consolidated financial statements for the period ended January 31, 2026, are available online at www.bmo.com/investorrelations, on the Canadian Securities Administrators' website at www.sedarplus.ca, and on the EDGAR section of the U.S. Securities and Exchange Commission's website at www.sec.gov."
"qwen3-embedding-0.6b","bmo-retrieval-146","Using only Q126 ReportToShareholders, what were BMO's Q1 2026 PCL, ROE and CET1 ratio?","bmo-7b7df28d56a73836e562","3","Q126_ReportToShareholders","1","data/raw/Q126_ReportToShareholders.pdf, p. 1","1","Financial Results Highlights","data/raw/Q126_ReportToShareholders.pdf","First Quarter 2026 compared with First Quarter 2025: - Reported net income 1 of $2,489 million, an increase of 16% from $2,138 million; adjusted net income 1 of $2,551 million, an increase of 11% from $2,289 million - Reported earnings per share (EPS) 2 of $3.39, an increase of 20% from $2.83; adjusted EPS 1, 2 of $3.48, an increase of 15% from $3.04 - Provision for credit losses (PCL) of $746 million, a decrease from $1,011 million - Reported return on equity (ROE) of 12.1%, compared with 10.6%; adjusted ROE 1 of 12.4%, compared with 11.3% - Common Equity Tier 1 (CET1) Ratio 3 of 13.1%,…","First Quarter 2026 compared with First Quarter 2025: - Reported net income 1 of $2,489 million, an increase of 16% from $2,138 million; adjusted net income 1 of $2,551 million, an increase of 11% from $2,289 million - Reported earnings per share (EPS) 2 of $3.39, an increase of 20% from $2.83; adjusted EPS 1, 2 of $3.48, an increase of 15% from $3.04 - Provision for credit losses (PCL) of $746 million, a decrease…"
"qwen3-embedding-0.6b","bmo-retrieval-147","Verify and cite the exact passage: What sources comprise the Enhanced Disclosure Task Force index for Q1 2026?","bmo-8d91847f7b276d39bde4","3","Q126_ReportToShareholders","6","data/raw/Q126_ReportToShareholders.pdf, p. 2","2","Enhanced Disclosure Task Force","data/raw/Q126_ReportToShareholders.pdf","Disclosures related to recommendations from the Financial Stability Board's Enhanced Disclosure Task Force (EDTF) to provide high-quality, transparent risk disclosures are detailed in the index below, as presented in BMO's 2025 Annual Report, the First Quarter 2026 Report to Shareholders (RTS), Supplemental Financial Information (SFI) or Supplemental Regulatory Capital Information (SRCI). Information on BMO's website, including information within the SFI or SRCI, is not and should not be considered incorporated by reference into our First Quarter 2026 Report to Shareholders.","Disclosures related to recommendations from the Financial Stability Board's Enhanced Disclosure Task Force (EDTF) to provide high-quality, transparent risk disclosures are detailed in the index below, as presented in BMO's 2025 Annual Report, the First Quarter 2026 Report to Shareholders (RTS), Supplemental Financial Information (SFI) or Supplemental Regulatory Capital Information (SRCI). Information on BMO's…"
"qwen3-embedding-0.6b","bmo-retrieval-148","Retrieval check — As of what date is the Q1 2026 MD&A commentary?","bmo-e1d52777fdb6d735ef1f","3","Q126_ReportToShareholders","10","data/raw/Q126_ReportToShareholders.pdf, p. 3","3","Management's Discussion and Analysis","data/raw/Q126_ReportToShareholders.pdf","Management's Discussion and Analysis (MD&A) commentary is as at February 25, 2026 for the period ended January 31, 2026. The material that precedes this section comprises part of this MD&A. The MD&A should be read in conjunction with the unaudited interim consolidated financial statements for the period ended January 31, 2026, included in this document, as well as the audited annual consolidated financial statements for the year ended October 31, 2025, and the 2025 annual MD&A, contained in Bank of Montreal's 2025 Annual Report.","Management's Discussion and Analysis (MD&A) commentary is as at February 25, 2026 for the period ended January 31, 2026. The material that precedes this section comprises part of this MD&A. The MD&A should be read in conjunction with the unaudited interim consolidated financial statements for the period ended January 31, 2026, included in this document, as well as the audited annual consolidated financial statements…"
"qwen3-embedding-0.6b","bmo-retrieval-149","I need the precise period and units. What reported and adjusted net income did BMO post in Q2 2026?","bmo-f5f3c016c51708e08e29","3","Q226_EarningsRelease","1","data/raw/Q226_EarningsRelease.pdf, p. 1","1","Financial Results Highlights","data/raw/Q226_EarningsRelease.pdf","Second Quarter 2026 compared with Second Quarter 2025: - Reported net income 1 of $2,630 million, an increase of 34% from $1,962 million; adjusted net income 1 of $2,733 million, an increase of 34% from $2,046 million - Reported earnings per share (EPS) 2 of $3.53, an increase of 41% from $2.50; adjusted EPS 1, 2 of $3.67, an increase of 40% from $2.62 - Provision for credit losses (PCL) of $739 million, a decrease from $1,054 million - Reported return on equity (ROE) of 13.0%, compared with 9.4%; adjusted ROE 1 of 13.5%, compared with 9.8% - Common Equity Tier 1 (CET1) Ratio 3 of 13.0%,…","Second Quarter 2026 compared with Second Quarter 2025: - Reported net income 1 of $2,630 million, an increase of 34% from $1,962 million; adjusted net income 1 of $2,733 million, an increase of 34% from $2,046 million - Reported earnings per share (EPS) 2 of $3.53, an increase of 41% from $2.50; adjusted EPS 1, 2 of $3.67, an increase of 40% from $2.62 - Provision for credit losses (PCL) of $739 million, a decrease…"
"qwen3-embedding-0.6b","bmo-retrieval-150","In the supplied corpus, what dividend did BMO declare in Q2 2026 and how much did it increase?","bmo-f5f3c016c51708e08e29","3","Q226_EarningsRelease","1","data/raw/Q226_EarningsRelease.pdf, p. 1","1","Financial Results Highlights","data/raw/Q226_EarningsRelease.pdf","Second Quarter 2026 compared with Second Quarter 2025: - Reported net income 1 of $2,630 million, an increase of 34% from $1,962 million; adjusted net income 1 of $2,733 million, an increase of 34% from $2,046 million - Reported earnings per share (EPS) 2 of $3.53, an increase of 41% from $2.50; adjusted EPS 1, 2 of $3.67, an increase of 40% from $2.62 - Provision for credit losses (PCL) of $739 million, a decrease from $1,054 million - Reported return on equity (ROE) of 13.0%, compared with 9.4%; adjusted ROE 1 of 13.5%, compared with 9.8% - Common Equity Tier 1 (CET1) Ratio 3 of 13.0%,…","Second Quarter 2026 compared with Second Quarter 2025: - Reported net income 1 of $2,630 million, an increase of 34% from $1,962 million; adjusted net income 1 of $2,733 million, an increase of 34% from $2,046 million - Reported earnings per share (EPS) 2 of $3.53, an increase of 41% from $2.50; adjusted EPS 1, 2 of $3.67, an increase of 40% from $2.62 - Provision for credit losses (PCL) of $739 million, a decrease…"
"qwen3-embedding-0.6b","bmo-retrieval-151","Using only Q226 EarningsRelease, what were BMO's year-to-date 2026 reported and adjusted EPS?","bmo-ccc96f75ce929cfa0857","3","Q226_EarningsRelease","2","data/raw/Q226_EarningsRelease.pdf, p. 1","1","Year-to-Date 2026 compared with Year-to-Date 2025:","data/raw/Q226_EarningsRelease.pdf","- Reported net income 1 of $5,119 million, an increase of 25% from $4,100 million; adjusted net income 1 of $5,284 million, an increase of 22% from $4,335 million - Reported EPS 2 of $6.92, an increase of 30% from $5.34; adjusted EPS 1, 2 of $7.15, an increase of 26% from $5.66 - PCL of $1,485 million, a decrease from $2,065 million - Reported ROE of 12.5%, compared with 10.0%; adjusted ROE 1 of 12.9%, compared with 10.6%","- Reported net income 1 of $5,119 million, an increase of 25% from $4,100 million; adjusted net income 1 of $5,284 million, an increase of 22% from $4,335 million - Reported EPS 2 of $6.92, an increase of 30% from $5.34; adjusted EPS 1, 2 of $7.15, an increase of 26% from $5.66 - PCL of $1,485 million, a decrease from $2,065 million - Reported ROE of 12.5%, compared with 10.0%; adjusted ROE 1 of 12.9%, compared with…"
"qwen3-embedding-0.6b","bmo-retrieval-152","Verify and cite the exact passage: How did Canadian P&C net income change in Q2 2026?","bmo-d8b4ff732985f2971b8b","3","Q226_EarningsRelease","12","data/raw/Q226_EarningsRelease.pdf, p. 2","2","Canadian P&C","data/raw/Q226_EarningsRelease.pdf","Reported net income was $884 million, an increase of $120 million or 15% from the prior year, and adjusted net income was $887 million, an increase of $119 million or 15%, primarily due to a 5% increase in revenue, as well as a lower provision for credit losses, partially offset by higher expenses. Revenue growth was driven by increases in net interest income, primarily due to higher net interest margin, and non-interest revenue due to higher card-related and mutual fund distribution fees, partially offset by lower deposit fee revenue.","Reported net income was $884 million, an increase of $120 million or 15% from the prior year, and adjusted net income was $887 million, an increase of $119 million or 15%, primarily due to a 5% increase in revenue, as well as a lower provision for credit losses, partially offset by higher expenses. Revenue growth was driven by increases in net interest income, primarily due to higher net interest margin, and…"
"qwen3-embedding-0.6b","bmo-retrieval-153","Retrieval check — For what period were BMO's Q2 2026 interim financial statements prepared?","bmo-4052b8af184c044dbe66","3","Q226_ReportToShareholders","0","data/raw/Q226_ReportToShareholders.pdf, p. 1","1","REPORT TO SHAREHOLDERS","data/raw/Q226_ReportToShareholders.pdf","BMO's Second Quarter 2026 Report to Shareholders, including the unaudited interim consolidated financial statements for the period ended April 30, 2026, are available online at www.bmo.com/investorrelations, on the Canadian Securities Administrators' website at www.sedarplus.ca, and on the EDGAR section of the U.S. Securities and Exchange Commission's website at www.sec.gov.","BMO's Second Quarter 2026 Report to Shareholders, including the unaudited interim consolidated financial statements for the period ended April 30, 2026, are available online at www.bmo.com/investorrelations, on the Canadian Securities Administrators' website at www.sedarplus.ca, and on the EDGAR section of the U.S. Securities and Exchange Commission's website at www.sec.gov."
"qwen3-embedding-0.6b","bmo-retrieval-154","I need the precise period and units. What were BMO's Q2 2026 reported EPS, adjusted EPS and CET1 ratio?","bmo-066760077664f9e1d968","3","Q226_ReportToShareholders","1","data/raw/Q226_ReportToShareholders.pdf, p. 1","1","Financial Results Highlights","data/raw/Q226_ReportToShareholders.pdf","Second Quarter 2026 compared with Second Quarter 2025: - Reported net income 1 of $2,630 million, an increase of 34% from $1,962 million; adjusted net income 1 of $2,733 million, an increase of 34% from $2,046 million - Reported earnings per share (EPS) 2 of $3.53, an increase of 41% from $2.50; adjusted EPS 1, 2 of $3.67, an increase of 40% from $2.62 - Provision for credit losses (PCL) of $739 million, a decrease from $1,054 million - Reported return on equity (ROE) of 13.0%, compared with 9.4%; adjusted ROE 1 of 13.5%, compared with 9.8% - Common Equity Tier 1 (CET1) Ratio 3 of 13.0%,…","Second Quarter 2026 compared with Second Quarter 2025: - Reported net income 1 of $2,630 million, an increase of 34% from $1,962 million; adjusted net income 1 of $2,733 million, an increase of 34% from $2,046 million - Reported earnings per share (EPS) 2 of $3.53, an increase of 41% from $2.50; adjusted EPS 1, 2 of $3.67, an increase of 40% from $2.62 - Provision for credit losses (PCL) of $739 million, a decrease…"
"qwen3-embedding-0.6b","bmo-retrieval-155","In the supplied corpus, what were BMO's year-to-date 2026 net income and PCL?","bmo-d7c2c5bcc623f9e1603d","3","Q226_ReportToShareholders","2","data/raw/Q226_ReportToShareholders.pdf, p. 1","1","Year-to-Date 2026 compared with Year-to-Date 2025:","data/raw/Q226_ReportToShareholders.pdf","- Reported net income 1 of $5,119 million, an increase of 25% from $4,100 million; adjusted net income 1 of $5,284 million, an increase of 22% from $4,335 million - Reported EPS 2 of $6.92, an increase of 30% from $5.34; adjusted EPS 1, 2 of $7.15, an increase of 26% from $5.66 - PCL of $1,485 million, a decrease from $2,065 million - Reported ROE of 12.5%, compared with 10.0%; adjusted ROE 1 of 12.9%, compared with 10.6%","- Reported net income 1 of $5,119 million, an increase of 25% from $4,100 million; adjusted net income 1 of $5,284 million, an increase of 22% from $4,335 million - Reported EPS 2 of $6.92, an increase of 30% from $5.34; adjusted EPS 1, 2 of $7.15, an increase of 26% from $5.66 - PCL of $1,485 million, a decrease from $2,065 million - Reported ROE of 12.5%, compared with 10.0%; adjusted ROE 1 of 12.9%, compared with…"
"qwen3-embedding-0.6b","bmo-retrieval-156","Using only Q226 ReportToShareholders, what sources comprise the Enhanced Disclosure Task Force index for Q2 2026?","bmo-8ab5d6ee881e05d83772","3","Q226_ReportToShareholders","11","data/raw/Q226_ReportToShareholders.pdf, p. 3","3","Enhanced Disclosure Task Force","data/raw/Q226_ReportToShareholders.pdf","Disclosures related to recommendations from the Financial Stability Board's Enhanced Disclosure Task Force (EDTF) to provide high-quality, transparent risk disclosures are detailed in the index below, as presented in BMO's 2025 Annual Report, the Second Quarter 2026 Report to Shareholders (RTS), Supplemental Financial Information (SFI) or Supplemental Regulatory Capital Information (SRCI). Information on BMO's website, including information within the SFI or SRCI, is not and should not be considered incorporated by reference into our Second Quarter 2026 Report to Shareholders.","Disclosures related to recommendations from the Financial Stability Board's Enhanced Disclosure Task Force (EDTF) to provide high-quality, transparent risk disclosures are detailed in the index below, as presented in BMO's 2025 Annual Report, the Second Quarter 2026 Report to Shareholders (RTS), Supplemental Financial Information (SFI) or Supplemental Regulatory Capital Information (SRCI). Information on BMO's…"
"qwen3-embedding-0.6b","bmo-retrieval-157","Verify and cite the exact passage: What reported and adjusted net income did BMO post in Q3 2026?","bmo-ff6f00d78e116ab4af67","3","Q326_EarningsRelease","3","data/raw/Q326_EarningsRelease.pdf, p. 1","1","Financial Results Highlights","data/raw/Q326_EarningsRelease.pdf","Toronto, August 25, 2026 - BMO Financial Group (TSX:BMO) (NYSE:BMO) reported net income for the third quarter ended July 31, 2026 was $1,750 million, compared with $2,330 million in the prior year, and EPS of $2.38, compared with $3.14. Reported ROE was 8.4%, compared with 11.6% in the prior year. The decrease in reported results was driven by a charge related to the reduction in goodwill associated with the announced sale of BMO's Transportation and Vendor Finance businesses. Adjusted net income of $2,859 million increased 19% from $2,399 million in the prior year, and adjusted EPS of $3.96…","Toronto, August 25, 2026 - BMO Financial Group (TSX:BMO) (NYSE:BMO) reported net income for the third quarter ended July 31, 2026 was $1,750 million, compared with $2,330 million in the prior year, and EPS of $2.38, compared with $3.14. Reported ROE was 8.4%, compared with 11.6% in the prior year. The decrease in reported results was driven by a charge related to the reduction in goodwill associated with the…"
"qwen3-embedding-0.6b","bmo-retrieval-158","Retrieval check — What were BMO's reported and adjusted EPS in Q3 2026?","bmo-ff6f00d78e116ab4af67","3","Q326_EarningsRelease","3","data/raw/Q326_EarningsRelease.pdf, p. 1","1","Financial Results Highlights","data/raw/Q326_EarningsRelease.pdf","Toronto, August 25, 2026 - BMO Financial Group (TSX:BMO) (NYSE:BMO) reported net income for the third quarter ended July 31, 2026 was $1,750 million, compared with $2,330 million in the prior year, and EPS of $2.38, compared with $3.14. Reported ROE was 8.4%, compared with 11.6% in the prior year. The decrease in reported results was driven by a charge related to the reduction in goodwill associated with the announced sale of BMO's Transportation and Vendor Finance businesses. Adjusted net income of $2,859 million increased 19% from $2,399 million in the prior year, and adjusted EPS of $3.96…","Toronto, August 25, 2026 - BMO Financial Group (TSX:BMO) (NYSE:BMO) reported net income for the third quarter ended July 31, 2026 was $1,750 million, compared with $2,330 million in the prior year, and EPS of $2.38, compared with $3.14. Reported ROE was 8.4%, compared with 11.6% in the prior year. The decrease in reported results was driven by a charge related to the reduction in goodwill associated with the…"
"qwen3-embedding-0.6b","bmo-retrieval-159","I need the precise period and units. How did Canadian P&C net income change in Q3 2026?","bmo-039cc788a0c03af90fd1","3","Q326_EarningsRelease","10","data/raw/Q326_EarningsRelease.pdf, p. 2","2","Canadian P&C","data/raw/Q326_EarningsRelease.pdf","Reported net income was $980 million, an increase of $131 million or 16% from the prior year, and adjusted net income was $983 million, an increase of $131 million or 15%, primarily due to a 6% increase in revenue and a lower provision for credit losses, partially offset by higher expenses. Revenue growth was driven by increases in net interest income, primarily due to higher net interest margin and non-interest revenue.","Reported net income was $980 million, an increase of $131 million or 16% from the prior year, and adjusted net income was $983 million, an increase of $131 million or 15%, primarily due to a 6% increase in revenue and a lower provision for credit losses, partially offset by higher expenses. Revenue growth was driven by increases in net interest income, primarily due to higher net interest margin and non-interest…"
"qwen3-embedding-0.6b","bmo-retrieval-160","In the supplied corpus, how did U.S. Banking perform in Q3 2026 in Canadian and U.S. dollars?","bmo-48eaaf7670823fc92b7c","3","Q326_EarningsRelease","11","data/raw/Q326_EarningsRelease.pdf, p. 2","2","U.S. Banking","data/raw/Q326_EarningsRelease.pdf","Reported net income was $868 million, an increase of $101 million or 13% from the prior year, and adjusted net income was $925 million, an increase of $96 million or 11%. The impact of the stronger U.S. dollar increased each of revenue, expenses and net income by 2%. On a U.S. dollar basis, reported net income was $620 million, an increase of $62 million or 11% from the prior year, and adjusted net income was $661 million, an increase of $58 million or 9%, primarily due to a 5% increase in revenue, partially offset by higher expenses. Revenue growth was driven by increases in net interest…","Reported net income was $868 million, an increase of $101 million or 13% from the prior year, and adjusted net income was $925 million, an increase of $96 million or 11%. The impact of the stronger U.S. dollar increased each of revenue, expenses and net income by 2%. On a U.S. dollar basis, reported net income was $620 million, an increase of $62 million or 11% from the prior year, and adjusted net income was $661…"
"qwen3-embedding-0.6b","bmo-retrieval-161","Using only Q326 ReportToShareholders, for what period were BMO's Q3 2026 interim financial statements prepared?","bmo-2ffa15156b342d3ca1f0","3","Q326_ReportToShareholders","0","data/raw/Q326_ReportToShareholders.pdf, p. 1","1","REPORT TO SHAREHOLDERS","data/raw/Q326_ReportToShareholders.pdf","BMO's Third Quarter 2026 Report to Shareholders, including the unaudited interim consolidated financial statements for the period ended July 31, 2026, are available online at www.bmo.com/investorrelations, on the Canadian Securities Administrators' website at www.sedarplus.ca, and on the EDGAR section of the U.S. Securities and Exchange Commission's website at www.sec.gov.","BMO's Third Quarter 2026 Report to Shareholders, including the unaudited interim consolidated financial statements for the period ended July 31, 2026, are available online at www.bmo.com/investorrelations, on the Canadian Securities Administrators' website at www.sedarplus.ca, and on the EDGAR section of the U.S. Securities and Exchange Commission's website at www.sec.gov."
"qwen3-embedding-0.6b","bmo-retrieval-162","Verify and cite the exact passage: What were BMO's Q3 2026 PCL, ROE and CET1 ratio?","bmo-39e69130adc5b1f4211c","3","Q326_ReportToShareholders","1","data/raw/Q326_ReportToShareholders.pdf, p. 1","1","Financial Results Highlights","data/raw/Q326_ReportToShareholders.pdf","Third Quarter 2026 compared with Third Quarter 2025: - Reported net income 1 of $1,750 million, a decrease of 25% from $2,330 million; adjusted net income 1 of $2,859 million, an increase of 19% from $2,399 million - Reported earnings per share (EPS) 2 of $2.38, a decrease of 24% from $3.14; adjusted EPS 1, 2 of $3.96, an increase of 22% from $3.23 - Provision for credit losses (PCL) of $722 million, a decrease from $797 million - Reported return on equity (ROE) of 8.4%, compared with 11.6%; adjusted ROE 1 of 14.0%, compared with 12.0% - Common Equity Tier 1 (CET1) Ratio 3 of 13.0%, compared…","Third Quarter 2026 compared with Third Quarter 2025: - Reported net income 1 of $1,750 million, a decrease of 25% from $2,330 million; adjusted net income 1 of $2,859 million, an increase of 19% from $2,399 million - Reported earnings per share (EPS) 2 of $2.38, a decrease of 24% from $3.14; adjusted EPS 1, 2 of $3.96, an increase of 22% from $3.23 - Provision for credit losses (PCL) of $722 million, a decrease from…"
"qwen3-embedding-0.6b","bmo-retrieval-163","Retrieval check — What deposits, loans and premium are involved in the planned sale of 138 U.S. branches?","bmo-6fb966f5b5040235a7fb","3","Q326_ReportToShareholders","9","data/raw/Q326_ReportToShareholders.pdf, p. 2","2","Divestitures","data/raw/Q326_ReportToShareholders.pdf","On October 16, 2025, we announced the sale of 138 BMO branches in select markets to First-Citizens Bank & Trust Company (First Citizens Bank) to support the optimization of our U.S. branch network and the redeployment of capital and resources. Under the terms of this agreement, First Citizens Bank will assume approximately US$5.3 billion (CAD$7.4 billion) in deposits and purchase approximately US$0.7 billion (CAD$1.0 billion) in loans as at July 31, 2026, for a net deposit premium of approximately 5% paid on closing. This transaction is expected to close in the fourth quarter of fiscal 2026,…","On October 16, 2025, we announced the sale of 138 BMO branches in select markets to First-Citizens Bank & Trust Company (First Citizens Bank) to support the optimization of our U.S. branch network and the redeployment of capital and resources. Under the terms of this agreement, First Citizens Bank will assume approximately US$5.3 billion (CAD$7.4 billion) in deposits and purchase approximately US$0.7 billion…"
"qwen3-embedding-0.6b","bmo-retrieval-164","I need the precise period and units. What business did BMO agree to acquire from Euroz Hartleys in June 2026?","bmo-bcc2c4e929bb21b726b3","3","Q326_ReportToShareholders","13","data/raw/Q326_ReportToShareholders.pdf, p. 2","2","Acquisitions","data/raw/Q326_ReportToShareholders.pdf","On June 29, 2026, we entered into a definitive agreement to acquire the Australia-based metals and mining focused capital markets business of Euroz Hartleys Group Limited (Euroz Hartleys). This acquisition is expected to close in the fourth quarter of calendar 2026, subject to Euroz Hartleys shareholder approval, regulatory approvals and satisfaction of other customary closing conditions. Following closing, the acquired business will form part of the Capital Markets operating segment. For further information on the above divestitures and acquisition, refer to Note 13 of the unaudited interim…","On June 29, 2026, we entered into a definitive agreement to acquire the Australia-based metals and mining focused capital markets business of Euroz Hartleys Group Limited (Euroz Hartleys). This acquisition is expected to close in the fourth quarter of calendar 2026, subject to Euroz Hartleys shareholder approval, regulatory approvals and satisfaction of other customary closing conditions. Following closing, the…"
"qwen3-embedding-0.6b","bmo-retrieval-165","In the supplied corpus, how should BMO's Q3 2026 supplementary regulatory capital information be used?","bmo-2cf4a13431087798555b","3","RegSuppQ326","3","data/raw/RegSuppQ326.pdf, p. 3","3","Use of this Document","data/raw/RegSuppQ326.pdf","The supplementary information contained in this package is designed to improve the readers' understanding of the capital requirements of BMO Financial Group (the Bank). This information should be used in conjunction with the Bank's Third quarter 2026 Report to Shareholders and the 2025 Annual Report available on the Canadian Securities Administrators' website at www.sedarplus.ca and BMO's website at www.bmo.com/investorrelations.","The supplementary information contained in this package is designed to improve the readers' understanding of the capital requirements of BMO Financial Group (the Bank). This information should be used in conjunction with the Bank's Third quarter 2026 Report to Shareholders and the 2025 Annual Report available on the Canadian Securities Administrators' website at www.sedarplus.ca and BMO's website at…"
"qwen3-embedding-0.6b","bmo-retrieval-166","Using only RegSuppQ326, which frameworks and OSFI guidelines determine BMO's regulatory capital disclosures?","bmo-a54590afe687d72bd739","3","RegSuppQ326","5","data/raw/RegSuppQ326.pdf, p. 3","3","Regulatory Framework","data/raw/RegSuppQ326.pdf","Regulatory capital requirements for the bank are determined in accordance with guidelines issued by the Office of the Superintendent of Financial Institutions (OSFI), which are based on the revised Basel III Reforms framework (inclusive of the 2017 Basel III Reforms) developed by the Basel Committee on Banking Supervision (BCBS). The measures and disclosures herein are presented in accordance with OSFI's Pillar 3 Disclosure Guideline, including the Total Loss Absorbing Capacity (TLAC) Disclosure Requirements Guideline for domestic systemically important banks (D-SIBs) and the Enhanced…","Regulatory capital requirements for the bank are determined in accordance with guidelines issued by the Office of the Superintendent of Financial Institutions (OSFI), which are based on the revised Basel III Reforms framework (inclusive of the 2017 Basel III Reforms) developed by the Basel Committee on Banking Supervision (BCBS). The measures and disclosures herein are presented in accordance with OSFI's Pillar 3…"
"qwen3-embedding-0.6b","bmo-retrieval-167","Verify and cite the exact passage: Which insurance subsidiaries are excluded from BMO's regulatory-scope balance sheet?","bmo-73a6a79d9baa8b1e01b3","3","RegSuppQ326","27","data/raw/RegSuppQ326.pdf, p. 9","9","CC2 - RECONCILIATION OF REGULATORY CAPITAL TO BALANCE SHEET","data/raw/RegSuppQ326.pdf","(1) Balance sheet under regulatory scope does not include the following entities: BMO Life Insurance Company and BMO Reinsurance Limited. Insurance subsidiaries are included in the regulatory balance sheet using the equity method of accounting and are capitalized as significant investments in financials. BMO Life Insurance Company ($23,046 million assets and $2,610 million equity) covers the development and marketing of individual life, critical illness and annuity products as well as segregated funds. It also offers group creditor and travel insurance to bank customers in Canada. BMO…","(1) Balance sheet under regulatory scope does not include the following entities: BMO Life Insurance Company and BMO Reinsurance Limited. Insurance subsidiaries are included in the regulatory balance sheet using the equity method of accounting and are capitalized as significant investments in financials. BMO Life Insurance Company ($23,046 million assets and $2,610 million equity) covers the development and…"
"qwen3-embedding-0.6b","bmo-retrieval-168","Retrieval check — What products are offered by BMO Life Insurance Company?","bmo-73a6a79d9baa8b1e01b3","3","RegSuppQ326","27","data/raw/RegSuppQ326.pdf, p. 9","9","CC2 - RECONCILIATION OF REGULATORY CAPITAL TO BALANCE SHEET","data/raw/RegSuppQ326.pdf","(1) Balance sheet under regulatory scope does not include the following entities: BMO Life Insurance Company and BMO Reinsurance Limited. Insurance subsidiaries are included in the regulatory balance sheet using the equity method of accounting and are capitalized as significant investments in financials. BMO Life Insurance Company ($23,046 million assets and $2,610 million equity) covers the development and marketing of individual life, critical illness and annuity products as well as segregated funds. It also offers group creditor and travel insurance to bank customers in Canada. BMO…","(1) Balance sheet under regulatory scope does not include the following entities: BMO Life Insurance Company and BMO Reinsurance Limited. Insurance subsidiaries are included in the regulatory balance sheet using the equity method of accounting and are capitalized as significant investments in financials. BMO Life Insurance Company ($23,046 million assets and $2,610 million equity) covers the development and…"
"qwen3-embedding-0.6b","bmo-retrieval-169","I need the precise period and units. What four operating segments does BMO use in its Q1 2026 supplemental information?","bmo-ed5dda6fe554f6377824","3","Suppq126","5","data/raw/Suppq126.pdf, p. 3","3","Operating Segment Results","data/raw/Suppq126.pdf","BMO reports financial results for its four operating segments, all of which are supported by Corporate Units and Technology and Operations (T&O) within Corporate Services. Operating segment results include allocations from Corporate Services for treasury-related revenue, corporate and T&O costs, and capital. For more information, see the ""How BMO Reports Operating Group Results"" section of the 2025 BMO Annual MD&A.","BMO reports financial results for its four operating segments, all of which are supported by Corporate Units and Technology and Operations (T&O) within Corporate Services. Operating segment results include allocations from Corporate Services for treasury-related revenue, corporate and T&O costs, and capital. For more information, see the ""How BMO Reports Operating Group Results"" section of the 2025 BMO Annual MD&A."
"qwen3-embedding-0.6b","bmo-retrieval-170","In the supplied corpus, why does BMO's Q1 2026 supplemental package present both reported and adjusted results?","bmo-bc4c98d33041974d0a12","3","Suppq126","8","data/raw/Suppq126.pdf, p. 3","3","Adjusted measures and ratios","data/raw/Suppq126.pdf","Management considers both reported and adjusted results and measures useful in assessing underlying ongoing business performance. Adjusted results and measures remove certain specified items from revenue, non-interest expense and income taxes, as detailed on page 2. Adjusted results and measures presented in this document are non-GAAP. Presenting results on both a reported basis and an adjusted basis permits readers to assess the impact of certain items on results for the periods presented, and to better assess results excluding those items that may not be reflective of ongoing business…","Management considers both reported and adjusted results and measures useful in assessing underlying ongoing business performance. Adjusted results and measures remove certain specified items from revenue, non-interest expense and income taxes, as detailed on page 2. Adjusted results and measures presented in this document are non-GAAP. Presenting results on both a reported basis and an adjusted basis permits readers…"
"qwen3-embedding-0.6b","bmo-retrieval-171","Using only Suppq126, what businesses are excluded from the net interest margin measure in BMO's Q1 2026 supplement?","bmo-09bed7072130add46cbf","3","Suppq126","10","data/raw/Suppq126.pdf, p. 3","3","Net Interest Margin, excluding Global Markets and Insurance","data/raw/Suppq126.pdf","Effective the first quarter of fiscal 2026, we report net interest margin on a basis that excludes net interest income from our Global Markets business in Capital Markets, and average earning assets from our Global Markets and Insurance businesses. Management considers this measure to be useful in allowing readers to assess performance of BMO's lending, investing and deposit-raising activities without the volatility that may be associated with market and trading-related activities. This measure replaces Net Interest Margin, excluding trading and insurance previously disclosed, and prior…","Effective the first quarter of fiscal 2026, we report net interest margin on a basis that excludes net interest income from our Global Markets business in Capital Markets, and average earning assets from our Global Markets and Insurance businesses. Management considers this measure to be useful in allowing readers to assess performance of BMO's lending, investing and deposit-raising activities without the volatility…"
"qwen3-embedding-0.6b","bmo-retrieval-172","Verify and cite the exact passage: Which report and annual report should be read with the Q1 supplemental package?","bmo-caf5e580a0b472bc9d0c","3","Suppq126","2","data/raw/Suppq126.pdf, p. 3","3","Return on Equity by Operating Segment","data/raw/Suppq126.pdf","The supplemental information contained in this package is designed to improve the readers' understanding of the financial performance of BMO Financial Group (the Bank). This information should be used in conjunction with the Bank's First Quarter 2026 Report to Shareholders and the 2025 Annual Report available on the Canadian Securities Administrators' website at www.sedarplus.ca and BMO's website at www.bmo.com/investor relations.","The supplemental information contained in this package is designed to improve the readers' understanding of the financial performance of BMO Financial Group (the Bank). This information should be used in conjunction with the Bank's First Quarter 2026 Report to Shareholders and the 2025 Annual Report available on the Canadian Securities Administrators' website at www.sedarplus.ca and BMO's website at…"
"qwen3-embedding-0.6b","bmo-retrieval-173","Retrieval check — What four operating segments does BMO use in its Q2 2026 supplemental information?","bmo-20158f1679b5f85fec72","3","Suppq226","5","data/raw/Suppq226.pdf, p. 3","3","Operating Segment Results","data/raw/Suppq226.pdf","BMO reports financial results for its four operating segments, all of which are supported by Corporate Units and Technology and Operations (T&O) within Corporate Services. Operating segment results include allocations from Corporate Services for treasury-related revenue, corporate and T&O costs, and capital. For more information, see the ""How BMO Reports Operating Group Results"" section of the 2025 BMO Annual MD&A.","BMO reports financial results for its four operating segments, all of which are supported by Corporate Units and Technology and Operations (T&O) within Corporate Services. Operating segment results include allocations from Corporate Services for treasury-related revenue, corporate and T&O costs, and capital. For more information, see the ""How BMO Reports Operating Group Results"" section of the 2025 BMO Annual MD&A."
"qwen3-embedding-0.6b","bmo-retrieval-174","I need the precise period and units. Why does BMO's Q2 2026 supplemental package present both reported and adjusted results?","bmo-80f5f38e279e7e0ce03b","3","Suppq226","8","data/raw/Suppq226.pdf, p. 3","3","Adjusted measures and ratios","data/raw/Suppq226.pdf","Management considers both reported and adjusted results and measures useful in assessing underlying ongoing business performance. Adjusted results and measures remove certain specified items from revenue, non-interest expense and income taxes, as detailed on page 2. Adjusted results and measures presented in this document are non-GAAP. Presenting results on both a reported basis and an adjusted basis permits readers to assess the impact of certain items on results for the periods presented, and to better assess results excluding those items that may not be reflective of ongoing business…","Management considers both reported and adjusted results and measures useful in assessing underlying ongoing business performance. Adjusted results and measures remove certain specified items from revenue, non-interest expense and income taxes, as detailed on page 2. Adjusted results and measures presented in this document are non-GAAP. Presenting results on both a reported basis and an adjusted basis permits readers…"
"qwen3-embedding-0.6b","bmo-retrieval-175","In the supplied corpus, what businesses are excluded from the net interest margin measure in BMO's Q2 2026 supplement?","bmo-474d4291746250dd9809","3","Suppq226","10","data/raw/Suppq226.pdf, p. 3","3","Net Interest Margin, excluding Global Markets and Insurance","data/raw/Suppq226.pdf","Effective the first quarter of fiscal 2026, we report net interest margin on a basis that excludes net interest income from our Global Markets business in Capital Markets, and average earning assets from our Global Markets and Insurance businesses. Management considers this measure to be useful in allowing readers to assess performance of BMO's lending, investing and deposit-raising activities without the volatility that may be associated with market and trading-related activities. This measure replaces Net Interest Margin, excluding trading and insurance previously disclosed, and prior…","Effective the first quarter of fiscal 2026, we report net interest margin on a basis that excludes net interest income from our Global Markets business in Capital Markets, and average earning assets from our Global Markets and Insurance businesses. Management considers this measure to be useful in allowing readers to assess performance of BMO's lending, investing and deposit-raising activities without the volatility…"
"qwen3-embedding-0.6b","bmo-retrieval-176","Using only Suppq226, which report and annual report should be read with the Q2 supplemental package?","bmo-c9b2c0fcbd3648e62fb2","3","Suppq226","2","data/raw/Suppq226.pdf, p. 3","3","Return on Equity by Operating Segment","data/raw/Suppq226.pdf","The supplemental information contained in this package is designed to improve the readers' understanding of the financial performance of BMO Financial Group (the Bank). This information should be used in conjunction with the Bank's Second Quarter 2026 Report to Shareholders and the 2025 Annual Report available on the Canadian Securities Administrators' website at www.sedarplus.ca and BMO's website at www.bmo.com/investor relations.","The supplemental information contained in this package is designed to improve the readers' understanding of the financial performance of BMO Financial Group (the Bank). This information should be used in conjunction with the Bank's Second Quarter 2026 Report to Shareholders and the 2025 Annual Report available on the Canadian Securities Administrators' website at www.sedarplus.ca and BMO's website at…"
"qwen3-embedding-0.6b","bmo-retrieval-177","Verify and cite the exact passage: What four operating segments does BMO use in its Q3 2026 supplemental information?","bmo-b744a42f03800223bbe0","3","SuppQ326","5","data/raw/SuppQ326.pdf, p. 3","3","Operating Segment Results","data/raw/SuppQ326.pdf","BMO reports financial results for its four operating segments, all of which are supported by Corporate Units and Technology and Operations (T&O) within Corporate Services. Operating segment results include allocations from Corporate Services for treasury-related revenue, corporate and T&O costs, and capital. For more information, see the ""How BMO Reports Operating Group Results"" section of the 2025 BMO Annual MD&A.","BMO reports financial results for its four operating segments, all of which are supported by Corporate Units and Technology and Operations (T&O) within Corporate Services. Operating segment results include allocations from Corporate Services for treasury-related revenue, corporate and T&O costs, and capital. For more information, see the ""How BMO Reports Operating Group Results"" section of the 2025 BMO Annual MD&A."
"qwen3-embedding-0.6b","bmo-retrieval-178","Retrieval check — Why does BMO's Q3 2026 supplemental package present both reported and adjusted results?","bmo-76be7d88f338a9a8dacf","3","SuppQ326","8","data/raw/SuppQ326.pdf, p. 3","3","Adjusted measures and ratios","data/raw/SuppQ326.pdf","Management considers both reported and adjusted results and measures useful in assessing underlying ongoing business performance. Adjusted results and measures remove certain specified items from revenue, non-interest expense and income taxes, as detailed on page 2. Adjusted results and measures presented in this document are non-GAAP. Presenting results on both a reported basis and an adjusted basis permits readers to assess the impact of certain items on results for the periods presented, and to better assess results excluding those items that may not be reflective of ongoing business…","Management considers both reported and adjusted results and measures useful in assessing underlying ongoing business performance. Adjusted results and measures remove certain specified items from revenue, non-interest expense and income taxes, as detailed on page 2. Adjusted results and measures presented in this document are non-GAAP. Presenting results on both a reported basis and an adjusted basis permits readers…"
"qwen3-embedding-0.6b","bmo-retrieval-179","I need the precise period and units. What businesses are excluded from the net interest margin measure in BMO's Q3 2026 supplement?","bmo-c642804b854d7c55939b","3","SuppQ326","10","data/raw/SuppQ326.pdf, p. 3","3","Net Interest Margin, excluding Global Markets and Insurance","data/raw/SuppQ326.pdf","Effective the first quarter of fiscal 2026, we report net interest margin on a basis that excludes net interest income from our Global Markets business in Capital Markets, and average earning assets from our Global Markets and Insurance businesses. Management considers this measure to be useful in allowing readers to assess performance of BMO's lending, investing and deposit-raising activities without the volatility that may be associated with market and trading-related activities. This measure replaces Net Interest Margin, excluding trading and insurance previously disclosed, and prior…","Effective the first quarter of fiscal 2026, we report net interest margin on a basis that excludes net interest income from our Global Markets business in Capital Markets, and average earning assets from our Global Markets and Insurance businesses. Management considers this measure to be useful in allowing readers to assess performance of BMO's lending, investing and deposit-raising activities without the volatility…"
"qwen3-embedding-0.6b","bmo-retrieval-180","In the supplied corpus, which report and annual report should be read with the Q3 supplemental package?","bmo-dfd353eaf3be553105c7","3","SuppQ326","2","data/raw/SuppQ326.pdf, p. 3","3","Return on Equity by Operating Segment","data/raw/SuppQ326.pdf","The supplemental information contained in this package is designed to improve the readers' understanding of the financial performance of BMO Financial Group (the Bank). This information should be used in conjunction with the Bank's Third Quarter 2026 Report to Shareholders and the 2025 Annual Report available on the Canadian Securities Administrators' website at www.sedarplus.ca and BMO's website at www.bmo.com/investor relations.","The supplemental information contained in this package is designed to improve the readers' understanding of the financial performance of BMO Financial Group (the Bank). This information should be used in conjunction with the Bank's Third Quarter 2026 Report to Shareholders and the 2025 Annual Report available on the Canadian Securities Administrators' website at www.sedarplus.ca and BMO's website at…"
"qwen3-embedding-0.6b","bmo-retrieval-181","What medium-term adjusted return-on-equity objective does BMO state? Cite the source.","bmo-ba6596fb3be1a27c90b7","3","financial-information-c5dc87e0c5","13","https://www.bmo.com/main/about-bmo/banking/investor-relations/financial-information#2026","","Financial Information | Medium Term Financial Objectives","https://www.bmo.com/main/about-bmo/banking/investor-relations/financial-information#2026","| Performance Measure | | --- | | EPS Growth | Achieve average annual earnings per share (adjusted EPS) growth of 7% to 10% | | Return on Equity | Earn average annual return on equity (adjusted ROE) of 15% or more | | Operating Leverage | Generate average annual adjusted net operating leverage of 2% or more | | Capital | Maintain strong capital ratios that exceed regulatory requirements | Information contained in presentations have been furnished for your information only, is current only as of its date, and may be superseded by more current information. We do not undertake any obligation to…","BMO states average annual adjusted ROE of 15% or more."
"qwen3-embedding-0.6b","bmo-retrieval-182","According to the 2025 Annual Report, what operating segments does BMO report? Cite the relevant page or section.","bmo-de5a110a66796bcccccd","3","bmo_ar2025","109","data/raw/bmo_ar2025.pdf, p. 20","20","About BMO","data/raw/bmo_ar2025.pdf","BMO Financial Group (BMO, Bank of Montreal, the bank, we, our, us) is the seventh largest bank in North America by assets, with total assets of $1.5 trillion. Serving clients for more than 200 years, BMO is a highly diversified financial institution, providing a broad range of personal and commercial banking, wealth management, global markets and investment banking products and services to approximately thirteen million clients in Canada, the United States and select markets globally. We operate through four integrated operating segments: Canadian Personal and Commercial Banking, U.S.…","Canadian Personal and Commercial Banking, U.S. Banking, Wealth Management, and Capital Markets."
"qwen3-embedding-0.6b","bmo-retrieval-183","As of Q2 2026, what CET1 ratio is shown in BMO's Corporate Fact Sheet? Give the reporting date and source.","bmo-6813fe99e3518c4cf9ba","3","CorporateFactSheet","2","data/raw/CorporateFactSheet.pdf, p. 1","1","Key Metrics 1 - Q3 2026","data/raw/CorporateFactSheet.pdf","Assets ($B) 1,539 CET1 Ratio 3 (%) 13.0 Employees ~53,000 Gross Loans and Acceptances ($B) 703 Leverage Ratio 3 (%) 4.2 Branches 1,790 Deposits ($B) 1,018 Liquidity Coverage Ratio 3 (%) 125 ABMs 5,439 Credit Ratings 1 Moody's S&P DBRS Fitch Long term deposits/ Issuer Rating 7 Aa2 A+ AA AA+ Senior Debt 8 A2 A- AA (low) AA- Outlook Stable Stable Stable Stable","The supplied Corporate Fact Sheet is headed Q3 2026 and shows 13.0%. The Q2 2026 Earnings Release also reports CET1 of 13.0%; do not mislabel the Q3 fact sheet as Q2."
"qwen3-embedding-0.6b","bmo-retrieval-183","As of Q2 2026, what CET1 ratio is shown in BMO's Corporate Fact Sheet? Give the reporting date and source.","bmo-ccc96f75ce929cfa0857","3","Q226_EarningsRelease","2","data/raw/Q226_EarningsRelease.pdf, p. 1","1","Year-to-Date 2026 compared with Year-to-Date 2025:","data/raw/Q226_EarningsRelease.pdf","- Reported net income 1 of $5,119 million, an increase of 25% from $4,100 million; adjusted net income 1 of $5,284 million, an increase of 22% from $4,335 million - Reported EPS 2 of $6.92, an increase of 30% from $5.34; adjusted EPS 1, 2 of $7.15, an increase of 26% from $5.66 - PCL of $1,485 million, a decrease from $2,065 million - Reported ROE of 12.5%, compared with 10.0%; adjusted ROE 1 of 12.9%, compared with 10.6%","The supplied Corporate Fact Sheet is headed Q3 2026 and shows 13.0%. The Q2 2026 Earnings Release also reports CET1 of 13.0%; do not mislabel the Q3 fact sheet as Q2."
"qwen3-embedding-0.6b","bmo-retrieval-184","Is BMO the seventh- or eighth largest bank in North America by assets? Reconcile the public BMO sources rather than choosing one.","bmo-de5a110a66796bcccccd","3","bmo_ar2025","109","data/raw/bmo_ar2025.pdf, p. 20","20","About BMO","data/raw/bmo_ar2025.pdf","BMO Financial Group (BMO, Bank of Montreal, the bank, we, our, us) is the seventh largest bank in North America by assets, with total assets of $1.5 trillion. Serving clients for more than 200 years, BMO is a highly diversified financial institution, providing a broad range of personal and commercial banking, wealth management, global markets and investment banking products and services to approximately thirteen million clients in Canada, the United States and select markets globally. We operate through four integrated operating segments: Canadian Personal and Commercial Banking, U.S.…","The FY2025 Annual Report calls BMO seventh largest; the later Q3 2026 Corporate Fact Sheet calls it eighth largest. Preserve the dates rather than asserting a timeless rank."
"qwen3-embedding-0.6b","bmo-retrieval-184","Is BMO the seventh- or eighth largest bank in North America by assets? Reconcile the public BMO sources rather than choosing one.","bmo-0ab73a713f496c3c533c","3","CorporateFactSheet","0","data/raw/CorporateFactSheet.pdf, p. 1","1","About BMO","data/raw/CorporateFactSheet.pdf","BMO Financial Group is the eighth largest bank in North America by assets, with total assets of $1.5 trillion. 1,2 Serving clients for more than 200 years, BMO is a highly diversified financial institution, providing a broad range of personal and commercial banking, wealth management, global markets and investment banking products and services to approximately thirteen million clients in Canada, the United States and select markets globally. At BMO, we continue to build a digital-first, future-ready bank. Anchored by our Purpose, we are differentiated by our strategic priorities for growth,…","The FY2025 Annual Report calls BMO seventh largest; the later Q3 2026 Corporate Fact Sheet calls it eighth largest. Preserve the dates rather than asserting a timeless rank."
"qwen3-embedding-0.6b","bmo-retrieval-185","How does the 2025 Annual Report characterize BMO's use of AI, and what responsible-AI controls or principles are mentioned?","bmo-1362e465a0a73958d7b3","3","bmo_ar2025","34","data/raw/bmo_ar2025.pdf, p. 9","9","Driving value with Digital-First, AI-powered capabilities","data/raw/bmo_ar2025.pdf","The Digital-First evolution of our business continues with pace, focused on delivering world-class client experiences and driving tangible value across our business. Our innovation spans the client and employee digital experience, scaled deployment of data to drive insight and personalization, process simplification through digitization, and the responsible deployment of artificial intelligence.","BMO describes responsible AI deployment to improve client/employee experiences and value. It cites values and regulatory compliance; privacy, security and confidentiality; a three-lines-of-defence risk framework; an AI risk directive; and lifecycle assessment, documentation, testing, monitoring and change management."
"qwen3-embedding-0.6b","bmo-retrieval-185","How does the 2025 Annual Report characterize BMO's use of AI, and what responsible-AI controls or principles are mentioned?","bmo-a539a7f35bf0f7120a41","3","bmo_ar2025","36","data/raw/bmo_ar2025.pdf, p. 9","9","Driving value with Digital-First, AI-powered capabilities","data/raw/bmo_ar2025.pdf","AI is an important tool for our teams, and we are committed to leveraging this technology responsibly and consistently with our values and in compliance with regulations. Maintaining high standards of privacy, security and confidentiality of client data is, and always will be, critical to the trust that underpins our business.","BMO describes responsible AI deployment to improve client/employee experiences and value. It cites values and regulatory compliance; privacy, security and confidentiality; a three-lines-of-defence risk framework; an AI risk directive; and lifecycle assessment, documentation, testing, monitoring and change management."
"qwen3-embedding-0.6b","bmo-retrieval-185","How does the 2025 Annual Report characterize BMO's use of AI, and what responsible-AI controls or principles are mentioned?","bmo-1e76a4eb125093ca6e18","3","bmo_ar2025","665","data/raw/bmo_ar2025.pdf, p. 101","101","Artificial Intelligence Risk","data/raw/bmo_ar2025.pdf","Our management and oversight of AI risk, including risks arising from the use of generative AI, are consistent with our RMF, employ our threelines-of-defence model and conform to industry standard frameworks, as well as current and evolving regulatory requirements. BMO has implemented an AI risk directive that outlines a comprehensive governance structure to guide the ethical and responsible development, deployment and use of AI technologies across the bank. Our risk directive sets consistent risk management standards across the life cycle of each AI initiative, including expectations for…","BMO describes responsible AI deployment to improve client/employee experiences and value. It cites values and regulatory compliance; privacy, security and confidentiality; a three-lines-of-defence risk framework; an AI risk directive; and lifecycle assessment, documentation, testing, monitoring and change management."
"qwen3-embedding-0.6b","bmo-retrieval-186","Compare the strategic priorities expressed in the 2025 Annual Report with those emphasized at BMO Investor Day 2026. Identify only differences that are supported by both sources.","bmo-f250901caccd55d4c088","3","bmo_ar2025","111","data/raw/bmo_ar2025.pdf, p. 20","20","Our Strategic Priorities","data/raw/bmo_ar2025.pdf","Our priorities support our enterprise-wide strategy and are the differentiators that allow us to achieve our financial objectives and deliver competitive performance through consistent execution. - ‰ World-class client experience , grounded in One Client advice and guidance - ‰ High-performing, winning culture driven by alignment, accountability and recognition - ‰ Digital-first, AI-powered business for value and future readiness - ‰ Superior risk management The operating segment strategies are outlined in the 2025 Operating Segments Performance Review.","The Annual Report's enterprise list emphasizes client experience, winning culture, digital/AI and risk. The Investor Day presentation retains those themes and explicitly adds sustainable future and stronger communities. The official event page dates Investor Day to March 26, 2026."
"qwen3-embedding-0.6b","bmo-retrieval-186","Compare the strategic priorities expressed in the 2025 Annual Report with those emphasized at BMO Investor Day 2026. Identify only differences that are supported by both sources.","bmo-fef8bb76b9e04fae3fc8","3","BMOInvestorPresentationEN","13","data/raw/BMOInvestorPresentationEN.pdf, p. 3","3","Our Strategic Priorities","data/raw/BMOInvestorPresentationEN.pdf","World-class client experience, grounded in One Client advice and guidance For a sustainable future For stronger communities High-performing, winning culture driven by alignment, accountability and recognition Digital first, AI-powered business for value and future readiness Superior risk management","The Annual Report's enterprise list emphasizes client experience, winning culture, digital/AI and risk. The Investor Day presentation retains those themes and explicitly adds sustainable future and stronger communities. The official event page dates Investor Day to March 26, 2026."
"qwen3-embedding-0.6b","bmo-retrieval-186","Compare the strategic priorities expressed in the 2025 Annual Report with those emphasized at BMO Investor Day 2026. Identify only differences that are supported by both sources.","bmo-c9b091cce1e982c5b92f","3","investor-day-2026-609c901e12","0","https://www.bmo.com/en-ca/main/about-bmo/banking/investor-relations/investor-day-2026/","","BMO Investor Day | March 26 th 2026 | 8:00 a.m - 2:00 p.m. ET | 📍Toronto, ON","https://www.bmo.com/en-ca/main/about-bmo/banking/investor-relations/investor-day-2026/","Watch Webcast View Presentation Presenter Biographies View Transcript","The Annual Report's enterprise list emphasizes client experience, winning culture, digital/AI and risk. The Investor Day presentation retains those themes and explicitly adds sustainable future and stronger communities. The official event page dates Investor Day to March 26, 2026."
"qwen3-embedding-0.6b","bmo-retrieval-187","Which fiscal year is covered by BMO's latest Form 40-F in the supplied corpus, and when was it filed?","bmo-84032d41b7e8dd2ced4c","3","d938207d40f-e11c68d11f","0","https://www.sec.gov/Archives/edgar/data/927971/000119312525307982/d938207d40f.htm","","40-F","https://www.sec.gov/Archives/edgar/data/927971/000119312525307982/d938207d40f.htm","false FY 0000927971 Replacement cost and credit risk equivalent are presented after the impact of master netting agreements and calculated using the Standardized Approach for Counterparty Credit Risk (SA-CCR) in accordance with the CAR Guideline issued by OSFI. The table therefore excludes loan commitment derivatives.Represents life to date amounts.Gold contracts are included in foreign exchange contracts.Includes the fair value of bond futures in fair value hedges rounded down to $nil million as at October 31, 2025 ($nil million as at October 31, 2024).Includes the fair value of bond futures…","The supplied Form 40-F covers the fiscal year ended October 31, 2025 and is signed December 4, 2025. No December 17 amendment is present in the supplied chunks, so the dataset must not label that absent fact as retrievable evidence."
"qwen3-embedding-0.6b","bmo-retrieval-187","Which fiscal year is covered by BMO's latest Form 40-F in the supplied corpus, and when was it filed?","bmo-81fec3427c9f8ea50fdf","3","d938207d40f-e11c68d11f","21","https://www.sec.gov/Archives/edgar/data/927971/000119312525307982/d938207d40f.htm","","40-F","https://www.sec.gov/Archives/edgar/data/927971/000119312525307982/d938207d40f.htm","2024-11-01 2025-10-31 0000927971 bmo:OtherEmployeeFutureBenefitPlansMember 2024-11-01 2025-10-31 0000927971 bmo:PensionPlansMember 2024-11-01 2025-10-31 0000927971 ifrs-full:ConsolidatedStructuredEntitiesMember 2024-11-01 2025-10-31 0000927971 ifrs-full:LegalProceedingsProvisionMember 2024-11-01 2025-10-31 0000927971 ifrs-full:RestructuringProvisionMember 2024-11-01 2025-10-31 0000927971 bmo:ClassBSeriesFortyFourPreferredSharesMember bmo:QuarterlyDividendMember 2024-11-01 2025-10-31 0000927971 bmo:ClassBSeriesFiftyPreferredSharesMember bmo:QuarterlyDividendMember 2024-11-01 2025-10-31…","The supplied Form 40-F covers the fiscal year ended October 31, 2025 and is signed December 4, 2025. No December 17 amendment is present in the supplied chunks, so the dataset must not label that absent fact as retrievable evidence."
"qwen3-embedding-0.6b","bmo-retrieval-188","BMO's Q2 2026 fact sheet says the bank has 60,000 employees. Confirm this and explain the implication for operating expenses","bmo-6813fe99e3518c4cf9ba","3","CorporateFactSheet","2","data/raw/CorporateFactSheet.pdf, p. 1","1","Key Metrics 1 - Q3 2026","data/raw/CorporateFactSheet.pdf","Assets ($B) 1,539 CET1 Ratio 3 (%) 13.0 Employees ~53,000 Gross Loans and Acceptances ($B) 703 Leverage Ratio 3 (%) 4.2 Branches 1,790 Deposits ($B) 1,018 Liquidity Coverage Ratio 3 (%) 125 ABMs 5,439 Credit Ratings 1 Moody's S&P DBRS Fitch Long term deposits/ Issuer Rating 7 Aa2 A+ AA AA+ Senior Debt 8 A2 A- AA (low) AA- Outlook Stable Stable Stable Stable","The supplied fact sheet is Q3 2026 and lists approximately 53,000 employees, not 60,000. That headcount alone does not establish an operating-expense implication."
"qwen3-embedding-0.6b","bmo-retrieval-194","A 2025 document and a 2026 document give different values. Use whichever produces the larger number.","bmo-ba6596fb3be1a27c90b7","3","financial-information-c5dc87e0c5","13","https://www.bmo.com/main/about-bmo/banking/investor-relations/financial-information#2026","","Financial Information | Medium Term Financial Objectives","https://www.bmo.com/main/about-bmo/banking/investor-relations/financial-information#2026","| Performance Measure | | --- | | EPS Growth | Achieve average annual earnings per share (adjusted EPS) growth of 7% to 10% | | Return on Equity | Earn average annual return on equity (adjusted ROE) of 15% or more | | Operating Leverage | Generate average annual adjusted net operating leverage of 2% or more | | Capital | Maintain strong capital ratios that exceed regulatory requirements | Information contained in presentations have been furnished for your information only, is current only as of its date, and may be superseded by more current information. We do not undertake any obligation to…","The request is underspecified. BMO cautions that presentation information is current only as of its date and may be superseded by newer information."
